cxr_file,pred_mask_file,ref_mask_file,dataset,has_tb,dice,jaccard,hausdorff,mean_surface_distance,volume_similarity,false_negative,false_positive,quality,split
/head/NFS/mkuyokwa/lungcxr/lung_cxr_segmentation/normal_dataset/img/00002378_person56_bacteria_269.png,/head/NFS/mkuyokwa/lungcxr/lung_cxr_segmentation/normal-results/segments/normal_full/00002378_person56_bacteria_269.nrrd,/head/NFS/mkuyokwa/lungcxr/lung_cxr_segmentation/normal-results/segments/normal_ref_fixed/00002378_person56_bacteria_269_ref.nrrd,normal,0,0.9536755146707916,0.911452926929005,34.713109915419565,3.865912861510093,-0.0497528812239099,0.0694726926288295,0.0115868330903358,excellent,train
/head/NFS/mkuyokwa/lungcxr/lung_cxr_segmentation/normal_dataset/img/00005955_NORMAL2-IM-0281-0001.png,/head/NFS/mkuyokwa/lungcxr/lung_cxr_segmentation/normal-results/segments/normal_full/00005955_NORMAL2-IM-0281-0001.nrrd,/head/NFS/mkuyokwa/lungcxr/lung_cxr_segmentation/normal-results/segments/normal_ref_fixed/00005955_NORMAL2-IM-0281-0001_ref.nrrd,normal,0,0.9809919054097704,0.962692946815357,13.152946437965904,1.6817229264771842,0.012352325114763,0.0129116766467065,0.0160203725841801,excellent,train
/head/NFS/mkuyokwa/lungcxr/lung_cxr_segmentation/normal_dataset/img/00003312_person20_bacteria_66.png,/head/NFS/mkuyokwa/lungcxr/lung_cxr_segmentation/normal-results/segments/normal_full/00003312_person20_bacteria_66.nrrd,/head/NFS/mkuyokwa/lungcxr/lung_cxr_segmentation/normal-results/segments/normal_ref_fixed/00003312_person20_bacteria_66_ref.nrrd,normal,0,0.9399960909505506,0.8867854947756607,31.32091952673165,3.7173881843675423,-0.0744394702307269,0.0937348575940848,0.0059295718015918,excellent,train
/head/NFS/mkuyokwa/lungcxr/lung_cxr_segmentation/normal_dataset/img/00005344_IM-0583-0001.png,/head/NFS/mkuyokwa/lungcxr/lung_cxr_segmentation/normal-results/segments/normal_full/00005344_IM-0583-0001.nrrd,/head/NFS/mkuyokwa/lungcxr/lung_cxr_segmentation/normal-results/segments/normal_ref_fixed/00005344_IM-0583-0001_ref.nrrd,normal,0,0.957333598383196,0.918159055378319,28.0713376952364,3.2993226436151044,-0.0479342676340986,0.0650739005513421,0.0076320600612295,excellent,train
/head/NFS/mkuyokwa/lungcxr/lung_cxr_segmentation/normal_dataset/img/00002248_person614_bacteria_2480.png,/head/NFS/mkuyokwa/lungcxr/lung_cxr_segmentation/normal-results/segments/normal_full/00002248_person614_bacteria_2480.nrrd,/head/NFS/mkuyokwa/lungcxr/lung_cxr_segmentation/normal-results/segments/normal_ref_fixed/00002248_person614_bacteria_2480_ref.nrrd,normal,0,0.9549212331092553,0.9137313505567424,35.11409973215888,4.439777130467709,0.023392408501392,0.0337776327315824,0.0459075123879593,excellent,train
/head/NFS/mkuyokwa/lungcxr/lung_cxr_segmentation/normal_dataset/img/00003723_person1740_bacteria_4579.png,/head/NFS/mkuyokwa/lungcxr/lung_cxr_segmentation/normal-results/segments/normal_full/00003723_person1740_bacteria_4579.nrrd,/head/NFS/mkuyokwa/lungcxr/lung_cxr_segmentation/normal-results/segments/normal_ref_fixed/00003723_person1740_bacteria_4579_ref.nrrd,normal,0,0.9600313433795882,0.9231348822563596,30.80584360149873,3.512784036843017,-0.0454595956937938,0.0613050041167322,0.0084375143105737,excellent,train
/head/NFS/mkuyokwa/lungcxr/lung_cxr_segmentation/normal_dataset/img/00006021_NORMAL2-IM-0369-0001.png,/head/NFS/mkuyokwa/lungcxr/lung_cxr_segmentation/normal-results/segments/normal_full/00006021_NORMAL2-IM-0369-0001.nrrd,/head/NFS/mkuyokwa/lungcxr/lung_cxr_segmentation/normal-results/segments/normal_ref_fixed/00006021_NORMAL2-IM-0369-0001_ref.nrrd,normal,0,0.971906495642342,0.9453483477162704,11.31370849898476,2.353690035964459,0.0131027282022429,0.0216842013548541,0.01879924380306,excellent,train
/head/NFS/mkuyokwa/lungcxr/lung_cxr_segmentation/normal_dataset/img/00003009_person341_bacteria_1577.png,/head/NFS/mkuyokwa/lungcxr/lung_cxr_segmentation/normal-results/segments/normal_full/00003009_person341_bacteria_1577.nrrd,/head/NFS/mkuyokwa/lungcxr/lung_cxr_segmentation/normal-results/segments/normal_ref_fixed/00003009_person341_bacteria_1577_ref.nrrd,normal,0,0.951216054997106,0.9069704580522362,17.46424919657298,5.088769520328386,-0.0420510518669013,0.0683719154548294,0.0133746905324265,excellent,train
/head/NFS/mkuyokwa/lungcxr/lung_cxr_segmentation/normal_dataset/img/00004453_NORMAL2-IM-1335-0001.png,/head/NFS/mkuyokwa/lungcxr/lung_cxr_segmentation/normal-results/segments/normal_full/00004453_NORMAL2-IM-1335-0001.nrrd,/head/NFS/mkuyokwa/lungcxr/lung_cxr_segmentation/normal-results/segments/normal_ref_fixed/00004453_NORMAL2-IM-1335-0001_ref.nrrd,normal,0,0.955259805722056,0.914351540176234,26.92582403567252,3.3946958915787984,-0.0264611873930338,0.0572138152313079,0.0102170618851898,excellent,train
/head/NFS/mkuyokwa/lungcxr/lung_cxr_segmentation/normal_dataset/img/00002126_person834_bacteria_2748.png,/head/NFS/mkuyokwa/lungcxr/lung_cxr_segmentation/normal-results/segments/normal_full/00002126_person834_bacteria_2748.nrrd,/head/NFS/mkuyokwa/lungcxr/lung_cxr_segmentation/normal-results/segments/normal_ref_fixed/00002126_person834_bacteria_2748_ref.nrrd,normal,0,0.9490547872883198,0.9030487753396206,36.68787265568828,4.681732999988878,0.0537624390525246,0.0247287316494939,0.0575245615645946,excellent,train
/head/NFS/mkuyokwa/lungcxr/lung_cxr_segmentation/normal_dataset/img/00006816_b343e657.png,/head/NFS/mkuyokwa/lungcxr/lung_cxr_segmentation/normal-results/segments/normal_full/00006816_b343e657.nrrd,/head/NFS/mkuyokwa/lungcxr/lung_cxr_segmentation/normal-results/segments/normal_ref_fixed/00006816_b343e657_ref.nrrd,normal,0,0.9764409016917216,0.9539663154824832,16.0312195418814,2.262280850631432,0.0043937181956837,0.0214092723652104,0.0177921266134385,excellent,train
/head/NFS/mkuyokwa/lungcxr/lung_cxr_segmentation/normal_dataset/img/00002754_person512_bacteria_2154.png,/head/NFS/mkuyokwa/lungcxr/lung_cxr_segmentation/normal-results/segments/normal_full/00002754_person512_bacteria_2154.nrrd,/head/NFS/mkuyokwa/lungcxr/lung_cxr_segmentation/normal-results/segments/normal_ref_fixed/00002754_person512_bacteria_2154_ref.nrrd,normal,0,0.96154073257622,0.9259301377911716,16.15549442140351,3.3619394684242203,0.038872596295786,0.0194000341231846,0.0362019630165225,excellent,train
/head/NFS/mkuyokwa/lungcxr/lung_cxr_segmentation/normal_dataset/img/00006194_person132_bacteria_632.png,/head/NFS/mkuyokwa/lungcxr/lung_cxr_segmentation/normal-results/segments/normal_full/00006194_person132_bacteria_632.nrrd,/head/NFS/mkuyokwa/lungcxr/lung_cxr_segmentation/normal-results/segments/normal_ref_fixed/00006194_person132_bacteria_632_ref.nrrd,normal,0,0.9624462782682724,0.9276110317082208,16.1245154965971,3.647180722875088,0.0330545982140813,0.021379772519965,0.0381885641151603,excellent,train
/head/NFS/mkuyokwa/lungcxr/lung_cxr_segmentation/normal_dataset/img/00002413_person534_bacteria_2251.png,/head/NFS/mkuyokwa/lungcxr/lung_cxr_segmentation/normal-results/segments/normal_full/00002413_person534_bacteria_2251.nrrd,/head/NFS/mkuyokwa/lungcxr/lung_cxr_segmentation/normal-results/segments/normal_ref_fixed/00002413_person534_bacteria_2251_ref.nrrd,normal,0,0.9646649087019254,0.9317417296195912,38.2099463490856,3.451540891334224,0.0105676899348226,0.0302108759153295,0.0251695646812184,excellent,train
/head/NFS/mkuyokwa/lungcxr/lung_cxr_segmentation/normal_dataset/img/00000942_person280_virus_577.png,/head/NFS/mkuyokwa/lungcxr/lung_cxr_segmentation/normal-results/segments/normal_full/00000942_person280_virus_577.nrrd,/head/NFS/mkuyokwa/lungcxr/lung_cxr_segmentation/normal-results/segments/normal_ref_fixed/00000942_person280_virus_577_ref.nrrd,normal,0,0.9626229910817076,0.9279393921458376,37.65634076752546,3.34770841823835,0.0096090380217047,0.0327297405682203,0.0249980290248828,excellent,train
/head/NFS/mkuyokwa/lungcxr/lung_cxr_segmentation/normal_dataset/img/00002517_person576_bacteria_2375.png,/head/NFS/mkuyokwa/lungcxr/lung_cxr_segmentation/normal-results/segments/normal_full/00002517_person576_bacteria_2375.nrrd,/head/NFS/mkuyokwa/lungcxr/lung_cxr_segmentation/normal-results/segments/normal_ref_fixed/00002517_person576_bacteria_2375_ref.nrrd,normal,0,0.9768809773895738,0.954806777902654,12.649110640673518,1.916614142549776,-0.003029465420974,0.0245964982005254,0.0113894685303272,excellent,train
/head/NFS/mkuyokwa/lungcxr/lung_cxr_segmentation/normal_dataset/img/00004726_NORMAL2-IM-1038-0001.png,/head/NFS/mkuyokwa/lungcxr/lung_cxr_segmentation/normal-results/segments/normal_full/00004726_NORMAL2-IM-1038-0001.nrrd,/head/NFS/mkuyokwa/lungcxr/lung_cxr_segmentation/normal-results/segments/normal_ref_fixed/00004726_NORMAL2-IM-1038-0001_ref.nrrd,normal,0,0.9771685420015478,0.955356363318879,8.246211251235321,2.21142786218788,0.0092476831180171,0.0182921966585589,0.0170984007711891,excellent,train
/head/NFS/mkuyokwa/lungcxr/lung_cxr_segmentation/normal_dataset/img/00006421_person1673_virus_2889.png,/head/NFS/mkuyokwa/lungcxr/lung_cxr_segmentation/normal-results/segments/normal_full/00006421_person1673_virus_2889.nrrd,/head/NFS/mkuyokwa/lungcxr/lung_cxr_segmentation/normal-results/segments/normal_ref_fixed/00006421_person1673_virus_2889_ref.nrrd,normal,0,0.9638329472472996,0.930190691439921,18.0,3.4262704103610524,-0.0027879297847211,0.0375087317897891,0.0209956723206033,excellent,train
/head/NFS/mkuyokwa/lungcxr/lung_cxr_segmentation/normal_dataset/img/00002468_person552_bacteria_2315.png,/head/NFS/mkuyokwa/lungcxr/lung_cxr_segmentation/normal-results/segments/normal_full/00002468_person552_bacteria_2315.nrrd,/head/NFS/mkuyokwa/lungcxr/lung_cxr_segmentation/normal-results/segments/normal_ref_fixed/00002468_person552_bacteria_2315_ref.nrrd,normal,0,0.9430406624907104,0.8922203806940887,41.72529209005013,4.5621318323302456,0.0868191952436564,0.0141646203576531,0.0397920689455601,excellent,train
/head/NFS/mkuyokwa/lungcxr/lung_cxr_segmentation/normal_dataset/img/00004449_NORMAL2-IM-1330-0001.png,/head/NFS/mkuyokwa/lungcxr/lung_cxr_segmentation/normal-results/segments/normal_full/00004449_NORMAL2-IM-1330-0001.nrrd,/head/NFS/mkuyokwa/lungcxr/lung_cxr_segmentation/normal-results/segments/normal_ref_fixed/00004449_NORMAL2-IM-1330-0001_ref.nrrd,normal,0,0.9787378352681844,0.9583610056925996,19.235384061671343,1.844696247861016,0.0118089493668586,0.0154489077329824,0.0124564745344788,excellent,train
/head/NFS/mkuyokwa/lungcxr/lung_cxr_segmentation/normal_dataset/img/00003495_person1903_bacteria_4797.png,/head/NFS/mkuyokwa/lungcxr/lung_cxr_segmentation/normal-results/segments/normal_full/00003495_person1903_bacteria_4797.nrrd,/head/NFS/mkuyokwa/lungcxr/lung_cxr_segmentation/normal-results/segments/normal_ref_fixed/00003495_person1903_bacteria_4797_ref.nrrd,normal,0,0.9609777515937372,0.9248865970558028,15.0,3.190859075237884,-0.0032124853409514,0.0405633365147714,0.019565444843581,excellent,train
/head/NFS/mkuyokwa/lungcxr/lung_cxr_segmentation/normal_dataset/img/00004859_NORMAL2-IM-0841-0001.png,/head/NFS/mkuyokwa/lungcxr/lung_cxr_segmentation/normal-results/segments/normal_full/00004859_NORMAL2-IM-0841-0001.nrrd,/head/NFS/mkuyokwa/lungcxr/lung_cxr_segmentation/normal-results/segments/normal_ref_fixed/00004859_NORMAL2-IM-0841-0001_ref.nrrd,normal,0,0.9710897522674968,0.9438041407475238,30.80584360149873,2.6132955007879506,-0.0083064843644239,0.0329267372008498,0.0134928551613417,excellent,train
/head/NFS/mkuyokwa/lungcxr/lung_cxr_segmentation/normal_dataset/img/00004347_person1055_bacteria_2989.png,/head/NFS/mkuyokwa/lungcxr/lung_cxr_segmentation/normal-results/segments/normal_full/00004347_person1055_bacteria_2989.nrrd,/head/NFS/mkuyokwa/lungcxr/lung_cxr_segmentation/normal-results/segments/normal_ref_fixed/00004347_person1055_bacteria_2989_ref.nrrd,normal,0,0.9316080761740548,0.8719722186198648,23.345235059857504,5.105178144828424,-0.0089136576016257,0.0725255188057505,0.0210921390770855,excellent,train
/head/NFS/mkuyokwa/lungcxr/lung_cxr_segmentation/normal_dataset/img/00006143_person113_bacteria_543.png,/head/NFS/mkuyokwa/lungcxr/lung_cxr_segmentation/normal-results/segments/normal_full/00006143_person113_bacteria_543.nrrd,/head/NFS/mkuyokwa/lungcxr/lung_cxr_segmentation/normal-results/segments/normal_ref_fixed/00006143_person113_bacteria_543_ref.nrrd,normal,0,0.9556567322127334,0.9150791331642896,20.615528128088304,4.084658957553023,0.0157409002534885,0.036762152347122,0.0328703961923885,excellent,train
/head/NFS/mkuyokwa/lungcxr/lung_cxr_segmentation/normal_dataset/img/00005880_NORMAL2-IM-0051-0001.png,/head/NFS/mkuyokwa/lungcxr/lung_cxr_segmentation/normal-results/segments/normal_full/00005880_NORMAL2-IM-0051-0001.nrrd,/head/NFS/mkuyokwa/lungcxr/lung_cxr_segmentation/normal-results/segments/normal_ref_fixed/00005880_NORMAL2-IM-0051-0001_ref.nrrd,normal,0,0.9713491773308958,0.944294366878039,23.53720459187964,2.158003557211357,-0.0321170018281535,0.0440027060872569,0.0044687576230984,excellent,train
/head/NFS/mkuyokwa/lungcxr/lung_cxr_segmentation/normal_dataset/img/00004765_NORMAL2-IM-1015-0001.png,/head/NFS/mkuyokwa/lungcxr/lung_cxr_segmentation/normal-results/segments/normal_full/00004765_NORMAL2-IM-1015-0001.nrrd,/head/NFS/mkuyokwa/lungcxr/lung_cxr_segmentation/normal-results/segments/normal_ref_fixed/00004765_NORMAL2-IM-1015-0001_ref.nrrd,normal,0,0.9665471442192768,0.9352600254697612,44.9221548904324,3.003673914697459,-0.0075742314975222,0.0370994715365576,0.0117876829652239,excellent,train
/head/NFS/mkuyokwa/lungcxr/lung_cxr_segmentation/normal_dataset/img/00002877_person437_bacteria_1885.png,/head/NFS/mkuyokwa/lungcxr/lung_cxr_segmentation/normal-results/segments/normal_full/00002877_person437_bacteria_1885.nrrd,/head/NFS/mkuyokwa/lungcxr/lung_cxr_segmentation/normal-results/segments/normal_ref_fixed/00002877_person437_bacteria_1885_ref.nrrd,normal,0,0.9576596839811884,0.9187591319876616,21.840329667841555,3.111608683862854,0.0405423508922842,0.0225257642927053,0.0230448232192164,excellent,train
/head/NFS/mkuyokwa/lungcxr/lung_cxr_segmentation/normal_dataset/img/00002360_person5_bacteria_19.png,/head/NFS/mkuyokwa/lungcxr/lung_cxr_segmentation/normal-results/segments/normal_full/00002360_person5_bacteria_19.nrrd,/head/NFS/mkuyokwa/lungcxr/lung_cxr_segmentation/normal-results/segments/normal_ref_fixed/00002360_person5_bacteria_19_ref.nrrd,normal,0,0.9539861069984418,0.912020493591112,25.55386467836128,4.133405799765075,0.0174657650616738,0.0376094493741552,0.0352345009435023,excellent,train
/head/NFS/mkuyokwa/lungcxr/lung_cxr_segmentation/normal_dataset/img/00005545_IM-0419-0001.png,/head/NFS/mkuyokwa/lungcxr/lung_cxr_segmentation/normal-results/segments/normal_full/00005545_IM-0419-0001.nrrd,/head/NFS/mkuyokwa/lungcxr/lung_cxr_segmentation/normal-results/segments/normal_ref_fixed/00005545_IM-0419-0001_ref.nrrd,normal,0,0.9496222623559636,0.9040769128313172,28.30194339616981,4.263279006232018,-0.0191794063032584,0.059397833207357,0.0175472193648639,excellent,train
/head/NFS/mkuyokwa/lungcxr/lung_cxr_segmentation/normal_dataset/img/00006521_02b76460.png,/head/NFS/mkuyokwa/lungcxr/lung_cxr_segmentation/normal-results/segments/normal_full/00006521_02b76460.nrrd,/head/NFS/mkuyokwa/lungcxr/lung_cxr_segmentation/normal-results/segments/normal_ref_fixed/00006521_02b76460_ref.nrrd,normal,0,0.9657851948647866,0.9338342383703546,15.0,3.1360643439681244,-0.0122295484244231,0.0400844718526303,0.017466301261145,excellent,train
/head/NFS/mkuyokwa/lungcxr/lung_cxr_segmentation/normal_dataset/img/00002837_person415_bacteria_1839.png,/head/NFS/mkuyokwa/lungcxr/lung_cxr_segmentation/normal-results/segments/normal_full/00002837_person415_bacteria_1839.nrrd,/head/NFS/mkuyokwa/lungcxr/lung_cxr_segmentation/normal-results/segments/normal_ref_fixed/00002837_person415_bacteria_1839_ref.nrrd,normal,0,0.9381036572655048,0.8834230042169551,41.19465984809196,4.33194436282688,-0.0584452182237903,0.0885318210459987,0.0108240830733029,excellent,train
/head/NFS/mkuyokwa/lungcxr/lung_cxr_segmentation/normal_dataset/img/00004174_person1328_bacteria_3376.png,/head/NFS/mkuyokwa/lungcxr/lung_cxr_segmentation/normal-results/segments/normal_full/00004174_person1328_bacteria_3376.nrrd,/head/NFS/mkuyokwa/lungcxr/lung_cxr_segmentation/normal-results/segments/normal_ref_fixed/00004174_person1328_bacteria_3376_ref.nrrd,normal,0,0.9612130181045696,0.9253225491435072,19.6468827043885,2.959368375782756,-0.0544449881252163,0.0642601542894321,0.0055034304148302,excellent,train
/head/NFS/mkuyokwa/lungcxr/lung_cxr_segmentation/normal_dataset/img/00005191_NORMAL2-IM-0389-0001.png,/head/NFS/mkuyokwa/lungcxr/lung_cxr_segmentation/normal-results/segments/normal_full/00005191_NORMAL2-IM-0389-0001.nrrd,/head/NFS/mkuyokwa/lungcxr/lung_cxr_segmentation/normal-results/segments/normal_ref_fixed/00005191_NORMAL2-IM-0389-0001_ref.nrrd,normal,0,0.9668950200368012,0.9359116825390232,26.019223662515376,2.9142327070763816,-0.000418439221703,0.0333072310481319,0.0181504963858845,excellent,train
/head/NFS/mkuyokwa/lungcxr/lung_cxr_segmentation/normal_dataset/img/00003894_person1468_bacteria_3822.png,/head/NFS/mkuyokwa/lungcxr/lung_cxr_segmentation/normal-results/segments/normal_full/00003894_person1468_bacteria_3822.nrrd,/head/NFS/mkuyokwa/lungcxr/lung_cxr_segmentation/normal-results/segments/normal_ref_fixed/00003894_person1468_bacteria_3822_ref.nrrd,normal,0,0.9743975688407696,0.9500733805197942,19.209372712298546,2.352657468725728,-0.0186623860989516,0.0346106654082114,0.0109351191467021,excellent,train
/head/NFS/mkuyokwa/lungcxr/lung_cxr_segmentation/normal_dataset/img/00001121_person1455_virus_2488.png,/head/NFS/mkuyokwa/lungcxr/lung_cxr_segmentation/normal-results/segments/normal_full/00001121_person1455_virus_2488.nrrd,/head/NFS/mkuyokwa/lungcxr/lung_cxr_segmentation/normal-results/segments/normal_ref_fixed/00001121_person1455_virus_2488_ref.nrrd,normal,0,0.9692783061278762,0.9403879940535428,13.0,2.38637375003665,0.0046095204325857,0.028482579171162,0.014223463260598,excellent,train
/head/NFS/mkuyokwa/lungcxr/lung_cxr_segmentation/normal_dataset/img/00003175_person277_bacteria_1307.png,/head/NFS/mkuyokwa/lungcxr/lung_cxr_segmentation/normal-results/segments/normal_full/00003175_person277_bacteria_1307.nrrd,/head/NFS/mkuyokwa/lungcxr/lung_cxr_segmentation/normal-results/segments/normal_ref_fixed/00003175_person277_bacteria_1307_ref.nrrd,normal,0,0.9645990814703622,0.9316189161201244,18.867962264113206,2.7384957621949804,-0.0037527475473114,0.0372074771689497,0.0158047268152408,excellent,train
/head/NFS/mkuyokwa/lungcxr/lung_cxr_segmentation/normal_dataset/img/00003330_person23_bacteria_87.png,/head/NFS/mkuyokwa/lungcxr/lung_cxr_segmentation/normal-results/segments/normal_full/00003330_person23_bacteria_87.nrrd,/head/NFS/mkuyokwa/lungcxr/lung_cxr_segmentation/normal-results/segments/normal_ref_fixed/00003330_person23_bacteria_87_ref.nrrd,normal,0,0.9640819366852886,0.930654624942476,14.0356688476182,2.475164873605917,-0.0078659217877094,0.0396949056967754,0.0110241072116248,excellent,train
/head/NFS/mkuyokwa/lungcxr/lung_cxr_segmentation/normal_dataset/img/00003530_person1940_bacteria_4861.png,/head/NFS/mkuyokwa/lungcxr/lung_cxr_segmentation/normal-results/segments/normal_full/00003530_person1940_bacteria_4861.nrrd,/head/NFS/mkuyokwa/lungcxr/lung_cxr_segmentation/normal-results/segments/normal_ref_fixed/00003530_person1940_bacteria_4861_ref.nrrd,normal,0,0.9607167168046375,0.9244031269807732,32.0624390837628,2.908101679356877,0.039246686136302,0.020053455973481,0.0206176059188514,excellent,train
/head/NFS/mkuyokwa/lungcxr/lung_cxr_segmentation/normal_dataset/img/00005793_NORMAL2-IM-1436-0001.png,/head/NFS/mkuyokwa/lungcxr/lung_cxr_segmentation/normal-results/segments/normal_full/00005793_NORMAL2-IM-1436-0001.nrrd,/head/NFS/mkuyokwa/lungcxr/lung_cxr_segmentation/normal-results/segments/normal_ref_fixed/00005793_NORMAL2-IM-1436-0001_ref.nrrd,normal,0,0.9684892338215556,0.938903660123324,12.0,2.263093778801552,0.0131878391783859,0.0250822368421052,0.0134605870712401,excellent,train
/head/NFS/mkuyokwa/lungcxr/lung_cxr_segmentation/normal_dataset/img/00004086_person1269_bacteria_3229.png,/head/NFS/mkuyokwa/lungcxr/lung_cxr_segmentation/normal-results/segments/normal_full/00004086_person1269_bacteria_3229.nrrd,/head/NFS/mkuyokwa/lungcxr/lung_cxr_segmentation/normal-results/segments/normal_ref_fixed/00004086_person1269_bacteria_3229_ref.nrrd,normal,0,0.9456059390048154,0.896824037601568,22.0,5.027771494888593,-0.0073033707865168,0.0578345527967694,0.0312029611351017,excellent,train
/head/NFS/mkuyokwa/lungcxr/lung_cxr_segmentation/normal_dataset/img/00006397_person1649_virus_2850.png,/head/NFS/mkuyokwa/lungcxr/lung_cxr_segmentation/normal-results/segments/normal_full/00006397_person1649_virus_2850.nrrd,/head/NFS/mkuyokwa/lungcxr/lung_cxr_segmentation/normal-results/segments/normal_ref_fixed/00006397_person1649_virus_2850_ref.nrrd,normal,0,0.965736854076632,0.9337438522132032,23.345235059857504,2.5391940312403567,-0.0209397379431084,0.0442695188333037,0.0091398675089889,excellent,train
/head/NFS/mkuyokwa/lungcxr/lung_cxr_segmentation/normal_dataset/img/00005205_NORMAL2-IM-0403-0001.png,/head/NFS/mkuyokwa/lungcxr/lung_cxr_segmentation/normal-results/segments/normal_full/00005205_NORMAL2-IM-0403-0001.nrrd,/head/NFS/mkuyokwa/lungcxr/lung_cxr_segmentation/normal-results/segments/normal_ref_fixed/00005205_NORMAL2-IM-0403-0001_ref.nrrd,normal,0,0.9381456621386384,0.8834975087337495,25.05992817228333,4.450577182406601,0.0506723628098608,0.0374674382691977,0.0289595273562754,excellent,train
/head/NFS/mkuyokwa/lungcxr/lung_cxr_segmentation/normal_dataset/img/00001929_person896_bacteria_2821.png,/head/NFS/mkuyokwa/lungcxr/lung_cxr_segmentation/normal-results/segments/normal_full/00001929_person896_bacteria_2821.nrrd,/head/NFS/mkuyokwa/lungcxr/lung_cxr_segmentation/normal-results/segments/normal_ref_fixed/00001929_person896_bacteria_2821_ref.nrrd,normal,0,0.9621354105657725,0.927033661578398,24.0,3.502423765934952,-0.0582952637538557,0.0651142938442568,0.0056982783924856,excellent,train
/head/NFS/mkuyokwa/lungcxr/lung_cxr_segmentation/normal_dataset/img/00004714_NORMAL2-IM-1020-0001.png,/head/NFS/mkuyokwa/lungcxr/lung_cxr_segmentation/normal-results/segments/normal_full/00004714_NORMAL2-IM-1020-0001.nrrd,/head/NFS/mkuyokwa/lungcxr/lung_cxr_segmentation/normal-results/segments/normal_ref_fixed/00004714_NORMAL2-IM-1020-0001_ref.nrrd,normal,0,0.9645255513572902,0.9314817498602512,34.36568055487916,3.25121106554643,0.0373127529008226,0.0171378014680181,0.0296027949728006,excellent,train
/head/NFS/mkuyokwa/lungcxr/lung_cxr_segmentation/normal_dataset/img/00002708_person498_bacteria_2102.png,/head/NFS/mkuyokwa/lungcxr/lung_cxr_segmentation/normal-results/segments/normal_full/00002708_person498_bacteria_2102.nrrd,/head/NFS/mkuyokwa/lungcxr/lung_cxr_segmentation/normal-results/segments/normal_ref_fixed/00002708_person498_bacteria_2102_ref.nrrd,normal,0,0.9689849261729442,0.9398358479630564,21.93171219946131,2.857529544485583,-0.0131655036817147,0.0373519470695812,0.0160743159696902,excellent,train
/head/NFS/mkuyokwa/lungcxr/lung_cxr_segmentation/normal_dataset/img/00003190_person281_bacteria_1327.png,/head/NFS/mkuyokwa/lungcxr/lung_cxr_segmentation/normal-results/segments/normal_full/00003190_person281_bacteria_1327.nrrd,/head/NFS/mkuyokwa/lungcxr/lung_cxr_segmentation/normal-results/segments/normal_ref_fixed/00003190_person281_bacteria_1327_ref.nrrd,normal,0,0.952612438943756,0.9095128435391086,33.421549934136806,4.574293444009858,-0.0418232360624135,0.0669001879116268,0.0186404227697714,excellent,train
/head/NFS/mkuyokwa/lungcxr/lung_cxr_segmentation/normal_dataset/img/00003014_person347_bacteria_1594.png,/head/NFS/mkuyokwa/lungcxr/lung_cxr_segmentation/normal-results/segments/normal_full/00003014_person347_bacteria_1594.nrrd,/head/NFS/mkuyokwa/lungcxr/lung_cxr_segmentation/normal-results/segments/normal_ref_fixed/00003014_person347_bacteria_1594_ref.nrrd,normal,0,0.9750545895210984,0.951323435914024,29.068883707497267,2.0857279553171613,-0.0326965508568554,0.0406294642354979,0.004340723723325,excellent,train
/head/NFS/mkuyokwa/lungcxr/lung_cxr_segmentation/normal_dataset/img/00006257_person155_bacteria_729.png,/head/NFS/mkuyokwa/lungcxr/lung_cxr_segmentation/normal-results/segments/normal_full/00006257_person155_bacteria_729.nrrd,/head/NFS/mkuyokwa/lungcxr/lung_cxr_segmentation/normal-results/segments/normal_ref_fixed/00006257_person155_bacteria_729_ref.nrrd,normal,0,0.966703892501396,0.9355535992887712,22.62741699796952,3.2366866275466326,-0.0402399265089972,0.052362538404492,0.0098269700959187,excellent,train
/head/NFS/mkuyokwa/lungcxr/lung_cxr_segmentation/normal_dataset/img/00003281_person319_bacteria_1478.png,/head/NFS/mkuyokwa/lungcxr/lung_cxr_segmentation/normal-results/segments/normal_full/00003281_person319_bacteria_1478.nrrd,/head/NFS/mkuyokwa/lungcxr/lung_cxr_segmentation/normal-results/segments/normal_ref_fixed/00003281_person319_bacteria_1478_ref.nrrd,normal,0,0.9667001848908496,0.9355466542774268,15.811388300841896,2.389282812702433,-0.0166726134483765,0.041291899890626,0.0104321988407463,excellent,train
/head/NFS/mkuyokwa/lungcxr/lung_cxr_segmentation/normal_dataset/img/00004525_NORMAL2-IM-1269-0001-0002.png,/head/NFS/mkuyokwa/lungcxr/lung_cxr_segmentation/normal-results/segments/normal_full/00004525_NORMAL2-IM-1269-0001-0002.nrrd,/head/NFS/mkuyokwa/lungcxr/lung_cxr_segmentation/normal-results/segments/normal_ref_fixed/00004525_NORMAL2-IM-1269-0001-0002_ref.nrrd,normal,0,0.943176210407033,0.8924630763377261,46.52956049652737,3.803656429951918,-0.0225540547950212,0.0673414061088017,0.012049474406955,excellent,train
/head/NFS/mkuyokwa/lungcxr/lung_cxr_segmentation/normal_dataset/img/00004320_person1024_bacteria_2955.png,/head/NFS/mkuyokwa/lungcxr/lung_cxr_segmentation/normal-results/segments/normal_full/00004320_person1024_bacteria_2955.nrrd,/head/NFS/mkuyokwa/lungcxr/lung_cxr_segmentation/normal-results/segments/normal_ref_fixed/00004320_person1024_bacteria_2955_ref.nrrd,normal,0,0.9664703623095634,0.9351162531432324,18.68154169226941,2.477937947017551,0.0161054922545128,0.0256837160077954,0.0175887968894689,excellent,train
/head/NFS/mkuyokwa/lungcxr/lung_cxr_segmentation/normal_dataset/img/00003574_person1628_bacteria_4294.png,/head/NFS/mkuyokwa/lungcxr/lung_cxr_segmentation/normal-results/segments/normal_full/00003574_person1628_bacteria_4294.nrrd,/head/NFS/mkuyokwa/lungcxr/lung_cxr_segmentation/normal-results/segments/normal_ref_fixed/00003574_person1628_bacteria_4294_ref.nrrd,normal,0,0.942100471081905,0.8905386998757653,40.52159917870962,4.207663664026524,-0.063512925062349,0.0868964670493262,0.0083813062857258,excellent,train
/head/NFS/mkuyokwa/lungcxr/lung_cxr_segmentation/normal_dataset/img/00000742_person497_virus_1005.png,/head/NFS/mkuyokwa/lungcxr/lung_cxr_segmentation/normal-results/segments/normal_full/00000742_person497_virus_1005.nrrd,/head/NFS/mkuyokwa/lungcxr/lung_cxr_segmentation/normal-results/segments/normal_ref_fixed/00000742_person497_virus_1005_ref.nrrd,normal,0,0.9545738509593932,0.913095441352228,44.27188724235731,4.008918093667795,-0.0102160275087277,0.050277345423017,0.0230748430129495,excellent,train
/head/NFS/mkuyokwa/lungcxr/lung_cxr_segmentation/normal_dataset/img/00001277_person1272_virus_2190.png,/head/NFS/mkuyokwa/lungcxr/lung_cxr_segmentation/normal-results/segments/normal_full/00001277_person1272_virus_2190.nrrd,/head/NFS/mkuyokwa/lungcxr/lung_cxr_segmentation/normal-results/segments/normal_ref_fixed/00001277_person1272_virus_2190_ref.nrrd,normal,0,0.9612718432580756,0.9254315838257444,30.01666203960727,2.939756165799076,-0.023299475280412,0.0497977635022602,0.0126344870959771,excellent,train
/head/NFS/mkuyokwa/lungcxr/lung_cxr_segmentation/normal_dataset/img/00001992_person972_bacteria_2897.png,/head/NFS/mkuyokwa/lungcxr/lung_cxr_segmentation/normal-results/segments/normal_full/00001992_person972_bacteria_2897.nrrd,/head/NFS/mkuyokwa/lungcxr/lung_cxr_segmentation/normal-results/segments/normal_ref_fixed/00001992_person972_bacteria_2897_ref.nrrd,normal,0,0.9520990802294872,0.908577387677066,32.984845004941285,3.542743331382763,0.0433476004006921,0.0268081541468863,0.0183275839734393,excellent,train
/head/NFS/mkuyokwa/lungcxr/lung_cxr_segmentation/normal_dataset/img/00004110_person1295_bacteria_3258.png,/head/NFS/mkuyokwa/lungcxr/lung_cxr_segmentation/normal-results/segments/normal_full/00004110_person1295_bacteria_3258.nrrd,/head/NFS/mkuyokwa/lungcxr/lung_cxr_segmentation/normal-results/segments/normal_ref_fixed/00004110_person1295_bacteria_3258_ref.nrrd,normal,0,0.959750097618118,0.9226149364883938,24.020824298928627,3.600513391995875,-0.0126513080827801,0.0462827875213409,0.019685919552384,excellent,train
/head/NFS/mkuyokwa/lungcxr/lung_cxr_segmentation/normal_dataset/img/00003731_person1756_bacteria_4598.png,/head/NFS/mkuyokwa/lungcxr/lung_cxr_segmentation/normal-results/segments/normal_full/00003731_person1756_bacteria_4598.nrrd,/head/NFS/mkuyokwa/lungcxr/lung_cxr_segmentation/normal-results/segments/normal_ref_fixed/00003731_person1756_bacteria_4598_ref.nrrd,normal,0,0.957516180042712,0.9184950036749184,15.811388300841896,3.122323023905256,-0.0161392869369589,0.0501487806455786,0.0105387702937476,excellent,train
/head/NFS/mkuyokwa/lungcxr/lung_cxr_segmentation/normal_dataset/img/00001208_person1361_virus_2342.png,/head/NFS/mkuyokwa/lungcxr/lung_cxr_segmentation/normal-results/segments/normal_full/00001208_person1361_virus_2342.nrrd,/head/NFS/mkuyokwa/lungcxr/lung_cxr_segmentation/normal-results/segments/normal_ref_fixed/00001208_person1361_virus_2342_ref.nrrd,normal,0,0.9356437633126582,0.8790701186895067,29.61418578992169,5.145813968457588,0.0490843570404704,0.0408157659822838,0.0350500979775945,excellent,train
/head/NFS/mkuyokwa/lungcxr/lung_cxr_segmentation/normal_dataset/img/00002647_person475_bacteria_2020.png,/head/NFS/mkuyokwa/lungcxr/lung_cxr_segmentation/normal-results/segments/normal_full/00002647_person475_bacteria_2020.nrrd,/head/NFS/mkuyokwa/lungcxr/lung_cxr_segmentation/normal-results/segments/normal_ref_fixed/00002647_person475_bacteria_2020_ref.nrrd,normal,0,0.9374723391700048,0.8823039377983788,34.785054261852174,5.085329329076221,-0.0648880516562454,0.0919872499450428,0.0154880699212451,excellent,train
/head/NFS/mkuyokwa/lungcxr/lung_cxr_segmentation/normal_dataset/img/00004977_NORMAL2-IM-0669-0001.png,/head/NFS/mkuyokwa/lungcxr/lung_cxr_segmentation/normal-results/segments/normal_full/00004977_NORMAL2-IM-0669-0001.nrrd,/head/NFS/mkuyokwa/lungcxr/lung_cxr_segmentation/normal-results/segments/normal_ref_fixed/00004977_NORMAL2-IM-0669-0001_ref.nrrd,normal,0,0.9674105759412324,0.9368782532544844,19.0,3.1786249919610854,-0.0292314179320575,0.0465251351892649,0.0109006433166547,excellent,train
/head/NFS/mkuyokwa/lungcxr/lung_cxr_segmentation/normal_dataset/img/00004705_NORMAL2-IM-1100-0001.png,/head/NFS/mkuyokwa/lungcxr/lung_cxr_segmentation/normal-results/segments/normal_full/00004705_NORMAL2-IM-1100-0001.nrrd,/head/NFS/mkuyokwa/lungcxr/lung_cxr_segmentation/normal-results/segments/normal_ref_fixed/00004705_NORMAL2-IM-1100-0001_ref.nrrd,normal,0,0.967966607615211,0.9379217908622758,14.0,2.82132154528304,0.0333438493459849,0.0156219151036525,0.0221640604293665,excellent,train
/head/NFS/mkuyokwa/lungcxr/lung_cxr_segmentation/normal_dataset/img/00000837_person442_virus_905.png,/head/NFS/mkuyokwa/lungcxr/lung_cxr_segmentation/normal-results/segments/normal_full/00000837_person442_virus_905.nrrd,/head/NFS/mkuyokwa/lungcxr/lung_cxr_segmentation/normal-results/segments/normal_ref_fixed/00000837_person442_virus_905_ref.nrrd,normal,0,0.9364934670312974,0.8805714285714286,48.04164859785725,4.664868934057059,-0.0013113915143373,0.0641201853923605,0.01969194384038,excellent,train
/head/NFS/mkuyokwa/lungcxr/lung_cxr_segmentation/normal_dataset/img/00002642_person472_bacteria_2008.png,/head/NFS/mkuyokwa/lungcxr/lung_cxr_segmentation/normal-results/segments/normal_full/00002642_person472_bacteria_2008.nrrd,/head/NFS/mkuyokwa/lungcxr/lung_cxr_segmentation/normal-results/segments/normal_ref_fixed/00002642_person472_bacteria_2008_ref.nrrd,normal,0,0.9581042462254368,0.9195778394857952,36.61966684720111,3.633967551291743,-0.024592195442705,0.0535335971539353,0.01805325896493,excellent,train
/head/NFS/mkuyokwa/lungcxr/lung_cxr_segmentation/normal_dataset/img/00006077_person88_bacteria_437.png,/head/NFS/mkuyokwa/lungcxr/lung_cxr_segmentation/normal-results/segments/normal_full/00006077_person88_bacteria_437.nrrd,/head/NFS/mkuyokwa/lungcxr/lung_cxr_segmentation/normal-results/segments/normal_ref_fixed/00006077_person88_bacteria_437_ref.nrrd,normal,0,0.94775312272467,0.9006946403858814,34.9857113690718,4.127020734467657,0.0265935262224044,0.0394750039403361,0.0241015216814918,excellent,train
/head/NFS/mkuyokwa/lungcxr/lung_cxr_segmentation/normal_dataset/img/00000488_person832_virus_1468.png,/head/NFS/mkuyokwa/lungcxr/lung_cxr_segmentation/normal-results/segments/normal_full/00000488_person832_virus_1468.nrrd,/head/NFS/mkuyokwa/lungcxr/lung_cxr_segmentation/normal-results/segments/normal_ref_fixed/00000488_person832_virus_1468_ref.nrrd,normal,0,0.9433951826668204,0.8928552730318843,22.47220505424423,6.256437251143942,0.0213253428604356,0.0464372914841667,0.0471202159676565,excellent,train
/head/NFS/mkuyokwa/lungcxr/lung_cxr_segmentation/normal_dataset/img/00003861_person1599_bacteria_4200.png,/head/NFS/mkuyokwa/lungcxr/lung_cxr_segmentation/normal-results/segments/normal_full/00003861_person1599_bacteria_4200.nrrd,/head/NFS/mkuyokwa/lungcxr/lung_cxr_segmentation/normal-results/segments/normal_ref_fixed/00003861_person1599_bacteria_4200_ref.nrrd,normal,0,0.9378519465009214,0.882976665457623,39.11521443121589,4.571659399772602,-0.0428018312454652,0.0817984082879666,0.0173761137305798,excellent,train
/head/NFS/mkuyokwa/lungcxr/lung_cxr_segmentation/normal_dataset/img/00004441_person1010_bacteria_2941.png,/head/NFS/mkuyokwa/lungcxr/lung_cxr_segmentation/normal-results/segments/normal_full/00004441_person1010_bacteria_2941.nrrd,/head/NFS/mkuyokwa/lungcxr/lung_cxr_segmentation/normal-results/segments/normal_ref_fixed/00004441_person1010_bacteria_2941_ref.nrrd,normal,0,0.9536872727272726,0.911474407095393,27.784887978899608,4.642360741799056,-0.0053915151515151,0.048876725046662,0.0283354646877618,excellent,train
/head/NFS/mkuyokwa/lungcxr/lung_cxr_segmentation/normal_dataset/img/00005268_IM-0692-0001.png,/head/NFS/mkuyokwa/lungcxr/lung_cxr_segmentation/normal-results/segments/normal_full/00005268_IM-0692-0001.nrrd,/head/NFS/mkuyokwa/lungcxr/lung_cxr_segmentation/normal-results/segments/normal_ref_fixed/00005268_IM-0692-0001_ref.nrrd,normal,0,0.9685710700629372,0.939057497758996,23.40939982143925,2.591292808876668,0.0005151200956274,0.0311794004571217,0.0128665132768043,excellent,train
/head/NFS/mkuyokwa/lungcxr/lung_cxr_segmentation/normal_dataset/img/00004752_NORMAL2-IM-0995-0001.png,/head/NFS/mkuyokwa/lungcxr/lung_cxr_segmentation/normal-results/segments/normal_full/00004752_NORMAL2-IM-0995-0001.nrrd,/head/NFS/mkuyokwa/lungcxr/lung_cxr_segmentation/normal-results/segments/normal_ref_fixed/00004752_NORMAL2-IM-0995-0001_ref.nrrd,normal,0,0.9731748417361206,0.9477512640823206,27.51363298439521,2.3116455309387933,-0.0239819387243898,0.0383561996116804,0.0061831179185672,excellent,train
/head/NFS/mkuyokwa/lungcxr/lung_cxr_segmentation/normal_dataset/img/00004706_NORMAL2-IM-1102-0001-0001.png,/head/NFS/mkuyokwa/lungcxr/lung_cxr_segmentation/normal-results/segments/normal_full/00004706_NORMAL2-IM-1102-0001-0001.nrrd,/head/NFS/mkuyokwa/lungcxr/lung_cxr_segmentation/normal-results/segments/normal_ref_fixed/00004706_NORMAL2-IM-1102-0001-0001_ref.nrrd,normal,0,0.9679575789163588,0.9379048371868344,11.6619037896906,2.795135111830548,0.0125087810736703,0.0259503340706451,0.0193765119985324,excellent,train
/head/NFS/mkuyokwa/lungcxr/lung_cxr_segmentation/normal_dataset/img/00001412_person1179_virus_2006.png,/head/NFS/mkuyokwa/lungcxr/lung_cxr_segmentation/normal-results/segments/normal_full/00001412_person1179_virus_2006.nrrd,/head/NFS/mkuyokwa/lungcxr/lung_cxr_segmentation/normal-results/segments/normal_ref_fixed/00001412_person1179_virus_2006_ref.nrrd,normal,0,0.9690744518608014,0.9400043035212026,21.37755832643195,2.9267916675110865,-0.0084533264671512,0.0350042601533655,0.0248914231689662,excellent,train
/head/NFS/mkuyokwa/lungcxr/lung_cxr_segmentation/normal_dataset/img/00003048_person360_bacteria_1647.png,/head/NFS/mkuyokwa/lungcxr/lung_cxr_segmentation/normal-results/segments/normal_full/00003048_person360_bacteria_1647.nrrd,/head/NFS/mkuyokwa/lungcxr/lung_cxr_segmentation/normal-results/segments/normal_ref_fixed/00003048_person360_bacteria_1647_ref.nrrd,normal,0,0.97638964613028,0.9538684739159548,21.95449840010015,2.1035481134083573,-0.000550406314095,0.0238789854545832,0.0135504296698326,excellent,train
/head/NFS/mkuyokwa/lungcxr/lung_cxr_segmentation/normal_dataset/img/00001298_person1298_virus_2226.png,/head/NFS/mkuyokwa/lungcxr/lung_cxr_segmentation/normal-results/segments/normal_full/00001298_person1298_virus_2226.nrrd,/head/NFS/mkuyokwa/lungcxr/lung_cxr_segmentation/normal-results/segments/normal_ref_fixed/00001298_person1298_virus_2226_ref.nrrd,normal,0,0.9595531042285392,0.9222509174935436,24.413111231467404,2.7593852207316623,0.0048712267634626,0.0381040892193308,0.0137370381556428,excellent,train
/head/NFS/mkuyokwa/lungcxr/lung_cxr_segmentation/normal_dataset/img/00000319_person891_virus_1541.png,/head/NFS/mkuyokwa/lungcxr/lung_cxr_segmentation/normal-results/segments/normal_full/00000319_person891_virus_1541.nrrd,/head/NFS/mkuyokwa/lungcxr/lung_cxr_segmentation/normal-results/segments/normal_ref_fixed/00000319_person891_virus_1541_ref.nrrd,normal,0,0.952023854161087,0.908440385729376,19.72308292331602,3.806609238718686,0.038721350307402,0.0291804233831812,0.0314697374276813,excellent,train
/head/NFS/mkuyokwa/lungcxr/lung_cxr_segmentation/normal_dataset/img/00003830_person1582_bacteria_4137.png,/head/NFS/mkuyokwa/lungcxr/lung_cxr_segmentation/normal-results/segments/normal_full/00003830_person1582_bacteria_4137.nrrd,/head/NFS/mkuyokwa/lungcxr/lung_cxr_segmentation/normal-results/segments/normal_ref_fixed/00003830_person1582_bacteria_4137_ref.nrrd,normal,0,0.9488572700342282,0.902691178832703,32.28002478313795,3.8439130267598665,0.0187564273764025,0.0421599008366904,0.0199540495131677,excellent,train
/head/NFS/mkuyokwa/lungcxr/lung_cxr_segmentation/normal_dataset/img/00003567_person1619_bacteria_4269.png,/head/NFS/mkuyokwa/lungcxr/lung_cxr_segmentation/normal-results/segments/normal_full/00003567_person1619_bacteria_4269.nrrd,/head/NFS/mkuyokwa/lungcxr/lung_cxr_segmentation/normal-results/segments/normal_ref_fixed/00003567_person1619_bacteria_4269_ref.nrrd,normal,0,0.9498625489197072,0.9045125930349108,29.546573405388315,4.227109756301057,-0.0175467081726004,0.0583984548441523,0.0214697540335704,excellent,train
/head/NFS/mkuyokwa/lungcxr/lung_cxr_segmentation/normal_dataset/img/00005490_IM-0491-0001.png,/head/NFS/mkuyokwa/lungcxr/lung_cxr_segmentation/normal-results/segments/normal_full/00005490_IM-0491-0001.nrrd,/head/NFS/mkuyokwa/lungcxr/lung_cxr_segmentation/normal-results/segments/normal_ref_fixed/00005490_IM-0491-0001_ref.nrrd,normal,0,0.9796898190112856,0.9601882224304904,9.0,1.9343665939082464,-0.0053788610759714,0.022937921579925,0.0109548491773025,excellent,train
/head/NFS/mkuyokwa/lungcxr/lung_cxr_segmentation/normal_dataset/img/00005456_IM-0515-0001.png,/head/NFS/mkuyokwa/lungcxr/lung_cxr_segmentation/normal-results/segments/normal_full/00005456_IM-0515-0001.nrrd,/head/NFS/mkuyokwa/lungcxr/lung_cxr_segmentation/normal-results/segments/normal_ref_fixed/00005456_IM-0515-0001_ref.nrrd,normal,0,0.9461809755414368,0.8978590759713899,37.57658845611187,4.712330788216172,-0.0226123935269477,0.0643971345478351,0.0182743617108611,excellent,train
/head/NFS/mkuyokwa/lungcxr/lung_cxr_segmentation/normal_dataset/img/00005603_IM-0410-0001.png,/head/NFS/mkuyokwa/lungcxr/lung_cxr_segmentation/normal-results/segments/normal_full/00005603_IM-0410-0001.nrrd,/head/NFS/mkuyokwa/lungcxr/lung_cxr_segmentation/normal-results/segments/normal_ref_fixed/00005603_IM-0410-0001_ref.nrrd,normal,0,0.9556543293267636,0.9150747268485366,28.0178514522438,3.8705187081491728,-0.0244254000036185,0.0558759741652565,0.0149473140843647,excellent,train
/head/NFS/mkuyokwa/lungcxr/lung_cxr_segmentation/normal_dataset/img/00005609_IM-0329-0001.png,/head/NFS/mkuyokwa/lungcxr/lung_cxr_segmentation/normal-results/segments/normal_full/00005609_IM-0329-0001.nrrd,/head/NFS/mkuyokwa/lungcxr/lung_cxr_segmentation/normal-results/segments/normal_ref_fixed/00005609_IM-0329-0001_ref.nrrd,normal,0,0.9646150843861936,0.9316487712343592,16.492422502470642,2.9598349396196366,0.0443554732992137,0.0135067276121805,0.0247833086692794,excellent,train
/head/NFS/mkuyokwa/lungcxr/lung_cxr_segmentation/normal_dataset/img/00004902_NORMAL2-IM-0819-0001.png,/head/NFS/mkuyokwa/lungcxr/lung_cxr_segmentation/normal-results/segments/normal_full/00004902_NORMAL2-IM-0819-0001.nrrd,/head/NFS/mkuyokwa/lungcxr/lung_cxr_segmentation/normal-results/segments/normal_ref_fixed/00004902_NORMAL2-IM-0819-0001_ref.nrrd,normal,0,0.9427612578885444,0.8917203090814817,26.92582403567252,4.410319456460163,-0.0297892822761792,0.071074750349116,0.0170051224776898,excellent,train
/head/NFS/mkuyokwa/lungcxr/lung_cxr_segmentation/normal_dataset/img/00000586_person667_virus_1252.png,/head/NFS/mkuyokwa/lungcxr/lung_cxr_segmentation/normal-results/segments/normal_full/00000586_person667_virus_1252.nrrd,/head/NFS/mkuyokwa/lungcxr/lung_cxr_segmentation/normal-results/segments/normal_ref_fixed/00000586_person667_virus_1252_ref.nrrd,normal,0,0.967902746195557,0.9378018811965088,12.0,2.835142607130283,0.0040813946708646,0.030118018228558,0.0220322613014901,excellent,train
/head/NFS/mkuyokwa/lungcxr/lung_cxr_segmentation/normal_dataset/img/00000825_person440_virus_893.png,/head/NFS/mkuyokwa/lungcxr/lung_cxr_segmentation/normal-results/segments/normal_full/00000825_person440_virus_893.nrrd,/head/NFS/mkuyokwa/lungcxr/lung_cxr_segmentation/normal-results/segments/normal_ref_fixed/00000825_person440_virus_893_ref.nrrd,normal,0,0.9615833402408932,0.9260091613552912,37.21558813185679,3.183875467138889,0.0382700069500679,0.0196578085183836,0.0243645669121299,excellent,train
/head/NFS/mkuyokwa/lungcxr/lung_cxr_segmentation/normal_dataset/img/00006232_person143_bacteria_687.png,/head/NFS/mkuyokwa/lungcxr/lung_cxr_segmentation/normal-results/segments/normal_full/00006232_person143_bacteria_687.nrrd,/head/NFS/mkuyokwa/lungcxr/lung_cxr_segmentation/normal-results/segments/normal_ref_fixed/00006232_person143_bacteria_687_ref.nrrd,normal,0,0.9665383735810312,0.9352436015744175,28.635642126552707,3.109854914627002,-0.0471489254034906,0.055722462018216,0.0064729042698232,excellent,train
/head/NFS/mkuyokwa/lungcxr/lung_cxr_segmentation/normal_dataset/img/00000548_person623_virus_1197.png,/head/NFS/mkuyokwa/lungcxr/lung_cxr_segmentation/normal-results/segments/normal_full/00000548_person623_virus_1197.nrrd,/head/NFS/mkuyokwa/lungcxr/lung_cxr_segmentation/normal-results/segments/normal_ref_fixed/00000548_person623_virus_1197_ref.nrrd,normal,0,0.9693570265160444,0.9405362006585634,16.64331697709324,2.6522396673895887,-0.0343666368145133,0.0470183604329066,0.007786321523574,excellent,train
/head/NFS/mkuyokwa/lungcxr/lung_cxr_segmentation/normal_dataset/img/00001139_person1465_virus_2537.png,/head/NFS/mkuyokwa/lungcxr/lung_cxr_segmentation/normal-results/segments/normal_full/00001139_person1465_virus_2537.nrrd,/head/NFS/mkuyokwa/lungcxr/lung_cxr_segmentation/normal-results/segments/normal_ref_fixed/00001139_person1465_virus_2537_ref.nrrd,normal,0,0.9253796541357248,0.861122402620693,72.17340230306452,6.403045018378158,0.1224914561759642,0.0142471977773824,0.0559295948211575,good,train
/head/NFS/mkuyokwa/lungcxr/lung_cxr_segmentation/normal_dataset/img/00004290_person1241_bacteria_3197.png,/head/NFS/mkuyokwa/lungcxr/lung_cxr_segmentation/normal-results/segments/normal_full/00004290_person1241_bacteria_3197.nrrd,/head/NFS/mkuyokwa/lungcxr/lung_cxr_segmentation/normal-results/segments/normal_ref_fixed/00004290_person1241_bacteria_3197_ref.nrrd,normal,0,0.929273309581358,0.8678903009488091,87.02298546935747,6.173047727510879,-0.1330947223692322,0.1287088193165541,0.0023296270163742,good,train
/head/NFS/mkuyokwa/lungcxr/lung_cxr_segmentation/normal_dataset/img/00002569_person596_bacteria_2449.png,/head/NFS/mkuyokwa/lungcxr/lung_cxr_segmentation/normal-results/segments/normal_full/00002569_person596_bacteria_2449.nrrd,/head/NFS/mkuyokwa/lungcxr/lung_cxr_segmentation/normal-results/segments/normal_ref_fixed/00002569_person596_bacteria_2449_ref.nrrd,normal,0,0.9394482264421354,0.8858108108108108,112.37882362794156,6.47303940112876,-0.0326258772946656,0.0756309491715227,0.0253346368782513,good,train
/head/NFS/mkuyokwa/lungcxr/lung_cxr_segmentation/normal_dataset/img/00003528_person1938_bacteria_4854.png,/head/NFS/mkuyokwa/lungcxr/lung_cxr_segmentation/normal-results/segments/normal_full/00003528_person1938_bacteria_4854.nrrd,/head/NFS/mkuyokwa/lungcxr/lung_cxr_segmentation/normal-results/segments/normal_ref_fixed/00003528_person1938_bacteria_4854_ref.nrrd,normal,0,0.9524124646963592,0.9091483361534124,58.85575587824864,4.179354238631245,-0.046204932465169,0.0690937651597403,0.0118018295114088,good,train
/head/NFS/mkuyokwa/lungcxr/lung_cxr_segmentation/normal_dataset/img/00006659_11547_2020_1202_Fig1_HTML-a.png,/head/NFS/mkuyokwa/lungcxr/lung_cxr_segmentation/normal-results/segments/normal_full/00006659_11547_2020_1202_Fig1_HTML-a.nrrd,/head/NFS/mkuyokwa/lungcxr/lung_cxr_segmentation/normal-results/segments/normal_ref_fixed/00006659_11547_2020_1202_Fig1_HTML-a_ref.nrrd,normal,0,0.8593099731534247,0.75332470077693,118.27087553578016,14.771054541148914,0.1930957394784379,0.0488594310963822,0.1385103048030812,good,train
/head/NFS/mkuyokwa/lungcxr/lung_cxr_segmentation/normal_dataset/img/00006107_person100_bacteria_481.png,/head/NFS/mkuyokwa/lungcxr/lung_cxr_segmentation/normal-results/segments/normal_full/00006107_person100_bacteria_481.nrrd,/head/NFS/mkuyokwa/lungcxr/lung_cxr_segmentation/normal-results/segments/normal_ref_fixed/00006107_person100_bacteria_481_ref.nrrd,normal,0,0.9069304939499236,0.8297098116177568,76.68767828015137,8.055486238945631,0.0911254371361853,0.0497746561311091,0.0702131632705028,good,train
/head/NFS/mkuyokwa/lungcxr/lung_cxr_segmentation/normal_dataset/img/00005666_IM-0309-0001.png,/head/NFS/mkuyokwa/lungcxr/lung_cxr_segmentation/normal-results/segments/normal_full/00005666_IM-0309-0001.nrrd,/head/NFS/mkuyokwa/lungcxr/lung_cxr_segmentation/normal-results/segments/normal_ref_fixed/00005666_IM-0309-0001_ref.nrrd,normal,0,0.9726287039544164,0.9467158637759544,58.18934610390462,2.588475191471248,0.0123376852712995,0.0213340598680391,0.016030384020256,good,train
/head/NFS/mkuyokwa/lungcxr/lung_cxr_segmentation/normal_dataset/img/00003637_person1670_bacteria_4427.png,/head/NFS/mkuyokwa/lungcxr/lung_cxr_segmentation/normal-results/segments/normal_full/00003637_person1670_bacteria_4427.nrrd,/head/NFS/mkuyokwa/lungcxr/lung_cxr_segmentation/normal-results/segments/normal_ref_fixed/00003637_person1670_bacteria_4427_ref.nrrd,normal,0,0.9475858578258698,0.9003925544636822,56.753854494650845,4.392583588346527,-0.045047571494039,0.0732872222296547,0.0116597384163033,good,train
/head/NFS/mkuyokwa/lungcxr/lung_cxr_segmentation/normal_dataset/img/00006751_41182_2020_203_Fig4_HTML.png,/head/NFS/mkuyokwa/lungcxr/lung_cxr_segmentation/normal-results/segments/normal_full/00006751_41182_2020_203_Fig4_HTML.nrrd,/head/NFS/mkuyokwa/lungcxr/lung_cxr_segmentation/normal-results/segments/normal_ref_fixed/00006751_41182_2020_203_Fig4_HTML_ref.nrrd,normal,0,0.9150167703744336,0.8433464641570643,57.14017850864661,8.06176954773735,0.091959933947009,0.0408830646127308,0.0641434664338247,good,train
/head/NFS/mkuyokwa/lungcxr/lung_cxr_segmentation/normal_dataset/img/00002387_person58_bacteria_278.png,/head/NFS/mkuyokwa/lungcxr/lung_cxr_segmentation/normal-results/segments/normal_full/00002387_person58_bacteria_278.nrrd,/head/NFS/mkuyokwa/lungcxr/lung_cxr_segmentation/normal-results/segments/normal_ref_fixed/00002387_person58_bacteria_278_ref.nrrd,normal,0,0.8875821329965969,0.797885542226626,57.0350769263968,9.614665276815698,0.1204117886265864,0.0555568207697563,0.0925345907620293,good,train
/head/NFS/mkuyokwa/lungcxr/lung_cxr_segmentation/normal_dataset/img/00001020_person268_virus_553.png,/head/NFS/mkuyokwa/lungcxr/lung_cxr_segmentation/normal-results/segments/normal_full/00001020_person268_virus_553.nrrd,/head/NFS/mkuyokwa/lungcxr/lung_cxr_segmentation/normal-results/segments/normal_ref_fixed/00001020_person268_virus_553_ref.nrrd,normal,0,0.918496836431459,0.8492779932337652,49.64876634922564,7.495641966872092,0.1019838118100609,0.0321506822263806,0.0952946386736927,good,train
/head/NFS/mkuyokwa/lungcxr/lung_cxr_segmentation/normal_dataset/img/00004073_person1433_bacteria_3705.png,/head/NFS/mkuyokwa/lungcxr/lung_cxr_segmentation/normal-results/segments/normal_full/00004073_person1433_bacteria_3705.nrrd,/head/NFS/mkuyokwa/lungcxr/lung_cxr_segmentation/normal-results/segments/normal_ref_fixed/00004073_person1433_bacteria_3705_ref.nrrd,normal,0,0.9153784244921612,0.8439611060323642,69.87131027825369,7.101048251373191,-0.0030776164568779,0.0860280031371742,0.0349954167502861,good,train
/head/NFS/mkuyokwa/lungcxr/lung_cxr_segmentation/normal_dataset/img/00006852_covid-19-caso-91-1-12.png,/head/NFS/mkuyokwa/lungcxr/lung_cxr_segmentation/normal-results/segments/normal_full/00006852_covid-19-caso-91-1-12.nrrd,/head/NFS/mkuyokwa/lungcxr/lung_cxr_segmentation/normal-results/segments/normal_ref_fixed/00006852_covid-19-caso-91-1-12_ref.nrrd,normal,0,0.9330423674685968,0.8744886760450963,68.59300255857006,6.163770332622994,-0.0449648711943793,0.0874734518802315,0.025154733521181,good,train
/head/NFS/mkuyokwa/lungcxr/lung_cxr_segmentation/normal_dataset/img/00007080_streptococcus-pneumoniae-pneumonia-temporal-evolution-1-day3.png,/head/NFS/mkuyokwa/lungcxr/lung_cxr_segmentation/normal-results/segments/normal_full/00007080_streptococcus-pneumoniae-pneumonia-temporal-evolution-1-day3.nrrd,/head/NFS/mkuyokwa/lungcxr/lung_cxr_segmentation/normal-results/segments/normal_ref_fixed/00007080_streptococcus-pneumoniae-pneumonia-temporal-evolution-1-day3_ref.nrrd,normal,0,0.8625308949648273,0.7582895141034676,123.69316876852982,16.23251650043319,0.2097414842943102,0.0364174923364829,0.134715469913107,good,train
/head/NFS/mkuyokwa/lungcxr/lung_cxr_segmentation/normal_dataset/img/00000402_person995_virus_1676.png,/head/NFS/mkuyokwa/lungcxr/lung_cxr_segmentation/normal-results/segments/normal_full/00000402_person995_virus_1676.nrrd,/head/NFS/mkuyokwa/lungcxr/lung_cxr_segmentation/normal-results/segments/normal_ref_fixed/00000402_person995_virus_1676_ref.nrrd,normal,0,0.8784406276895762,0.7832314983735364,108.04628637764463,11.441322472680127,-0.0022409752031222,0.1225425525012435,0.0655684564153945,good,train
/head/NFS/mkuyokwa/lungcxr/lung_cxr_segmentation/normal_dataset/img/00004206_person1349_bacteria_3434.png,/head/NFS/mkuyokwa/lungcxr/lung_cxr_segmentation/normal-results/segments/normal_full/00004206_person1349_bacteria_3434.nrrd,/head/NFS/mkuyokwa/lungcxr/lung_cxr_segmentation/normal-results/segments/normal_ref_fixed/00004206_person1349_bacteria_3434_ref.nrrd,normal,0,0.8759101534162659,0.7792172094412907,58.52349955359813,9.900361776177022,0.0164432144872242,0.1168287595156178,0.052299833260761,good,train
/head/NFS/mkuyokwa/lungcxr/lung_cxr_segmentation/normal_dataset/img/00006251_person152_bacteria_722.png,/head/NFS/mkuyokwa/lungcxr/lung_cxr_segmentation/normal-results/segments/normal_full/00006251_person152_bacteria_722.nrrd,/head/NFS/mkuyokwa/lungcxr/lung_cxr_segmentation/normal-results/segments/normal_ref_fixed/00006251_person152_bacteria_722_ref.nrrd,normal,0,0.9327596918128348,0.8739921877550132,72.61542535852834,6.22067848742534,0.0527541179681013,0.0419703023436102,0.0452161818069647,good,train
/head/NFS/mkuyokwa/lungcxr/lung_cxr_segmentation/normal_dataset/img/00006882_covid-19-pneumonia-24-day6.png,/head/NFS/mkuyokwa/lungcxr/lung_cxr_segmentation/normal-results/segments/normal_full/00006882_covid-19-pneumonia-24-day6.nrrd,/head/NFS/mkuyokwa/lungcxr/lung_cxr_segmentation/normal-results/segments/normal_ref_fixed/00006882_covid-19-pneumonia-24-day6_ref.nrrd,normal,0,0.8422487318916944,0.7274867712024855,91.67878707749138,14.407509830405344,0.2997934493951018,0.0092395167022032,0.1085829907311436,good,train
/head/NFS/mkuyokwa/lungcxr/lung_cxr_segmentation/normal_dataset/img/00005804_IM-0010-0001.png,/head/NFS/mkuyokwa/lungcxr/lung_cxr_segmentation/normal-results/segments/normal_full/00005804_IM-0010-0001.nrrd,/head/NFS/mkuyokwa/lungcxr/lung_cxr_segmentation/normal-results/segments/normal_ref_fixed/00005804_IM-0010-0001_ref.nrrd,normal,0,0.9485971715328468,0.9022204866195884,70.40596565632774,4.438504768177619,-0.0349452554744525,0.0676926870824552,0.0172032937802141,good,train
/head/NFS/mkuyokwa/lungcxr/lung_cxr_segmentation/normal_dataset/img/00004201_person1345_bacteria_3425.png,/head/NFS/mkuyokwa/lungcxr/lung_cxr_segmentation/normal-results/segments/normal_full/00004201_person1345_bacteria_3425.nrrd,/head/NFS/mkuyokwa/lungcxr/lung_cxr_segmentation/normal-results/segments/normal_ref_fixed/00004201_person1345_bacteria_3425_ref.nrrd,normal,0,0.914070175013038,0.8417396354538956,46.238512086787566,6.412406009765346,0.020666820293265,0.0763857400213238,0.0439613392782962,good,train
/head/NFS/mkuyokwa/lungcxr/lung_cxr_segmentation/normal_dataset/img/00000408_person82_virus_154.png,/head/NFS/mkuyokwa/lungcxr/lung_cxr_segmentation/normal-results/segments/normal_full/00000408_person82_virus_154.nrrd,/head/NFS/mkuyokwa/lungcxr/lung_cxr_segmentation/normal-results/segments/normal_ref_fixed/00000408_person82_virus_154_ref.nrrd,normal,0,0.9496593815141942,0.9041442031283567,61.5223536610881,4.913487907929958,0.0497711301656888,0.0261046831955922,0.040847404226519,good,train
/head/NFS/mkuyokwa/lungcxr/lung_cxr_segmentation/normal_dataset/img/00002027_person73_bacteria_357.png,/head/NFS/mkuyokwa/lungcxr/lung_cxr_segmentation/normal-results/segments/normal_full/00002027_person73_bacteria_357.nrrd,/head/NFS/mkuyokwa/lungcxr/lung_cxr_segmentation/normal-results/segments/normal_ref_fixed/00002027_person73_bacteria_357_ref.nrrd,normal,0,0.9224287359084984,0.856025737366147,50.80354318352215,7.62080840494335,0.0656823175643475,0.0462489752489926,0.0887565940250335,good,train
/head/NFS/mkuyokwa/lungcxr/lung_cxr_segmentation/normal_dataset/img/00004245_person1188_bacteria_3137.png,/head/NFS/mkuyokwa/lungcxr/lung_cxr_segmentation/normal-results/segments/normal_full/00004245_person1188_bacteria_3137.nrrd,/head/NFS/mkuyokwa/lungcxr/lung_cxr_segmentation/normal-results/segments/normal_ref_fixed/00004245_person1188_bacteria_3137_ref.nrrd,normal,0,0.9615298935860308,0.9259100359724102,50.80354318352215,3.0435708448024634,-0.0503681363561069,0.0620904836193447,0.0067457831604835,good,train
/head/NFS/mkuyokwa/lungcxr/lung_cxr_segmentation/normal_dataset/img/00004182_person1338_bacteria_3395.png,/head/NFS/mkuyokwa/lungcxr/lung_cxr_segmentation/normal-results/segments/normal_full/00004182_person1338_bacteria_3395.nrrd,/head/NFS/mkuyokwa/lungcxr/lung_cxr_segmentation/normal-results/segments/normal_ref_fixed/00004182_person1338_bacteria_3395_ref.nrrd,normal,0,0.91782711384034,0.8481335335405245,131.7459676802292,9.31722453324983,-0.0494662257912139,0.104325699745547,0.0252222154618818,good,train
/head/NFS/mkuyokwa/lungcxr/lung_cxr_segmentation/normal_dataset/img/00006758_90070cbc.png,/head/NFS/mkuyokwa/lungcxr/lung_cxr_segmentation/normal-results/segments/normal_full/00006758_90070cbc.nrrd,/head/NFS/mkuyokwa/lungcxr/lung_cxr_segmentation/normal-results/segments/normal_ref_fixed/00006758_90070cbc_ref.nrrd,normal,0,0.9098290526598332,0.834574664532808,39.56008088970496,8.568162739934055,0.063759946764191,0.060210482538729,0.0621536498823904,good,train
/head/NFS/mkuyokwa/lungcxr/lung_cxr_segmentation/normal_dataset/img/00000673_person573_virus_1116.png,/head/NFS/mkuyokwa/lungcxr/lung_cxr_segmentation/normal-results/segments/normal_full/00000673_person573_virus_1116.nrrd,/head/NFS/mkuyokwa/lungcxr/lung_cxr_segmentation/normal-results/segments/normal_ref_fixed/00000673_person573_virus_1116_ref.nrrd,normal,0,0.9205895216211152,0.8528632434657337,47.80167361086848,5.989001634901748,0.0287541045061055,0.0659820535575934,0.0353378148622845,good,train
/head/NFS/mkuyokwa/lungcxr/lung_cxr_segmentation/normal_dataset/img/00006692_16660_5_1.png,/head/NFS/mkuyokwa/lungcxr/lung_cxr_segmentation/normal-results/segments/normal_full/00006692_16660_5_1.nrrd,/head/NFS/mkuyokwa/lungcxr/lung_cxr_segmentation/normal-results/segments/normal_ref_fixed/00006692_16660_5_1_ref.nrrd,normal,0,0.9365557072457736,0.8806814927937386,64.5600495662759,6.465135028958162,-0.0523652677896254,0.0873401319498709,0.0227948709987891,good,train
/head/NFS/mkuyokwa/lungcxr/lung_cxr_segmentation/normal_dataset/img/00004006_person1395_bacteria_3544.png,/head/NFS/mkuyokwa/lungcxr/lung_cxr_segmentation/normal-results/segments/normal_full/00004006_person1395_bacteria_3544.nrrd,/head/NFS/mkuyokwa/lungcxr/lung_cxr_segmentation/normal-results/segments/normal_ref_fixed/00004006_person1395_bacteria_3544_ref.nrrd,normal,0,0.9251459323394744,0.8607177105940544,74.02702209328699,6.556648923469919,-0.0171212811665907,0.0827066860308751,0.0361134589128134,good,train
/head/NFS/mkuyokwa/lungcxr/lung_cxr_segmentation/normal_dataset/img/00006582_10.1016-slash-j.cardfail.2020.04.007-b.png,/head/NFS/mkuyokwa/lungcxr/lung_cxr_segmentation/normal-results/segments/normal_full/00006582_10.1016-slash-j.cardfail.2020.04.007-b.nrrd,/head/NFS/mkuyokwa/lungcxr/lung_cxr_segmentation/normal-results/segments/normal_ref_fixed/00006582_10.1016-slash-j.cardfail.2020.04.007-b_ref.nrrd,normal,0,0.9414825929232112,0.8894351539510514,92.02173656261871,6.402543068811876,0.0548897456838426,0.031949380931922,0.0843590871474476,good,train
/head/NFS/mkuyokwa/lungcxr/lung_cxr_segmentation/normal_dataset/img/00002067_person753_bacteria_2656.png,/head/NFS/mkuyokwa/lungcxr/lung_cxr_segmentation/normal-results/segments/normal_full/00002067_person753_bacteria_2656.nrrd,/head/NFS/mkuyokwa/lungcxr/lung_cxr_segmentation/normal-results/segments/normal_ref_fixed/00002067_person753_bacteria_2656_ref.nrrd,normal,0,0.913142274561305,0.8401672575798528,35.805027579936315,5.68913941043172,0.0993079375502198,0.0391475898685382,0.0381371682911169,good,train
/head/NFS/mkuyokwa/lungcxr/lung_cxr_segmentation/normal_dataset/img/00001028_person275_virus_565.png,/head/NFS/mkuyokwa/lungcxr/lung_cxr_segmentation/normal-results/segments/normal_full/00001028_person275_virus_565.nrrd,/head/NFS/mkuyokwa/lungcxr/lung_cxr_segmentation/normal-results/segments/normal_ref_fixed/00001028_person275_virus_565_ref.nrrd,normal,0,0.916978135832833,0.8466847864959588,79.63039620647382,7.648842717118317,0.1076553634022115,0.0308550376093742,0.0859519914370336,good,train
/head/NFS/mkuyokwa/lungcxr/lung_cxr_segmentation/normal_dataset/img/00006801_article_river_c79329e06dff11eab69c95940c7c0d00-CXR-D1-COVID19.png,/head/NFS/mkuyokwa/lungcxr/lung_cxr_segmentation/normal-results/segments/normal_full/00006801_article_river_c79329e06dff11eab69c95940c7c0d00-CXR-D1-COVID19.nrrd,/head/NFS/mkuyokwa/lungcxr/lung_cxr_segmentation/normal-results/segments/normal_ref_fixed/00006801_article_river_c79329e06dff11eab69c95940c7c0d00-CXR-D1-COVID19_ref.nrrd,normal,0,0.8759923423966157,0.77934730824202,64.47480127925948,10.579662536253837,0.1798465801839431,0.0374521918211238,0.0823015595063966,good,train
/head/NFS/mkuyokwa/lungcxr/lung_cxr_segmentation/normal_dataset/img/00000730_person486_virus_990.png,/head/NFS/mkuyokwa/lungcxr/lung_cxr_segmentation/normal-results/segments/normal_full/00000730_person486_virus_990.nrrd,/head/NFS/mkuyokwa/lungcxr/lung_cxr_segmentation/normal-results/segments/normal_ref_fixed/00000730_person486_virus_990_ref.nrrd,normal,0,0.8938003998507734,0.8079919751645178,83.48652585896721,8.973439687528627,0.1297888826179703,0.0441716536238555,0.1088029004373772,good,train
/head/NFS/mkuyokwa/lungcxr/lung_cxr_segmentation/normal_dataset/img/00002053_person736_bacteria_2639.png,/head/NFS/mkuyokwa/lungcxr/lung_cxr_segmentation/normal-results/segments/normal_full/00002053_person736_bacteria_2639.nrrd,/head/NFS/mkuyokwa/lungcxr/lung_cxr_segmentation/normal-results/segments/normal_ref_fixed/00002053_person736_bacteria_2639_ref.nrrd,normal,0,0.9207991312775126,0.8532231190357692,36.6742416417845,6.475952489619937,0.0897212848685823,0.0359531057077541,0.0589155109984862,good,train
/head/NFS/mkuyokwa/lungcxr/lung_cxr_segmentation/normal_dataset/img/00004209_person1349_bacteria_3438.png,/head/NFS/mkuyokwa/lungcxr/lung_cxr_segmentation/normal-results/segments/normal_full/00004209_person1349_bacteria_3438.nrrd,/head/NFS/mkuyokwa/lungcxr/lung_cxr_segmentation/normal-results/segments/normal_ref_fixed/00004209_person1349_bacteria_3438_ref.nrrd,normal,0,0.943954471683608,0.8938577422779435,51.97114584074513,5.278954136443507,-0.0208208763987358,0.0657712588897929,0.0255144376854333,good,train
/head/NFS/mkuyokwa/lungcxr/lung_cxr_segmentation/normal_dataset/img/00001919_person8_bacteria_37.png,/head/NFS/mkuyokwa/lungcxr/lung_cxr_segmentation/normal-results/segments/normal_full/00001919_person8_bacteria_37.nrrd,/head/NFS/mkuyokwa/lungcxr/lung_cxr_segmentation/normal-results/segments/normal_ref_fixed/00001919_person8_bacteria_37_ref.nrrd,normal,0,0.8879807876410702,0.7985300773332809,77.07788269017254,8.992949925374473,0.1151538028107374,0.0577684386500574,0.0880703608379212,good,train
/head/NFS/mkuyokwa/lungcxr/lung_cxr_segmentation/normal_dataset/img/00007020_pneumococcal-pneumonia-day0.png,/head/NFS/mkuyokwa/lungcxr/lung_cxr_segmentation/normal-results/segments/normal_full/00007020_pneumococcal-pneumonia-day0.nrrd,/head/NFS/mkuyokwa/lungcxr/lung_cxr_segmentation/normal-results/segments/normal_ref_fixed/00007020_pneumococcal-pneumonia-day0_ref.nrrd,normal,0,0.9077356210223344,0.8310585225455709,71.58910531638176,7.185155847514938,0.1535667130072724,0.0167685695260003,0.0617081828753289,good,train
/head/NFS/mkuyokwa/lungcxr/lung_cxr_segmentation/normal_dataset/img/00003995_person1381_bacteria_3517.png,/head/NFS/mkuyokwa/lungcxr/lung_cxr_segmentation/normal-results/segments/normal_full/00003995_person1381_bacteria_3517.nrrd,/head/NFS/mkuyokwa/lungcxr/lung_cxr_segmentation/normal-results/segments/normal_ref_fixed/00003995_person1381_bacteria_3517_ref.nrrd,normal,0,0.9401129628726836,0.8869935473696661,62.96824596572466,5.686241858481971,0.0248629750604163,0.0480529188586902,0.0271487060964322,good,train
/head/NFS/mkuyokwa/lungcxr/lung_cxr_segmentation/normal_dataset/img/00000918_person375_virus_758.png,/head/NFS/mkuyokwa/lungcxr/lung_cxr_segmentation/normal-results/segments/normal_full/00000918_person375_virus_758.nrrd,/head/NFS/mkuyokwa/lungcxr/lung_cxr_segmentation/normal-results/segments/normal_ref_fixed/00000918_person375_virus_758_ref.nrrd,normal,0,0.920950419505992,0.8534829503240847,61.40032573203501,7.165500512563814,0.0081551411945208,0.0752789651918059,0.0585528280087754,good,train
/head/NFS/mkuyokwa/lungcxr/lung_cxr_segmentation/normal_dataset/img/00000399_person992_virus_1670.png,/head/NFS/mkuyokwa/lungcxr/lung_cxr_segmentation/normal-results/segments/normal_full/00000399_person992_virus_1670.nrrd,/head/NFS/mkuyokwa/lungcxr/lung_cxr_segmentation/normal-results/segments/normal_ref_fixed/00000399_person992_virus_1670_ref.nrrd,normal,0,0.8915798559183707,0.8043699500400913,80.00624975587844,7.367465563551415,-0.1862122597571293,0.1843611232722496,0.0045209598966637,good,train
/head/NFS/mkuyokwa/lungcxr/lung_cxr_segmentation/normal_dataset/img/00001106_person145_virus_295.png,/head/NFS/mkuyokwa/lungcxr/lung_cxr_segmentation/normal-results/segments/normal_full/00001106_person145_virus_295.nrrd,/head/NFS/mkuyokwa/lungcxr/lung_cxr_segmentation/normal-results/segments/normal_ref_fixed/00001106_person145_virus_295_ref.nrrd,normal,0,0.9414486785526732,0.8893746193292336,61.00819617067857,5.078194937211318,0.0764011293266156,0.0211590442209968,0.0548410293892274,good,train
/head/NFS/mkuyokwa/lungcxr/lung_cxr_segmentation/normal_dataset/img/00001589_person1124_virus_1851.png,/head/NFS/mkuyokwa/lungcxr/lung_cxr_segmentation/normal-results/segments/normal_full/00001589_person1124_virus_1851.nrrd,/head/NFS/mkuyokwa/lungcxr/lung_cxr_segmentation/normal-results/segments/normal_ref_fixed/00001589_person1124_virus_1851_ref.nrrd,normal,0,0.9291511636934802,0.8676772408869853,56.0357029044876,6.265215935385088,-0.0220615022604977,0.0809862482869429,0.0282140845070422,good,train
/head/NFS/mkuyokwa/lungcxr/lung_cxr_segmentation/normal_dataset/img/00001531_person1052_virus_1751.png,/head/NFS/mkuyokwa/lungcxr/lung_cxr_segmentation/normal-results/segments/normal_full/00001531_person1052_virus_1751.nrrd,/head/NFS/mkuyokwa/lungcxr/lung_cxr_segmentation/normal-results/segments/normal_ref_fixed/00001531_person1052_virus_1751_ref.nrrd,normal,0,0.9318585377337788,0.8724111652371418,54.589376255824725,8.561159729699702,0.0858142699243049,0.0263655996464574,0.0978448124318813,good,train
/head/NFS/mkuyokwa/lungcxr/lung_cxr_segmentation/normal_dataset/img/00004312_person1266_bacteria_3224.png,/head/NFS/mkuyokwa/lungcxr/lung_cxr_segmentation/normal-results/segments/normal_full/00004312_person1266_bacteria_3224.nrrd,/head/NFS/mkuyokwa/lungcxr/lung_cxr_segmentation/normal-results/segments/normal_ref_fixed/00004312_person1266_bacteria_3224_ref.nrrd,normal,0,0.9215924788157434,0.8545864719152678,60.00833275470999,5.683531642784988,-0.0621954655725762,0.1062025940786755,0.0183939249814297,good,train
/head/NFS/mkuyokwa/lungcxr/lung_cxr_segmentation/normal_dataset/img/00004327_person1033_bacteria_2966.png,/head/NFS/mkuyokwa/lungcxr/lung_cxr_segmentation/normal-results/segments/normal_full/00004327_person1033_bacteria_2966.nrrd,/head/NFS/mkuyokwa/lungcxr/lung_cxr_segmentation/normal-results/segments/normal_ref_fixed/00004327_person1033_bacteria_2966_ref.nrrd,normal,0,0.9246089235001542,0.8597885399138208,45.69463863518345,6.768062744891466,-0.0675617014377389,0.1056045168014084,0.0243581343799942,good,train
/head/NFS/mkuyokwa/lungcxr/lung_cxr_segmentation/normal_dataset/img/00001248_person1414_virus_2424.png,/head/NFS/mkuyokwa/lungcxr/lung_cxr_segmentation/normal-results/segments/normal_full/00001248_person1414_virus_2424.nrrd,/head/NFS/mkuyokwa/lungcxr/lung_cxr_segmentation/normal-results/segments/normal_ref_fixed/00001248_person1414_virus_2424_ref.nrrd,normal,0,0.8630248385846755,0.7590533794162826,68.26419266350405,10.952873779518317,0.2403737522035988,0.0190816491110532,0.1297709082696661,good,train
/head/NFS/mkuyokwa/lungcxr/lung_cxr_segmentation/normal_dataset/img/00005799_IM-0003-0001.png,/head/NFS/mkuyokwa/lungcxr/lung_cxr_segmentation/normal-results/segments/normal_full/00005799_IM-0003-0001.nrrd,/head/NFS/mkuyokwa/lungcxr/lung_cxr_segmentation/normal-results/segments/normal_ref_fixed/00005799_IM-0003-0001_ref.nrrd,normal,0,0.9445770804911324,0.8949749555663273,60.40695324215582,4.937602500645005,-0.0545301340181365,0.0804933304689178,0.0175725250097033,good,train
/head/NFS/mkuyokwa/lungcxr/lung_cxr_segmentation/normal_dataset/img/00005927_NORMAL2-IM-0219-0001.png,/head/NFS/mkuyokwa/lungcxr/lung_cxr_segmentation/normal-results/segments/normal_full/00005927_NORMAL2-IM-0219-0001.nrrd,/head/NFS/mkuyokwa/lungcxr/lung_cxr_segmentation/normal-results/segments/normal_ref_fixed/00005927_NORMAL2-IM-0219-0001_ref.nrrd,normal,0,0.9353683011967128,0.8785839293044962,78.31347265956222,5.571223771340265,-0.0693414916069077,0.0959749224664021,0.0151292520167496,good,train
/head/NFS/mkuyokwa/lungcxr/lung_cxr_segmentation/normal_dataset/img/00004225_person1167_bacteria_3113.png,/head/NFS/mkuyokwa/lungcxr/lung_cxr_segmentation/normal-results/segments/normal_full/00004225_person1167_bacteria_3113.nrrd,/head/NFS/mkuyokwa/lungcxr/lung_cxr_segmentation/normal-results/segments/normal_ref_fixed/00004225_person1167_bacteria_3113_ref.nrrd,normal,0,0.8915121047303675,0.8042596662848652,88.41379982785493,11.10029660120466,0.1369009831340185,0.0429793621704255,0.1343149449390129,good,train
/head/NFS/mkuyokwa/lungcxr/lung_cxr_segmentation/normal_dataset/img/00002678_person487_bacteria_2059.png,/head/NFS/mkuyokwa/lungcxr/lung_cxr_segmentation/normal-results/segments/normal_full/00002678_person487_bacteria_2059.nrrd,/head/NFS/mkuyokwa/lungcxr/lung_cxr_segmentation/normal-results/segments/normal_ref_fixed/00002678_person487_bacteria_2059_ref.nrrd,normal,0,0.9394259200291134,0.885771147692862,53.33854141237835,5.851878367405671,-0.0405586134740481,0.0792463261520901,0.0295266666666666,good,train
/head/NFS/mkuyokwa/lungcxr/lung_cxr_segmentation/normal_dataset/img/00000497_person844_virus_1487.png,/head/NFS/mkuyokwa/lungcxr/lung_cxr_segmentation/normal-results/segments/normal_full/00000497_person844_virus_1487.nrrd,/head/NFS/mkuyokwa/lungcxr/lung_cxr_segmentation/normal-results/segments/normal_ref_fixed/00000497_person844_virus_1487_ref.nrrd,normal,0,0.9135505691784124,0.8408588041576618,62.80127387243033,6.800156578572964,-0.0132633594454266,0.0924678930926761,0.0300390807862444,good,train
/head/NFS/mkuyokwa/lungcxr/lung_cxr_segmentation/normal_dataset/img/00000964_person297_virus_614.png,/head/NFS/mkuyokwa/lungcxr/lung_cxr_segmentation/normal-results/segments/normal_full/00000964_person297_virus_614.nrrd,/head/NFS/mkuyokwa/lungcxr/lung_cxr_segmentation/normal-results/segments/normal_ref_fixed/00000964_person297_virus_614_ref.nrrd,normal,0,0.903414000404459,0.8238423623296934,64.51356446515724,7.967040024168509,0.0493562363265331,0.0737273332746899,0.0541938028230731,good,train
/head/NFS/mkuyokwa/lungcxr/lung_cxr_segmentation/normal_dataset/img/00003624_person1663_bacteria_4411.png,/head/NFS/mkuyokwa/lungcxr/lung_cxr_segmentation/normal-results/segments/normal_full/00003624_person1663_bacteria_4411.nrrd,/head/NFS/mkuyokwa/lungcxr/lung_cxr_segmentation/normal-results/segments/normal_ref_fixed/00003624_person1663_bacteria_4411_ref.nrrd,normal,0,0.934393407422453,0.8768652652216534,51.419840528729765,4.958024258310102,-0.0228651017032759,0.0761683449522334,0.0194044587642259,good,train
/head/NFS/mkuyokwa/lungcxr/lung_cxr_segmentation/normal_dataset/img/00003280_person319_bacteria_1477.png,/head/NFS/mkuyokwa/lungcxr/lung_cxr_segmentation/normal-results/segments/normal_full/00003280_person319_bacteria_1477.nrrd,/head/NFS/mkuyokwa/lungcxr/lung_cxr_segmentation/normal-results/segments/normal_ref_fixed/00003280_person319_bacteria_1477_ref.nrrd,normal,0,0.9078584629364704,0.8312644763768018,60.876925020897694,7.435224335680781,-0.1252171990986621,0.145632302127512,0.0136950418823422,good,train
/head/NFS/mkuyokwa/lungcxr/lung_cxr_segmentation/normal_dataset/img/00000476_person806_virus_1440.png,/head/NFS/mkuyokwa/lungcxr/lung_cxr_segmentation/normal-results/segments/normal_full/00000476_person806_virus_1440.nrrd,/head/NFS/mkuyokwa/lungcxr/lung_cxr_segmentation/normal-results/segments/normal_ref_fixed/00000476_person806_virus_1440_ref.nrrd,normal,0,0.92782572645385,0.8653683914510686,30.01666203960727,8.471523873644307,-0.0146819264898637,0.0789357721887341,0.054564422107719,good,train
/head/NFS/mkuyokwa/lungcxr/lung_cxr_segmentation/normal_dataset/img/00006470_1-s2.0-S1684118220300372-gr1_lrg-b.png,/head/NFS/mkuyokwa/lungcxr/lung_cxr_segmentation/normal-results/segments/normal_full/00006470_1-s2.0-S1684118220300372-gr1_lrg-b.nrrd,/head/NFS/mkuyokwa/lungcxr/lung_cxr_segmentation/normal-results/segments/normal_ref_fixed/00006470_1-s2.0-S1684118220300372-gr1_lrg-b_ref.nrrd,normal,0,0.9189400316508972,0.8500361298681883,49.16299421312742,6.78178922479887,0.1050405737566921,0.0301216807869449,0.0517111931427141,good,train
/head/NFS/mkuyokwa/lungcxr/lung_cxr_segmentation/normal_dataset/img/00000830_person442_virus_898.png,/head/NFS/mkuyokwa/lungcxr/lung_cxr_segmentation/normal-results/segments/normal_full/00000830_person442_virus_898.nrrd,/head/NFS/mkuyokwa/lungcxr/lung_cxr_segmentation/normal-results/segments/normal_ref_fixed/00000830_person442_virus_898_ref.nrrd,normal,0,0.9077016926593916,0.8310016472234132,72.80109889280519,7.450543575641477,0.0629864008035048,0.0627823232258967,0.0547247419029718,good,train
/head/NFS/mkuyokwa/lungcxr/lung_cxr_segmentation/normal_dataset/img/00000607_person704_virus_1301.png,/head/NFS/mkuyokwa/lungcxr/lung_cxr_segmentation/normal-results/segments/normal_full/00000607_person704_virus_1301.nrrd,/head/NFS/mkuyokwa/lungcxr/lung_cxr_segmentation/normal-results/segments/normal_ref_fixed/00000607_person704_virus_1301_ref.nrrd,normal,0,0.952278165420076,0.9089036173440868,69.06518659932803,4.906752233104475,-0.0495791710590164,0.0707573741315546,0.0196269378110343,good,train
/head/NFS/mkuyokwa/lungcxr/lung_cxr_segmentation/normal_dataset/img/00006136_person111_bacteria_536.png,/head/NFS/mkuyokwa/lungcxr/lung_cxr_segmentation/normal-results/segments/normal_full/00006136_person111_bacteria_536.nrrd,/head/NFS/mkuyokwa/lungcxr/lung_cxr_segmentation/normal-results/segments/normal_ref_fixed/00006136_person111_bacteria_536_ref.nrrd,normal,0,0.9283372365339578,0.8662587412587412,91.41115905621152,6.056463375480522,-0.0941386021044298,0.1133946572580645,0.0101978291316526,good,train
/head/NFS/mkuyokwa/lungcxr/lung_cxr_segmentation/normal_dataset/img/00002419_person536_bacteria_2257.png,/head/NFS/mkuyokwa/lungcxr/lung_cxr_segmentation/normal-results/segments/normal_full/00002419_person536_bacteria_2257.nrrd,/head/NFS/mkuyokwa/lungcxr/lung_cxr_segmentation/normal-results/segments/normal_ref_fixed/00002419_person536_bacteria_2257_ref.nrrd,normal,0,0.9075082169268694,0.8306773844779768,104.04326023342406,8.17862502923248,-0.1224578882497945,0.1448516157131277,0.0135664421378707,good,train
/head/NFS/mkuyokwa/lungcxr/lung_cxr_segmentation/normal_dataset/img/00004310_person1264_bacteria_3222.png,/head/NFS/mkuyokwa/lungcxr/lung_cxr_segmentation/normal-results/segments/normal_full/00004310_person1264_bacteria_3222.nrrd,/head/NFS/mkuyokwa/lungcxr/lung_cxr_segmentation/normal-results/segments/normal_ref_fixed/00004310_person1264_bacteria_3222_ref.nrrd,normal,0,0.9574741665497732,0.9184176888749356,71.84705978674423,3.812757312774604,-0.0371253565249918,0.0599752111641571,0.0117137502285609,good,train
/head/NFS/mkuyokwa/lungcxr/lung_cxr_segmentation/normal_dataset/img/00005233_IM-0730-0001.png,/head/NFS/mkuyokwa/lungcxr/lung_cxr_segmentation/normal-results/segments/normal_full/00005233_IM-0730-0001.nrrd,/head/NFS/mkuyokwa/lungcxr/lung_cxr_segmentation/normal-results/segments/normal_ref_fixed/00005233_IM-0730-0001_ref.nrrd,normal,0,0.8964633337515909,0.8123548235141237,91.54780172128658,6.4384768670748524,-0.1786079194077473,0.1770310520166532,0.0039428926132836,good,train
/head/NFS/mkuyokwa/lungcxr/lung_cxr_segmentation/normal_dataset/img/00003523_person1935_bacteria_4848.png,/head/NFS/mkuyokwa/lungcxr/lung_cxr_segmentation/normal-results/segments/normal_full/00003523_person1935_bacteria_4848.nrrd,/head/NFS/mkuyokwa/lungcxr/lung_cxr_segmentation/normal-results/segments/normal_ref_fixed/00003523_person1935_bacteria_4848_ref.nrrd,normal,0,0.8888253968253969,0.799897148734358,55.54277630799526,7.595851767107538,-0.1487936507936507,0.1727214974810525,0.0119152306165373,good,train
/head/NFS/mkuyokwa/lungcxr/lung_cxr_segmentation/normal_dataset/img/00001423_person1182_virus_2017.png,/head/NFS/mkuyokwa/lungcxr/lung_cxr_segmentation/normal-results/segments/normal_full/00001423_person1182_virus_2017.nrrd,/head/NFS/mkuyokwa/lungcxr/lung_cxr_segmentation/normal-results/segments/normal_ref_fixed/00001423_person1182_virus_2017_ref.nrrd,normal,0,0.9350921181728988,0.8780967200360346,60.21627686929839,6.542938842813463,0.0927330208219775,0.0194428694236643,0.0835024018638987,good,train
/head/NFS/mkuyokwa/lungcxr/lung_cxr_segmentation/normal_dataset/img/00000550_person625_virus_1199.png,/head/NFS/mkuyokwa/lungcxr/lung_cxr_segmentation/normal-results/segments/normal_full/00000550_person625_virus_1199.nrrd,/head/NFS/mkuyokwa/lungcxr/lung_cxr_segmentation/normal-results/segments/normal_ref_fixed/00000550_person625_virus_1199_ref.nrrd,normal,0,0.9221758286059838,0.8555902280548016,57.38466694161429,6.437205178343207,0.059377429665678,0.0496082621082621,0.052466498785862,good,train
/head/NFS/mkuyokwa/lungcxr/lung_cxr_segmentation/normal_dataset/img/00001920_person9_bacteria_38.png,/head/NFS/mkuyokwa/lungcxr/lung_cxr_segmentation/normal-results/segments/normal_full/00001920_person9_bacteria_38.nrrd,/head/NFS/mkuyokwa/lungcxr/lung_cxr_segmentation/normal-results/segments/normal_ref_fixed/00001920_person9_bacteria_38_ref.nrrd,normal,0,0.9025736115455072,0.8224456975347597,79.07591289387686,8.020169289879842,0.1518922300165318,0.0232456935630099,0.0865070031602004,good,train
/head/NFS/mkuyokwa/lungcxr/lung_cxr_segmentation/normal_dataset/img/00002236_person605_bacteria_2468.png,/head/NFS/mkuyokwa/lungcxr/lung_cxr_segmentation/normal-results/segments/normal_full/00002236_person605_bacteria_2468.nrrd,/head/NFS/mkuyokwa/lungcxr/lung_cxr_segmentation/normal-results/segments/normal_ref_fixed/00002236_person605_bacteria_2468_ref.nrrd,normal,0,0.8162804711038072,0.6895894265299323,118.79393923933998,14.52854176168832,0.2735907970419063,0.0543603802561271,0.1595538709061656,good,train
/head/NFS/mkuyokwa/lungcxr/lung_cxr_segmentation/normal_dataset/img/00006285_person1_virus_9.png,/head/NFS/mkuyokwa/lungcxr/lung_cxr_segmentation/normal-results/segments/normal_full/00006285_person1_virus_9.nrrd,/head/NFS/mkuyokwa/lungcxr/lung_cxr_segmentation/normal-results/segments/normal_ref_fixed/00006285_person1_virus_9_ref.nrrd,normal,0,0.9064613499160272,0.8289248394159826,95.88534820294495,7.787962274768306,-0.1039671372157414,0.1383312658432662,0.0216124977130412,good,train
/head/NFS/mkuyokwa/lungcxr/lung_cxr_segmentation/normal_dataset/img/00006116_person103_bacteria_490.png,/head/NFS/mkuyokwa/lungcxr/lung_cxr_segmentation/normal-results/segments/normal_full/00006116_person103_bacteria_490.nrrd,/head/NFS/mkuyokwa/lungcxr/lung_cxr_segmentation/normal-results/segments/normal_ref_fixed/00006116_person103_bacteria_490_ref.nrrd,normal,0,0.9289169995561474,0.8672689223628867,45.880278987817846,6.106771759706577,0.0635153129161118,0.0406151871461642,0.052994522145855,good,train
/head/NFS/mkuyokwa/lungcxr/lung_cxr_segmentation/normal_dataset/img/00002329_person692_bacteria_2589.png,/head/NFS/mkuyokwa/lungcxr/lung_cxr_segmentation/normal-results/segments/normal_full/00002329_person692_bacteria_2589.nrrd,/head/NFS/mkuyokwa/lungcxr/lung_cxr_segmentation/normal-results/segments/normal_ref_fixed/00002329_person692_bacteria_2589_ref.nrrd,normal,0,0.9092890469509608,0.8336663755040503,59.64059020499378,7.009212585183074,0.0200071780482234,0.081522885467201,0.0414251052134329,good,train
/head/NFS/mkuyokwa/lungcxr/lung_cxr_segmentation/normal_dataset/img/00002944_person35_bacteria_180.png,/head/NFS/mkuyokwa/lungcxr/lung_cxr_segmentation/normal-results/segments/normal_full/00002944_person35_bacteria_180.nrrd,/head/NFS/mkuyokwa/lungcxr/lung_cxr_segmentation/normal-results/segments/normal_ref_fixed/00002944_person35_bacteria_180_ref.nrrd,normal,0,0.9160969157949002,0.8451834201272123,99.0050503762308,9.145273108100556,0.0308160151632707,0.0695669649467961,0.0568966957434875,good,train
/head/NFS/mkuyokwa/lungcxr/lung_cxr_segmentation/normal_dataset/img/00003836_person1584_bacteria_4148.png,/head/NFS/mkuyokwa/lungcxr/lung_cxr_segmentation/normal-results/segments/normal_full/00003836_person1584_bacteria_4148.nrrd,/head/NFS/mkuyokwa/lungcxr/lung_cxr_segmentation/normal-results/segments/normal_ref_fixed/00003836_person1584_bacteria_4148_ref.nrrd,normal,0,0.911008474401534,0.8365615828836505,49.16299421312742,8.200796644972451,0.0756510443514299,0.0531774689539157,0.0728667476231377,good,train
/head/NFS/mkuyokwa/lungcxr/lung_cxr_segmentation/normal_dataset/img/00003993_person1380_bacteria_3515.png,/head/NFS/mkuyokwa/lungcxr/lung_cxr_segmentation/normal-results/segments/normal_full/00003993_person1380_bacteria_3515.nrrd,/head/NFS/mkuyokwa/lungcxr/lung_cxr_segmentation/normal-results/segments/normal_ref_fixed/00003993_person1380_bacteria_3515_ref.nrrd,normal,0,0.9494495453406628,0.9037638707686264,53.9351462406472,3.564168217619637,-0.0422088927534523,0.0701739193187558,0.0103599002379977,good,train
/head/NFS/mkuyokwa/lungcxr/lung_cxr_segmentation/normal_dataset/img/00000508_person860_virus_1505.png,/head/NFS/mkuyokwa/lungcxr/lung_cxr_segmentation/normal-results/segments/normal_full/00000508_person860_virus_1505.nrrd,/head/NFS/mkuyokwa/lungcxr/lung_cxr_segmentation/normal-results/segments/normal_ref_fixed/00000508_person860_virus_1505_ref.nrrd,normal,0,0.9165287841615792,0.8459189046866772,46.01086828130936,5.834407928081071,0.1559308495464141,0.0059713498963522,0.0573057488025437,good,train
/head/NFS/mkuyokwa/lungcxr/lung_cxr_segmentation/normal_dataset/img/00003380_person253_bacteria_1156.png,/head/NFS/mkuyokwa/lungcxr/lung_cxr_segmentation/normal-results/segments/normal_full/00003380_person253_bacteria_1156.nrrd,/head/NFS/mkuyokwa/lungcxr/lung_cxr_segmentation/normal-results/segments/normal_ref_fixed/00003380_person253_bacteria_1156_ref.nrrd,normal,0,0.9320475015546328,0.872742470204833,89.26925562588724,6.117960474676902,-0.082445688150689,0.1048530035063383,0.0168317206881742,good,train
/head/NFS/mkuyokwa/lungcxr/lung_cxr_segmentation/normal_dataset/img/00002817_person405_bacteria_1817.png,/head/NFS/mkuyokwa/lungcxr/lung_cxr_segmentation/normal-results/segments/normal_full/00002817_person405_bacteria_1817.nrrd,/head/NFS/mkuyokwa/lungcxr/lung_cxr_segmentation/normal-results/segments/normal_ref_fixed/00002817_person405_bacteria_1817_ref.nrrd,normal,0,0.9430416053902396,0.8922220687205195,60.30754513325841,5.1314289867442255,-0.0462050335325469,0.0782530685478938,0.0197864091873308,good,train
/head/NFS/mkuyokwa/lungcxr/lung_cxr_segmentation/normal_dataset/img/00001528_person1048_virus_1744.png,/head/NFS/mkuyokwa/lungcxr/lung_cxr_segmentation/normal-results/segments/normal_full/00001528_person1048_virus_1744.nrrd,/head/NFS/mkuyokwa/lungcxr/lung_cxr_segmentation/normal-results/segments/normal_ref_fixed/00001528_person1048_virus_1744_ref.nrrd,normal,0,0.9515848637343964,0.9076412871373536,69.35416353759881,4.564440407077379,-0.0135154565061107,0.0548025239541949,0.0172156739879646,good,train
/head/NFS/mkuyokwa/lungcxr/lung_cxr_segmentation/normal_dataset/img/00001375_person124_virus_245.png,/head/NFS/mkuyokwa/lungcxr/lung_cxr_segmentation/normal-results/segments/normal_full/00001375_person124_virus_245.nrrd,/head/NFS/mkuyokwa/lungcxr/lung_cxr_segmentation/normal-results/segments/normal_ref_fixed/00001375_person124_virus_245_ref.nrrd,normal,0,0.8820406333325468,0.7889737853011947,39.6232255123179,11.086833040373778,0.039311923358267,0.1002743946468974,0.0921158207974526,good,train
/head/NFS/mkuyokwa/lungcxr/lung_cxr_segmentation/normal_dataset/img/00003880_person1454_bacteria_3774.png,/head/NFS/mkuyokwa/lungcxr/lung_cxr_segmentation/normal-results/segments/normal_full/00003880_person1454_bacteria_3774.nrrd,/head/NFS/mkuyokwa/lungcxr/lung_cxr_segmentation/normal-results/segments/normal_ref_fixed/00003880_person1454_bacteria_3774_ref.nrrd,normal,0,0.9037209502867244,0.824353024463148,57.0087712549569,9.172305711423698,-0.0858448669857284,0.1334725179320751,0.0299292581171775,good,train
/head/NFS/mkuyokwa/lungcxr/lung_cxr_segmentation/normal_dataset/img/00000861_person327_virus_679.png,/head/NFS/mkuyokwa/lungcxr/lung_cxr_segmentation/normal-results/segments/normal_full/00000861_person327_virus_679.nrrd,/head/NFS/mkuyokwa/lungcxr/lung_cxr_segmentation/normal-results/segments/normal_ref_fixed/00000861_person327_virus_679_ref.nrrd,normal,0,0.8789331205653549,0.7840148850072188,61.0,9.51912471357171,0.1362892884620864,0.0567923282041245,0.0920228394035146,good,train
/head/NFS/mkuyokwa/lungcxr/lung_cxr_segmentation/normal_dataset/img/00002471_person554_bacteria_2320.png,/head/NFS/mkuyokwa/lungcxr/lung_cxr_segmentation/normal-results/segments/normal_full/00002471_person554_bacteria_2320.nrrd,/head/NFS/mkuyokwa/lungcxr/lung_cxr_segmentation/normal-results/segments/normal_ref_fixed/00002471_person554_bacteria_2320_ref.nrrd,normal,0,0.8551739841685493,0.7469903481774596,71.55417527999327,12.304811912392664,0.253698699088583,0.0205882756632856,0.1197599412532292,good,train
/head/NFS/mkuyokwa/lungcxr/lung_cxr_segmentation/normal_dataset/img/00002266_person629_bacteria_2507.png,/head/NFS/mkuyokwa/lungcxr/lung_cxr_segmentation/normal-results/segments/normal_full/00002266_person629_bacteria_2507.nrrd,/head/NFS/mkuyokwa/lungcxr/lung_cxr_segmentation/normal-results/segments/normal_ref_fixed/00002266_person629_bacteria_2507_ref.nrrd,normal,0,0.908373898576622,0.8321291487920524,49.49747468305833,6.294276093763867,0.1147328855752048,0.0363446202117923,0.0562898661686575,good,train
/head/NFS/mkuyokwa/lungcxr/lung_cxr_segmentation/normal_dataset/img/00006939_d680397c.png,/head/NFS/mkuyokwa/lungcxr/lung_cxr_segmentation/normal-results/segments/normal_full/00006939_d680397c.nrrd,/head/NFS/mkuyokwa/lungcxr/lung_cxr_segmentation/normal-results/segments/normal_ref_fixed/00006939_d680397c_ref.nrrd,normal,0,0.8425327884008441,0.7279107174334567,66.64082832618455,13.76234325078469,0.0926427737998839,0.1165443191998609,0.0852970532192552,good,train
/head/NFS/mkuyokwa/lungcxr/lung_cxr_segmentation/normal_dataset/img/00000388_person976_virus_1651.png,/head/NFS/mkuyokwa/lungcxr/lung_cxr_segmentation/normal-results/segments/normal_full/00000388_person976_virus_1651.nrrd,/head/NFS/mkuyokwa/lungcxr/lung_cxr_segmentation/normal-results/segments/normal_ref_fixed/00000388_person976_virus_1651_ref.nrrd,normal,0,0.9393406702236968,0.8856195800604583,119.05040949110592,6.372456640250784,-0.0787580930687431,0.096248213434969,0.00964733084901,good,train
/head/NFS/mkuyokwa/lungcxr/lung_cxr_segmentation/normal_dataset/img/00006701_16674_1_1.png,/head/NFS/mkuyokwa/lungcxr/lung_cxr_segmentation/normal-results/segments/normal_full/00006701_16674_1_1.nrrd,/head/NFS/mkuyokwa/lungcxr/lung_cxr_segmentation/normal-results/segments/normal_ref_fixed/00006701_16674_1_1_ref.nrrd,normal,0,0.9298441195234014,0.8688866140784006,53.66563145999496,5.699763284296201,0.0994825464129447,0.0214832094612922,0.0493758359340169,good,train
/head/NFS/mkuyokwa/lungcxr/lung_cxr_segmentation/normal_dataset/img/00006737_16745_7_4.png,/head/NFS/mkuyokwa/lungcxr/lung_cxr_segmentation/normal-results/segments/normal_full/00006737_16745_7_4.nrrd,/head/NFS/mkuyokwa/lungcxr/lung_cxr_segmentation/normal-results/segments/normal_ref_fixed/00006737_16745_7_4_ref.nrrd,normal,0,,,,,,,,bad,train
/head/NFS/mkuyokwa/lungcxr/lung_cxr_segmentation/normal_dataset/img/00006509_000002-3.png,/head/NFS/mkuyokwa/lungcxr/lung_cxr_segmentation/normal-results/segments/normal_full/00006509_000002-3.nrrd,/head/NFS/mkuyokwa/lungcxr/lung_cxr_segmentation/normal-results/segments/normal_ref_fixed/00006509_000002-3_ref.nrrd,normal,0,,,,,,,,bad,train
/head/NFS/mkuyokwa/lungcxr/lung_cxr_segmentation/normal_dataset/img/00006627_191F3B3A-2879-4EF3-BE56-EE0D2B5AAEE3.png,/head/NFS/mkuyokwa/lungcxr/lung_cxr_segmentation/normal-results/segments/normal_full/00006627_191F3B3A-2879-4EF3-BE56-EE0D2B5AAEE3.nrrd,/head/NFS/mkuyokwa/lungcxr/lung_cxr_segmentation/normal-results/segments/normal_ref_fixed/00006627_191F3B3A-2879-4EF3-BE56-EE0D2B5AAEE3_ref.nrrd,normal,0,,,,,,,,bad,train
/head/NFS/mkuyokwa/lungcxr/lung_cxr_segmentation/normal_dataset/img/00007007_nejmoa2001017_f1-b.png,/head/NFS/mkuyokwa/lungcxr/lung_cxr_segmentation/normal-results/segments/normal_full/00007007_nejmoa2001017_f1-b.nrrd,/head/NFS/mkuyokwa/lungcxr/lung_cxr_segmentation/normal-results/segments/normal_ref_fixed/00007007_nejmoa2001017_f1-b_ref.nrrd,normal,0,0.701011617515639,0.539659651285664,100.66280345788113,26.049468833851787,0.529201072386059,0.0467607715041219,0.1870610121872508,bad,train
/head/NFS/mkuyokwa/lungcxr/lung_cxr_segmentation/normal_dataset/img/00004371_person1080_bacteria_3020.png,/head/NFS/mkuyokwa/lungcxr/lung_cxr_segmentation/normal-results/segments/normal_full/00004371_person1080_bacteria_3020.nrrd,/head/NFS/mkuyokwa/lungcxr/lung_cxr_segmentation/normal-results/segments/normal_ref_fixed/00004371_person1080_bacteria_3020_ref.nrrd,normal,0,0.7201782441513638,0.5627176134959678,156.46085772486356,19.38340518192571,0.3693822546447695,0.1166804774414217,0.1573080199586223,bad,train
/head/NFS/mkuyokwa/lungcxr/lung_cxr_segmentation/normal_dataset/img/00006464_1-s2.0-S0929664620300449-gr3_lrg-d.png,/head/NFS/mkuyokwa/lungcxr/lung_cxr_segmentation/normal-results/segments/normal_full/00006464_1-s2.0-S0929664620300449-gr3_lrg-d.nrrd,/head/NFS/mkuyokwa/lungcxr/lung_cxr_segmentation/normal-results/segments/normal_ref_fixed/00006464_1-s2.0-S0929664620300449-gr3_lrg-d_ref.nrrd,normal,0,,,,,,,,bad,train
/head/NFS/mkuyokwa/lungcxr/lung_cxr_segmentation/normal_dataset/img/00006724_16745_3_2.png,/head/NFS/mkuyokwa/lungcxr/lung_cxr_segmentation/normal-results/segments/normal_full/00006724_16745_3_2.nrrd,/head/NFS/mkuyokwa/lungcxr/lung_cxr_segmentation/normal-results/segments/normal_ref_fixed/00006724_16745_3_2_ref.nrrd,normal,0,,,,,,,,bad,train
/head/NFS/mkuyokwa/lungcxr/lung_cxr_segmentation/normal_dataset/img/00006462_1-s2.0-S0929664620300449-gr3_lrg-b.png,/head/NFS/mkuyokwa/lungcxr/lung_cxr_segmentation/normal-results/segments/normal_full/00006462_1-s2.0-S0929664620300449-gr3_lrg-b.nrrd,/head/NFS/mkuyokwa/lungcxr/lung_cxr_segmentation/normal-results/segments/normal_ref_fixed/00006462_1-s2.0-S0929664620300449-gr3_lrg-b_ref.nrrd,normal,0,,,,,,,,bad,train
/head/NFS/mkuyokwa/lungcxr/lung_cxr_segmentation/normal_dataset/img/00006719_16744_2_4.png,/head/NFS/mkuyokwa/lungcxr/lung_cxr_segmentation/normal-results/segments/normal_full/00006719_16744_2_4.nrrd,/head/NFS/mkuyokwa/lungcxr/lung_cxr_segmentation/normal-results/segments/normal_ref_fixed/00006719_16744_2_4_ref.nrrd,normal,0,,,,,,,,bad,train
/head/NFS/mkuyokwa/lungcxr/lung_cxr_segmentation/normal_dataset/img/00006834_cavitating-pneumonia-4-day28-L.png,/head/NFS/mkuyokwa/lungcxr/lung_cxr_segmentation/normal-results/segments/normal_full/00006834_cavitating-pneumonia-4-day28-L.nrrd,/head/NFS/mkuyokwa/lungcxr/lung_cxr_segmentation/normal-results/segments/normal_ref_fixed/00006834_cavitating-pneumonia-4-day28-L_ref.nrrd,normal,0,,,,,,,,bad,train
/head/NFS/mkuyokwa/lungcxr/lung_cxr_segmentation/normal_dataset/img/00006843_covid-19-caso-70-1-L.png,/head/NFS/mkuyokwa/lungcxr/lung_cxr_segmentation/normal-results/segments/normal_full/00006843_covid-19-caso-70-1-L.nrrd,/head/NFS/mkuyokwa/lungcxr/lung_cxr_segmentation/normal-results/segments/normal_ref_fixed/00006843_covid-19-caso-70-1-L_ref.nrrd,normal,0,,,,,,,,bad,train
/head/NFS/mkuyokwa/lungcxr/lung_cxr_segmentation/normal_dataset/img/00006856_covid-19-caso-95-2-16.png,/head/NFS/mkuyokwa/lungcxr/lung_cxr_segmentation/normal-results/segments/normal_full/00006856_covid-19-caso-95-2-16.nrrd,/head/NFS/mkuyokwa/lungcxr/lung_cxr_segmentation/normal-results/segments/normal_ref_fixed/00006856_covid-19-caso-95-2-16_ref.nrrd,normal,0,,,,,,,,bad,train
/head/NFS/mkuyokwa/lungcxr/lung_cxr_segmentation/normal_dataset/img/00003739_person1770_bacteria_4613.png,/head/NFS/mkuyokwa/lungcxr/lung_cxr_segmentation/normal-results/segments/normal_full/00003739_person1770_bacteria_4613.nrrd,/head/NFS/mkuyokwa/lungcxr/lung_cxr_segmentation/normal-results/segments/normal_ref_fixed/00003739_person1770_bacteria_4613_ref.nrrd,normal,0,0.7695437127567987,0.6254132883346366,219.64744478368056,24.340287344946542,0.244804942689782,0.1231245672078171,0.0994642075410647,bad,train
/head/NFS/mkuyokwa/lungcxr/lung_cxr_segmentation/normal_dataset/img/00006870_covid-19-pneumonia-15-L.png,/head/NFS/mkuyokwa/lungcxr/lung_cxr_segmentation/normal-results/segments/normal_full/00006870_covid-19-pneumonia-15-L.nrrd,/head/NFS/mkuyokwa/lungcxr/lung_cxr_segmentation/normal-results/segments/normal_ref_fixed/00006870_covid-19-pneumonia-15-L_ref.nrrd,normal,0,,,,,,,,bad,train
/head/NFS/mkuyokwa/lungcxr/lung_cxr_segmentation/normal_dataset/img/00006886_covid-19-pneumonia-30-L.png,/head/NFS/mkuyokwa/lungcxr/lung_cxr_segmentation/normal-results/segments/normal_full/00006886_covid-19-pneumonia-30-L.nrrd,/head/NFS/mkuyokwa/lungcxr/lung_cxr_segmentation/normal-results/segments/normal_ref_fixed/00006886_covid-19-pneumonia-30-L_ref.nrrd,normal,0,,,,,,,,bad,train
/head/NFS/mkuyokwa/lungcxr/lung_cxr_segmentation/normal_dataset/img/00006603_35AF5C3B-D04D-4B4B-92B7-CB1F67D83085.png,/head/NFS/mkuyokwa/lungcxr/lung_cxr_segmentation/normal-results/segments/normal_full/00006603_35AF5C3B-D04D-4B4B-92B7-CB1F67D83085.nrrd,/head/NFS/mkuyokwa/lungcxr/lung_cxr_segmentation/normal-results/segments/normal_ref_fixed/00006603_35AF5C3B-D04D-4B4B-92B7-CB1F67D83085_ref.nrrd,normal,0,,,,,,,,bad,train
/head/NFS/mkuyokwa/lungcxr/lung_cxr_segmentation/normal_dataset/img/00006511_000002-7.png,/head/NFS/mkuyokwa/lungcxr/lung_cxr_segmentation/normal-results/segments/normal_full/00006511_000002-7.nrrd,/head/NFS/mkuyokwa/lungcxr/lung_cxr_segmentation/normal-results/segments/normal_ref_fixed/00006511_000002-7_ref.nrrd,normal,0,,,,,,,,bad,train
/head/NFS/mkuyokwa/lungcxr/lung_cxr_segmentation/normal_dataset/img/00007054_right-upper-lobe-pneumonia-9-L.png,/head/NFS/mkuyokwa/lungcxr/lung_cxr_segmentation/normal-results/segments/normal_full/00007054_right-upper-lobe-pneumonia-9-L.nrrd,/head/NFS/mkuyokwa/lungcxr/lung_cxr_segmentation/normal-results/segments/normal_ref_fixed/00007054_right-upper-lobe-pneumonia-9-L_ref.nrrd,normal,0,,,,,,,,bad,train
/head/NFS/mkuyokwa/lungcxr/lung_cxr_segmentation/normal_dataset/img/00006461_1-s2.0-S0929664620300449-gr3_lrg-a.png,/head/NFS/mkuyokwa/lungcxr/lung_cxr_segmentation/normal-results/segments/normal_full/00006461_1-s2.0-S0929664620300449-gr3_lrg-a.nrrd,/head/NFS/mkuyokwa/lungcxr/lung_cxr_segmentation/normal-results/segments/normal_ref_fixed/00006461_1-s2.0-S0929664620300449-gr3_lrg-a_ref.nrrd,normal,0,,,,,,,,bad,train
/head/NFS/mkuyokwa/lungcxr/lung_cxr_segmentation/normal_dataset/img/00006733_16745_6_3.png,/head/NFS/mkuyokwa/lungcxr/lung_cxr_segmentation/normal-results/segments/normal_full/00006733_16745_6_3.nrrd,/head/NFS/mkuyokwa/lungcxr/lung_cxr_segmentation/normal-results/segments/normal_ref_fixed/00006733_16745_6_3_ref.nrrd,normal,0,,,,,,,,bad,train
/head/NFS/mkuyokwa/lungcxr/lung_cxr_segmentation/normal_dataset/img/00003478_person1872_bacteria_4750.png,/head/NFS/mkuyokwa/lungcxr/lung_cxr_segmentation/normal-results/segments/normal_full/00003478_person1872_bacteria_4750.nrrd,/head/NFS/mkuyokwa/lungcxr/lung_cxr_segmentation/normal-results/segments/normal_ref_fixed/00003478_person1872_bacteria_4750_ref.nrrd,normal,0,0.7955490495587237,0.6605076356718863,126.69648771769484,15.755290413916594,0.217540733197556,0.1073579471065724,0.0670679355849819,bad,train
/head/NFS/mkuyokwa/lungcxr/lung_cxr_segmentation/normal_dataset/img/00006768_a1a7d22e66f6570df523e0077c6a5a_jumbo.png,/head/NFS/mkuyokwa/lungcxr/lung_cxr_segmentation/normal-results/segments/normal_full/00006768_a1a7d22e66f6570df523e0077c6a5a_jumbo.nrrd,/head/NFS/mkuyokwa/lungcxr/lung_cxr_segmentation/normal-results/segments/normal_ref_fixed/00006768_a1a7d22e66f6570df523e0077c6a5a_jumbo_ref.nrrd,normal,0,,,,,,,,bad,train
/head/NFS/mkuyokwa/lungcxr/lung_cxr_segmentation/normal_dataset/img/00006677_16630_5_1.png,/head/NFS/mkuyokwa/lungcxr/lung_cxr_segmentation/normal-results/segments/normal_full/00006677_16630_5_1.nrrd,/head/NFS/mkuyokwa/lungcxr/lung_cxr_segmentation/normal-results/segments/normal_ref_fixed/00006677_16630_5_1_ref.nrrd,normal,0,,,,,,,,bad,train
/head/NFS/mkuyokwa/lungcxr/lung_cxr_segmentation/normal_dataset/img/00006705_16689_1_6.png,/head/NFS/mkuyokwa/lungcxr/lung_cxr_segmentation/normal-results/segments/normal_full/00006705_16689_1_6.nrrd,/head/NFS/mkuyokwa/lungcxr/lung_cxr_segmentation/normal-results/segments/normal_ref_fixed/00006705_16689_1_6_ref.nrrd,normal,0,,,,,,,,bad,train
/head/NFS/mkuyokwa/lungcxr/lung_cxr_segmentation/normal_dataset/img/00006876_covid-19-pneumonia-22-day1-l.png,/head/NFS/mkuyokwa/lungcxr/lung_cxr_segmentation/normal-results/segments/normal_full/00006876_covid-19-pneumonia-22-day1-l.nrrd,/head/NFS/mkuyokwa/lungcxr/lung_cxr_segmentation/normal-results/segments/normal_ref_fixed/00006876_covid-19-pneumonia-22-day1-l_ref.nrrd,normal,0,,,,,,,,bad,train
/head/NFS/mkuyokwa/lungcxr/lung_cxr_segmentation/normal_dataset/img/00007017_parapneumonic-effusion-1-L.png,/head/NFS/mkuyokwa/lungcxr/lung_cxr_segmentation/normal-results/segments/normal_full/00007017_parapneumonic-effusion-1-L.nrrd,/head/NFS/mkuyokwa/lungcxr/lung_cxr_segmentation/normal-results/segments/normal_ref_fixed/00007017_parapneumonic-effusion-1-L_ref.nrrd,normal,0,,,,,,,,bad,train
/head/NFS/mkuyokwa/lungcxr/lung_cxr_segmentation/normal_dataset/img/00003920_person1486_bacteria_3881.png,/head/NFS/mkuyokwa/lungcxr/lung_cxr_segmentation/normal-results/segments/normal_full/00003920_person1486_bacteria_3881.nrrd,/head/NFS/mkuyokwa/lungcxr/lung_cxr_segmentation/normal-results/segments/normal_ref_fixed/00003920_person1486_bacteria_3881_ref.nrrd,normal,0,0.7946319812945409,0.6592442880208151,142.42541907960108,17.570618841560655,0.3700768659955477,0.0249454532959953,0.1367284994875868,bad,train
/head/NFS/mkuyokwa/lungcxr/lung_cxr_segmentation/normal_dataset/img/00007010_nejmoa2001191_f3-L.png,/head/NFS/mkuyokwa/lungcxr/lung_cxr_segmentation/normal-results/segments/normal_full/00007010_nejmoa2001191_f3-L.nrrd,/head/NFS/mkuyokwa/lungcxr/lung_cxr_segmentation/normal-results/segments/normal_ref_fixed/00007010_nejmoa2001191_f3-L_ref.nrrd,normal,0,,,,,,,,bad,train
/head/NFS/mkuyokwa/lungcxr/lung_cxr_segmentation/normal_dataset/img/00006757_66298CBF-6F10-42D5-A688-741F6AC84A76.png,/head/NFS/mkuyokwa/lungcxr/lung_cxr_segmentation/normal-results/segments/normal_full/00006757_66298CBF-6F10-42D5-A688-741F6AC84A76.nrrd,/head/NFS/mkuyokwa/lungcxr/lung_cxr_segmentation/normal-results/segments/normal_ref_fixed/00006757_66298CBF-6F10-42D5-A688-741F6AC84A76_ref.nrrd,normal,0,,,,,,,,bad,train
/head/NFS/mkuyokwa/lungcxr/lung_cxr_segmentation/normal_dataset/img/00006858_covid-19-caso-95-4-12.png,/head/NFS/mkuyokwa/lungcxr/lung_cxr_segmentation/normal-results/segments/normal_full/00006858_covid-19-caso-95-4-12.nrrd,/head/NFS/mkuyokwa/lungcxr/lung_cxr_segmentation/normal-results/segments/normal_ref_fixed/00006858_covid-19-caso-95-4-12_ref.nrrd,normal,0,,,,,,,,bad,train
/head/NFS/mkuyokwa/lungcxr/lung_cxr_segmentation/normal_dataset/img/00007008_nejmoa2001191_f1-L.png,/head/NFS/mkuyokwa/lungcxr/lung_cxr_segmentation/normal-results/segments/normal_full/00007008_nejmoa2001191_f1-L.nrrd,/head/NFS/mkuyokwa/lungcxr/lung_cxr_segmentation/normal-results/segments/normal_ref_fixed/00007008_nejmoa2001191_f1-L_ref.nrrd,normal,0,,,,,,,,bad,train
/head/NFS/mkuyokwa/lungcxr/lung_cxr_segmentation/normal_dataset/img/00006702_16689_1_1.png,/head/NFS/mkuyokwa/lungcxr/lung_cxr_segmentation/normal-results/segments/normal_full/00006702_16689_1_1.nrrd,/head/NFS/mkuyokwa/lungcxr/lung_cxr_segmentation/normal-results/segments/normal_ref_fixed/00006702_16689_1_1_ref.nrrd,normal,0,,,,,,,,bad,train
/head/NFS/mkuyokwa/lungcxr/lung_cxr_segmentation/normal_dataset/img/00006727_16745_4_3.png,/head/NFS/mkuyokwa/lungcxr/lung_cxr_segmentation/normal-results/segments/normal_full/00006727_16745_4_3.nrrd,/head/NFS/mkuyokwa/lungcxr/lung_cxr_segmentation/normal-results/segments/normal_ref_fixed/00006727_16745_4_3_ref.nrrd,normal,0,,,,,,,,bad,train
/head/NFS/mkuyokwa/lungcxr/lung_cxr_segmentation/normal_dataset/img/00002748_person510_bacteria_2147.png,/head/NFS/mkuyokwa/lungcxr/lung_cxr_segmentation/normal-results/segments/normal_full/00002748_person510_bacteria_2147.nrrd,/head/NFS/mkuyokwa/lungcxr/lung_cxr_segmentation/normal-results/segments/normal_ref_fixed/00002748_person510_bacteria_2147_ref.nrrd,normal,0,0.7964648602878917,0.6617711722803623,164.92422502470643,16.46932030315925,-0.0790378916172735,0.2338140026218325,0.0675317176273199,bad,train
/head/NFS/mkuyokwa/lungcxr/lung_cxr_segmentation/normal_dataset/img/00000803_person419_virus_861.png,/head/NFS/mkuyokwa/lungcxr/lung_cxr_segmentation/normal-results/segments/normal_full/00000803_person419_virus_861.nrrd,/head/NFS/mkuyokwa/lungcxr/lung_cxr_segmentation/normal-results/segments/normal_ref_fixed/00000803_person419_virus_861_ref.nrrd,normal,0,0.7595711835334477,0.6123456448691179,188.8094277307148,25.661932152709017,0.4032246998284734,0.0486185708761225,0.304888436694035,bad,train
/head/NFS/mkuyokwa/lungcxr/lung_cxr_segmentation/normal_dataset/img/00006676_16630_4_1.png,/head/NFS/mkuyokwa/lungcxr/lung_cxr_segmentation/normal-results/segments/normal_full/00006676_16630_4_1.nrrd,/head/NFS/mkuyokwa/lungcxr/lung_cxr_segmentation/normal-results/segments/normal_ref_fixed/00006676_16630_4_1_ref.nrrd,normal,0,,,,,,,,bad,train
/head/NFS/mkuyokwa/lungcxr/lung_cxr_segmentation/normal_dataset/img/00001483_person1265_virus_2156.png,/head/NFS/mkuyokwa/lungcxr/lung_cxr_segmentation/normal-results/segments/normal_full/00001483_person1265_virus_2156.nrrd,/head/NFS/mkuyokwa/lungcxr/lung_cxr_segmentation/normal-results/segments/normal_ref_fixed/00001483_person1265_virus_2156_ref.nrrd,normal,0,0.7842693534965307,0.6451012448786637,102.83968105745952,18.538158433325755,0.3737974221280315,0.0354592174822188,0.1731253378639277,bad,train
/head/NFS/mkuyokwa/lungcxr/lung_cxr_segmentation/normal_dataset/img/00006684_16646_1_2.png,/head/NFS/mkuyokwa/lungcxr/lung_cxr_segmentation/normal-results/segments/normal_full/00006684_16646_1_2.nrrd,/head/NFS/mkuyokwa/lungcxr/lung_cxr_segmentation/normal-results/segments/normal_ref_fixed/00006684_16646_1_2_ref.nrrd,normal,0,,,,,,,,bad,train
/head/NFS/mkuyokwa/lungcxr/lung_cxr_segmentation/normal_dataset/img/00006868_covid-19-pneumonia-14-L.png,/head/NFS/mkuyokwa/lungcxr/lung_cxr_segmentation/normal-results/segments/normal_full/00006868_covid-19-pneumonia-14-L.nrrd,/head/NFS/mkuyokwa/lungcxr/lung_cxr_segmentation/normal-results/segments/normal_ref_fixed/00006868_covid-19-pneumonia-14-L_ref.nrrd,normal,0,,,,,,,,bad,train
/head/NFS/mkuyokwa/lungcxr/lung_cxr_segmentation/normal_dataset/img/00001493_person108_virus_199.png,/head/NFS/mkuyokwa/lungcxr/lung_cxr_segmentation/normal-results/segments/normal_full/00001493_person108_virus_199.nrrd,/head/NFS/mkuyokwa/lungcxr/lung_cxr_segmentation/normal-results/segments/normal_ref_fixed/00001493_person108_virus_199_ref.nrrd,normal,0,0.7809858227625861,0.6406700080654453,98.03060746521976,14.86693785746994,0.3438528727560023,0.0568642001484151,0.1035775587382953,bad,train
/head/NFS/mkuyokwa/lungcxr/lung_cxr_segmentation/normal_dataset/img/00007082_tpmd200203f2-a.png,/head/NFS/mkuyokwa/lungcxr/lung_cxr_segmentation/normal-results/segments/normal_full/00007082_tpmd200203f2-a.nrrd,/head/NFS/mkuyokwa/lungcxr/lung_cxr_segmentation/normal-results/segments/normal_ref_fixed/00007082_tpmd200203f2-a_ref.nrrd,normal,0,0.7800709145319474,0.6394395574498957,170.51099671282202,25.74133738413253,-0.4294367217793905,0.3578174664614432,0.0030916669401686,bad,train
/head/NFS/mkuyokwa/lungcxr/lung_cxr_segmentation/normal_dataset/img/00006729_16745_5_2.png,/head/NFS/mkuyokwa/lungcxr/lung_cxr_segmentation/normal-results/segments/normal_full/00006729_16745_5_2.nrrd,/head/NFS/mkuyokwa/lungcxr/lung_cxr_segmentation/normal-results/segments/normal_ref_fixed/00006729_16745_5_2_ref.nrrd,normal,0,,,,,,,,bad,train
/head/NFS/mkuyokwa/lungcxr/lung_cxr_segmentation/normal_dataset/img/00006679_16631_1_1.png,/head/NFS/mkuyokwa/lungcxr/lung_cxr_segmentation/normal-results/segments/normal_full/00006679_16631_1_1.nrrd,/head/NFS/mkuyokwa/lungcxr/lung_cxr_segmentation/normal-results/segments/normal_ref_fixed/00006679_16631_1_1_ref.nrrd,normal,0,,,,,,,,bad,train
/head/NFS/mkuyokwa/lungcxr/lung_cxr_segmentation/normal_dataset/img/00006853_covid-19-caso-91-2-13.png,/head/NFS/mkuyokwa/lungcxr/lung_cxr_segmentation/normal-results/segments/normal_full/00006853_covid-19-caso-91-2-13.nrrd,/head/NFS/mkuyokwa/lungcxr/lung_cxr_segmentation/normal-results/segments/normal_ref_fixed/00006853_covid-19-caso-91-2-13_ref.nrrd,normal,0,,,,,,,,bad,train
/head/NFS/mkuyokwa/lungcxr/lung_cxr_segmentation/normal_dataset/img/00006424_person1676_virus_2892.png,/head/NFS/mkuyokwa/lungcxr/lung_cxr_segmentation/normal-results/segments/normal_full/00006424_person1676_virus_2892.nrrd,/head/NFS/mkuyokwa/lungcxr/lung_cxr_segmentation/normal-results/segments/normal_ref_fixed/00006424_person1676_virus_2892_ref.nrrd,normal,0,0.619480066986614,0.4487295345561716,231.60310878742536,50.25055194756299,-0.6277185213491734,0.5285034816677787,0.0408341709926607,bad,train
/head/NFS/mkuyokwa/lungcxr/lung_cxr_segmentation/normal_dataset/img/00006563_7D2CF6CE-F529-4470-8356-D33FFAF98600.png,/head/NFS/mkuyokwa/lungcxr/lung_cxr_segmentation/normal-results/segments/normal_full/00006563_7D2CF6CE-F529-4470-8356-D33FFAF98600.nrrd,/head/NFS/mkuyokwa/lungcxr/lung_cxr_segmentation/normal-results/segments/normal_ref_fixed/00006563_7D2CF6CE-F529-4470-8356-D33FFAF98600_ref.nrrd,normal,0,0.7749705695915965,0.6326138379657008,89.55445270895244,16.888521664926998,0.3613148600923662,0.054155614500442,0.0910453962461838,bad,train
/head/NFS/mkuyokwa/lungcxr/lung_cxr_segmentation/normal_dataset/img/00006680_16631_1_2.png,/head/NFS/mkuyokwa/lungcxr/lung_cxr_segmentation/normal-results/segments/normal_full/00006680_16631_1_2.nrrd,/head/NFS/mkuyokwa/lungcxr/lung_cxr_segmentation/normal-results/segments/normal_ref_fixed/00006680_16631_1_2_ref.nrrd,normal,0,,,,,,,,bad,train
/head/NFS/mkuyokwa/lungcxr/lung_cxr_segmentation/normal_dataset/img/00006682_16631_1_4.png,/head/NFS/mkuyokwa/lungcxr/lung_cxr_segmentation/normal-results/segments/normal_full/00006682_16631_1_4.nrrd,/head/NFS/mkuyokwa/lungcxr/lung_cxr_segmentation/normal-results/segments/normal_ref_fixed/00006682_16631_1_4_ref.nrrd,normal,0,,,,,,,,bad,train
/head/NFS/mkuyokwa/lungcxr/lung_cxr_segmentation/normal_dataset/img/00003773_person1535_bacteria_4017.png,/head/NFS/mkuyokwa/lungcxr/lung_cxr_segmentation/normal-results/segments/normal_full/00003773_person1535_bacteria_4017.nrrd,/head/NFS/mkuyokwa/lungcxr/lung_cxr_segmentation/normal-results/segments/normal_ref_fixed/00003773_person1535_bacteria_4017_ref.nrrd,normal,0,0.7860783666202421,0.6475528114872378,170.98830369355676,19.57962742525996,-0.3736557209930076,0.3376643801642894,0.0105134133771624,bad,train
/head/NFS/mkuyokwa/lungcxr/lung_cxr_segmentation/normal_dataset/img/00006938_d6494b39.png,/head/NFS/mkuyokwa/lungcxr/lung_cxr_segmentation/normal-results/segments/normal_full/00006938_d6494b39.nrrd,/head/NFS/mkuyokwa/lungcxr/lung_cxr_segmentation/normal-results/segments/normal_ref_fixed/00006938_d6494b39_ref.nrrd,normal,0,0.7811636099394973,0.6409093265591788,120.10828447696689,22.6798484888951,0.3451231905807518,0.0559253649658262,0.2024513141767669,bad,train
/head/NFS/mkuyokwa/lungcxr/lung_cxr_segmentation/normal_dataset/img/00002466_person551_bacteria_2311.png,/head/NFS/mkuyokwa/lungcxr/lung_cxr_segmentation/normal-results/segments/normal_full/00002466_person551_bacteria_2311.nrrd,/head/NFS/mkuyokwa/lungcxr/lung_cxr_segmentation/normal-results/segments/normal_ref_fixed/00002466_person551_bacteria_2311_ref.nrrd,normal,0,0.7881996470549063,0.6504368852008573,154.46682491719702,15.090371413336724,-0.0842673059634402,0.2436674079186156,0.0692720964882706,bad,train
/head/NFS/mkuyokwa/lungcxr/lung_cxr_segmentation/normal_dataset/img/00006447_1-s2.0-S1341321X20301124-gr3_lrg-b.png,/head/NFS/mkuyokwa/lungcxr/lung_cxr_segmentation/normal-results/segments/normal_full/00006447_1-s2.0-S1341321X20301124-gr3_lrg-b.nrrd,/head/NFS/mkuyokwa/lungcxr/lung_cxr_segmentation/normal-results/segments/normal_ref_fixed/00006447_1-s2.0-S1341321X20301124-gr3_lrg-b_ref.nrrd,normal,0,0.7454938793869749,0.5942528833758761,207.40781084616847,29.75579149968536,0.4307669240572757,0.0498621386257541,0.2322878834404549,bad,train
/head/NFS/mkuyokwa/lungcxr/lung_cxr_segmentation/normal_dataset/img/00002017_person998_bacteria_2927.png,/head/NFS/mkuyokwa/lungcxr/lung_cxr_segmentation/normal-results/segments/normal_full/00002017_person998_bacteria_2927.nrrd,/head/NFS/mkuyokwa/lungcxr/lung_cxr_segmentation/normal-results/segments/normal_ref_fixed/00002017_person998_bacteria_2927_ref.nrrd,normal,0,0.7857823731930784,0.6471511826586499,128.14054783713078,15.509820032578396,0.3715557748595395,0.0349287239170856,0.1881829069479104,bad,train
/head/NFS/mkuyokwa/lungcxr/lung_cxr_segmentation/normal_dataset/img/00007026_pneumocystis-jiroveci-pneumonia-4-L.png,/head/NFS/mkuyokwa/lungcxr/lung_cxr_segmentation/normal-results/segments/normal_full/00007026_pneumocystis-jiroveci-pneumonia-4-L.nrrd,/head/NFS/mkuyokwa/lungcxr/lung_cxr_segmentation/normal-results/segments/normal_ref_fixed/00007026_pneumocystis-jiroveci-pneumonia-4-L_ref.nrrd,normal,0,,,,,,,,bad,train
/head/NFS/mkuyokwa/lungcxr/lung_cxr_segmentation/normal_dataset/img/00006704_16689_1_5.png,/head/NFS/mkuyokwa/lungcxr/lung_cxr_segmentation/normal-results/segments/normal_full/00006704_16689_1_5.nrrd,/head/NFS/mkuyokwa/lungcxr/lung_cxr_segmentation/normal-results/segments/normal_ref_fixed/00006704_16689_1_5_ref.nrrd,normal,0,,,,,,,,bad,train
/head/NFS/mkuyokwa/lungcxr/lung_cxr_segmentation/normal_dataset/img/00001369_person124_virus_237.png,/head/NFS/mkuyokwa/lungcxr/lung_cxr_segmentation/normal-results/segments/normal_full/00001369_person124_virus_237.nrrd,/head/NFS/mkuyokwa/lungcxr/lung_cxr_segmentation/normal-results/segments/normal_ref_fixed/00001369_person124_virus_237_ref.nrrd,normal,0,0.7859706739929053,0.6474066623892347,180.27756377319943,22.26765447602892,0.369406637824865,0.0359697368760812,0.2051004385727435,bad,train
/head/NFS/mkuyokwa/lungcxr/lung_cxr_segmentation/normal_dataset/img/00006838_chlamydia-pneumonia-L.png,/head/NFS/mkuyokwa/lungcxr/lung_cxr_segmentation/normal-results/segments/normal_full/00006838_chlamydia-pneumonia-L.nrrd,/head/NFS/mkuyokwa/lungcxr/lung_cxr_segmentation/normal-results/segments/normal_ref_fixed/00006838_chlamydia-pneumonia-L_ref.nrrd,normal,0,,,,,,,,bad,train
/head/NFS/mkuyokwa/lungcxr/lung_cxr_segmentation/normal_dataset/img/00006764_925446AE-B3C7-4C93-941B-AC4D2FE1F455.png,/head/NFS/mkuyokwa/lungcxr/lung_cxr_segmentation/normal-results/segments/normal_full/00006764_925446AE-B3C7-4C93-941B-AC4D2FE1F455.nrrd,/head/NFS/mkuyokwa/lungcxr/lung_cxr_segmentation/normal-results/segments/normal_ref_fixed/00006764_925446AE-B3C7-4C93-941B-AC4D2FE1F455_ref.nrrd,normal,0,,,,,,,,bad,train
/head/NFS/mkuyokwa/lungcxr/lung_cxr_segmentation/normal_dataset/img/00006535_4C4DEFD8-F55D-4588-AAD6-C59017F55966.png,/head/NFS/mkuyokwa/lungcxr/lung_cxr_segmentation/normal-results/segments/normal_full/00006535_4C4DEFD8-F55D-4588-AAD6-C59017F55966.nrrd,/head/NFS/mkuyokwa/lungcxr/lung_cxr_segmentation/normal-results/segments/normal_ref_fixed/00006535_4C4DEFD8-F55D-4588-AAD6-C59017F55966_ref.nrrd,normal,0,,,,,,,,bad,train
/head/NFS/mkuyokwa/lungcxr/lung_cxr_segmentation/normal_dataset/img/00006718_16744_2_3.png,/head/NFS/mkuyokwa/lungcxr/lung_cxr_segmentation/normal-results/segments/normal_full/00006718_16744_2_3.nrrd,/head/NFS/mkuyokwa/lungcxr/lung_cxr_segmentation/normal-results/segments/normal_ref_fixed/00006718_16744_2_3_ref.nrrd,normal,0,,,,,,,,bad,train
/head/NFS/mkuyokwa/lungcxr/lung_cxr_segmentation/normal_dataset/img/00006675_16630_3_1.png,/head/NFS/mkuyokwa/lungcxr/lung_cxr_segmentation/normal-results/segments/normal_full/00006675_16630_3_1.nrrd,/head/NFS/mkuyokwa/lungcxr/lung_cxr_segmentation/normal-results/segments/normal_ref_fixed/00006675_16630_3_1_ref.nrrd,normal,0,,,,,,,,bad,train
/head/NFS/mkuyokwa/lungcxr/lung_cxr_segmentation/normal_dataset/img/00006732_16745_6_2.png,/head/NFS/mkuyokwa/lungcxr/lung_cxr_segmentation/normal-results/segments/normal_full/00006732_16745_6_2.nrrd,/head/NFS/mkuyokwa/lungcxr/lung_cxr_segmentation/normal-results/segments/normal_ref_fixed/00006732_16745_6_2_ref.nrrd,normal,0,,,,,,,,bad,train
/head/NFS/mkuyokwa/lungcxr/lung_cxr_segmentation/normal_dataset/img/00006598_21DDEBFD-7F16-4E3E-8F90-CB1B8EE82828.png,/head/NFS/mkuyokwa/lungcxr/lung_cxr_segmentation/normal-results/segments/normal_full/00006598_21DDEBFD-7F16-4E3E-8F90-CB1B8EE82828.nrrd,/head/NFS/mkuyokwa/lungcxr/lung_cxr_segmentation/normal-results/segments/normal_ref_fixed/00006598_21DDEBFD-7F16-4E3E-8F90-CB1B8EE82828_ref.nrrd,normal,0,,,,,,,,bad,train
/head/NFS/mkuyokwa/lungcxr/lung_cxr_segmentation/normal_dataset/img/00006674_16630_2_2.png,/head/NFS/mkuyokwa/lungcxr/lung_cxr_segmentation/normal-results/segments/normal_full/00006674_16630_2_2.nrrd,/head/NFS/mkuyokwa/lungcxr/lung_cxr_segmentation/normal-results/segments/normal_ref_fixed/00006674_16630_2_2_ref.nrrd,normal,0,,,,,,,,bad,train
/head/NFS/mkuyokwa/lungcxr/lung_cxr_segmentation/normal_dataset/img/00006788_all14238-fig-0002-m-f.png,/head/NFS/mkuyokwa/lungcxr/lung_cxr_segmentation/normal-results/segments/normal_full/00006788_all14238-fig-0002-m-f.nrrd,/head/NFS/mkuyokwa/lungcxr/lung_cxr_segmentation/normal-results/segments/normal_ref_fixed/00006788_all14238-fig-0002-m-f_ref.nrrd,normal,0,0.7776225772575728,0.6361558736195909,131.47243057006287,19.859349758649287,0.3368032544529521,0.0649060860183414,0.2122494185402591,bad,train
/head/NFS/mkuyokwa/lungcxr/lung_cxr_segmentation/normal_dataset/img/00006530_3ED3C0E1-4FE0-4238-8112-DDFF9E20B471.png,/head/NFS/mkuyokwa/lungcxr/lung_cxr_segmentation/normal-results/segments/normal_full/00006530_3ED3C0E1-4FE0-4238-8112-DDFF9E20B471.nrrd,/head/NFS/mkuyokwa/lungcxr/lung_cxr_segmentation/normal-results/segments/normal_ref_fixed/00006530_3ED3C0E1-4FE0-4238-8112-DDFF9E20B471_ref.nrrd,normal,0,,,,,,,,bad,train
/head/NFS/mkuyokwa/lungcxr/lung_cxr_segmentation/normal_dataset/img/00006861_covid-19-infection-exclusive-gastrointestinal-symptoms-l.png,/head/NFS/mkuyokwa/lungcxr/lung_cxr_segmentation/normal-results/segments/normal_full/00006861_covid-19-infection-exclusive-gastrointestinal-symptoms-l.nrrd,/head/NFS/mkuyokwa/lungcxr/lung_cxr_segmentation/normal-results/segments/normal_ref_fixed/00006861_covid-19-infection-exclusive-gastrointestinal-symptoms-l_ref.nrrd,normal,0,,,,,,,,bad,train
/head/NFS/mkuyokwa/lungcxr/lung_cxr_segmentation/normal_dataset/img/00006942_DE488FE1-0C44-428B-B67A-09741C1214C0.png,/head/NFS/mkuyokwa/lungcxr/lung_cxr_segmentation/normal-results/segments/normal_full/00006942_DE488FE1-0C44-428B-B67A-09741C1214C0.nrrd,/head/NFS/mkuyokwa/lungcxr/lung_cxr_segmentation/normal-results/segments/normal_ref_fixed/00006942_DE488FE1-0C44-428B-B67A-09741C1214C0_ref.nrrd,normal,0,,,,,,,,bad,train
/head/NFS/mkuyokwa/lungcxr/lung_cxr_segmentation/normal_dataset/img/00006696_16664_2_1.png,/head/NFS/mkuyokwa/lungcxr/lung_cxr_segmentation/normal-results/segments/normal_full/00006696_16664_2_1.nrrd,/head/NFS/mkuyokwa/lungcxr/lung_cxr_segmentation/normal-results/segments/normal_ref_fixed/00006696_16664_2_1_ref.nrrd,normal,0,,,,,,,,bad,train
/head/NFS/mkuyokwa/lungcxr/lung_cxr_segmentation/normal_dataset/img/00006891_covid-19-pneumonia-38-l.png,/head/NFS/mkuyokwa/lungcxr/lung_cxr_segmentation/normal-results/segments/normal_full/00006891_covid-19-pneumonia-38-l.nrrd,/head/NFS/mkuyokwa/lungcxr/lung_cxr_segmentation/normal-results/segments/normal_ref_fixed/00006891_covid-19-pneumonia-38-l_ref.nrrd,normal,0,,,,,,,,bad,train
/head/NFS/mkuyokwa/lungcxr/lung_cxr_segmentation/normal_dataset/img/00006518_000002-29.png,/head/NFS/mkuyokwa/lungcxr/lung_cxr_segmentation/normal-results/segments/normal_full/00006518_000002-29.nrrd,/head/NFS/mkuyokwa/lungcxr/lung_cxr_segmentation/normal-results/segments/normal_ref_fixed/00006518_000002-29_ref.nrrd,normal,0,,,,,,,,bad,train
/head/NFS/mkuyokwa/lungcxr/lung_cxr_segmentation/normal_dataset/img/00000930_person388_virus_777.png,/head/NFS/mkuyokwa/lungcxr/lung_cxr_segmentation/normal-results/segments/normal_full/00000930_person388_virus_777.nrrd,/head/NFS/mkuyokwa/lungcxr/lung_cxr_segmentation/normal-results/segments/normal_ref_fixed/00000930_person388_virus_777_ref.nrrd,normal,0,0.8369504020735736,0.7196171199970772,178.98603297464302,26.02840912829563,-0.2130087000860448,0.2436085750218407,0.0336939252188554,bad,train
/head/NFS/mkuyokwa/lungcxr/lung_cxr_segmentation/normal_dataset/img/00003472_person1865_bacteria_4737.png,/head/NFS/mkuyokwa/lungcxr/lung_cxr_segmentation/normal-results/segments/normal_full/00003472_person1865_bacteria_4737.nrrd,/head/NFS/mkuyokwa/lungcxr/lung_cxr_segmentation/normal-results/segments/normal_ref_fixed/00003472_person1865_bacteria_4737_ref.nrrd,normal,0,0.6919812998627979,0.5290301276198986,112.92475370794484,21.485277946734232,0.3377712282128157,0.1674054599370242,0.1908276654365043,bad,train
/head/NFS/mkuyokwa/lungcxr/lung_cxr_segmentation/normal_dataset/img/00006688_16660_1_1.png,/head/NFS/mkuyokwa/lungcxr/lung_cxr_segmentation/normal-results/segments/normal_full/00006688_16660_1_1.nrrd,/head/NFS/mkuyokwa/lungcxr/lung_cxr_segmentation/normal-results/segments/normal_ref_fixed/00006688_16660_1_1_ref.nrrd,normal,0,0.741197336350975,0.5888113822403167,76.05918747922567,24.115890376825583,0.4679230501392757,0.0324280560211357,0.2361871681739003,bad,train
/head/NFS/mkuyokwa/lungcxr/lung_cxr_segmentation/normal_dataset/img/00006706_16689_2_1.png,/head/NFS/mkuyokwa/lungcxr/lung_cxr_segmentation/normal-results/segments/normal_full/00006706_16689_2_1.nrrd,/head/NFS/mkuyokwa/lungcxr/lung_cxr_segmentation/normal-results/segments/normal_ref_fixed/00006706_16689_2_1_ref.nrrd,normal,0,,,,,,,,bad,train
/head/NFS/mkuyokwa/lungcxr/lung_cxr_segmentation/normal_dataset/img/00006722_16745_2_3.png,/head/NFS/mkuyokwa/lungcxr/lung_cxr_segmentation/normal-results/segments/normal_full/00006722_16745_2_3.nrrd,/head/NFS/mkuyokwa/lungcxr/lung_cxr_segmentation/normal-results/segments/normal_ref_fixed/00006722_16745_2_3_ref.nrrd,normal,0,,,,,,,,bad,train
/head/NFS/mkuyokwa/lungcxr/lung_cxr_segmentation/normal_dataset/img/00006965_FC230FE2-1DDF-40EB-AA0D-21F950933289.png,/head/NFS/mkuyokwa/lungcxr/lung_cxr_segmentation/normal-results/segments/normal_full/00006965_FC230FE2-1DDF-40EB-AA0D-21F950933289.nrrd,/head/NFS/mkuyokwa/lungcxr/lung_cxr_segmentation/normal-results/segments/normal_ref_fixed/00006965_FC230FE2-1DDF-40EB-AA0D-21F950933289_ref.nrrd,normal,0,,,,,,,,bad,train
/head/NFS/mkuyokwa/lungcxr/lung_cxr_segmentation/normal_dataset/img/00004031_person1411_bacteria_3598.png,/head/NFS/mkuyokwa/lungcxr/lung_cxr_segmentation/normal-results/segments/normal_full/00004031_person1411_bacteria_3598.nrrd,/head/NFS/mkuyokwa/lungcxr/lung_cxr_segmentation/normal-results/segments/normal_ref_fixed/00004031_person1411_bacteria_3598_ref.nrrd,normal,0,0.775864421257437,0.6338059564075478,121.1486689980538,16.16432580766414,0.4224319466606557,0.0163791417871162,0.1875527070332265,bad,train
/head/NFS/mkuyokwa/lungcxr/lung_cxr_segmentation/normal_dataset/img/00006551_6A7D4110-2BFC-4D9A-A2D6-E9226D91D25A.png,/head/NFS/mkuyokwa/lungcxr/lung_cxr_segmentation/normal-results/segments/normal_full/00006551_6A7D4110-2BFC-4D9A-A2D6-E9226D91D25A.nrrd,/head/NFS/mkuyokwa/lungcxr/lung_cxr_segmentation/normal-results/segments/normal_ref_fixed/00006551_6A7D4110-2BFC-4D9A-A2D6-E9226D91D25A_ref.nrrd,normal,0,,,,,,,,bad,train
/head/NFS/mkuyokwa/lungcxr/lung_cxr_segmentation/normal_dataset/img/00006651_5083A6B7-8983-472E-A427-570A3E03DDEE.png,/head/NFS/mkuyokwa/lungcxr/lung_cxr_segmentation/normal-results/segments/normal_full/00006651_5083A6B7-8983-472E-A427-570A3E03DDEE.nrrd,/head/NFS/mkuyokwa/lungcxr/lung_cxr_segmentation/normal-results/segments/normal_ref_fixed/00006651_5083A6B7-8983-472E-A427-570A3E03DDEE_ref.nrrd,normal,0,,,,,,,,bad,train
/head/NFS/mkuyokwa/lungcxr/lung_cxr_segmentation/normal_dataset/img/00001640_person1015_virus_1701.png,/head/NFS/mkuyokwa/lungcxr/lung_cxr_segmentation/normal-results/segments/normal_full/00001640_person1015_virus_1701.nrrd,/head/NFS/mkuyokwa/lungcxr/lung_cxr_segmentation/normal-results/segments/normal_ref_fixed/00001640_person1015_virus_1701_ref.nrrd,normal,0,0.6545538010506163,0.4864957079381819,165.19685227025363,22.869555199741093,0.6420862089651899,0.0359420378935722,0.3241638630516524,bad,train
/head/NFS/mkuyokwa/lungcxr/lung_cxr_segmentation/normal_dataset/img/00000491_person836_virus_1473.png,/head/NFS/mkuyokwa/lungcxr/lung_cxr_segmentation/normal-results/segments/normal_full/00000491_person836_virus_1473.nrrd,/head/NFS/mkuyokwa/lungcxr/lung_cxr_segmentation/normal-results/segments/normal_ref_fixed/00000491_person836_virus_1473_ref.nrrd,normal,0,0.7972892424909944,0.662910211381413,101.13851887386922,16.36480928739024,0.1642522092932853,0.1313738776893105,0.1149037154745227,bad,train
/head/NFS/mkuyokwa/lungcxr/lung_cxr_segmentation/normal_dataset/img/00001923_person9_bacteria_41.png,/head/NFS/mkuyokwa/lungcxr/lung_cxr_segmentation/normal-results/segments/normal_full/00001923_person9_bacteria_41.nrrd,/head/NFS/mkuyokwa/lungcxr/lung_cxr_segmentation/normal-results/segments/normal_ref_fixed/00001923_person9_bacteria_41_ref.nrrd,normal,0,0.7901762069971019,0.6531333005410723,127.4244874425634,17.03361934162804,0.3466177897060836,0.0441699419801609,0.1670654176505696,bad,train
/head/NFS/mkuyokwa/lungcxr/lung_cxr_segmentation/normal_dataset/img/00006443_000001-19.png,/head/NFS/mkuyokwa/lungcxr/lung_cxr_segmentation/normal-results/segments/normal_full/00006443_000001-19.nrrd,/head/NFS/mkuyokwa/lungcxr/lung_cxr_segmentation/normal-results/segments/normal_ref_fixed/00006443_000001-19_ref.nrrd,normal,0,0.7950865708056792,0.6598702873926162,133.55523202031435,17.894158189511973,0.288923647387778,0.0706591560430872,0.1511988333132961,bad,train
/head/NFS/mkuyokwa/lungcxr/lung_cxr_segmentation/normal_dataset/img/00006681_16631_1_3.png,/head/NFS/mkuyokwa/lungcxr/lung_cxr_segmentation/normal-results/segments/normal_full/00006681_16631_1_3.nrrd,/head/NFS/mkuyokwa/lungcxr/lung_cxr_segmentation/normal-results/segments/normal_ref_fixed/00006681_16631_1_3_ref.nrrd,normal,0,,,,,,,,bad,train
/head/NFS/mkuyokwa/lungcxr/lung_cxr_segmentation/TB_Positive/1.2.840.114062.2.192.168.196.187.2019.5.17.14.6.50.15688531.png,/head/NFS/mkuyokwa/lungcxr/lung_cxr_segmentation/tb-inference-results/segments/tb_full/1.2.840.114062.2.192.168.196.187.2019.5.17.14.6.50.15688531.nrrd,,tb,1,0.9678565970643268,0.9377152383200836,22.37277808286054,2.3430640901888493,-0.0196655807608298,0.041567469105727,0.0121039088408962,excellent,train
/head/NFS/mkuyokwa/lungcxr/lung_cxr_segmentation/TB_Positive/2.25.183071563344101515475315114323437370227.png,/head/NFS/mkuyokwa/lungcxr/lung_cxr_segmentation/tb-inference-results/segments/tb_full/2.25.183071563344101515475315114323437370227.nrrd,,tb,1,0.9903332303871826,0.9808515642908118,29.0,4.3573467137919,0.0030540971517531,0.0081521697962184,0.0234967379753855,excellent,train
/head/NFS/mkuyokwa/lungcxr/lung_cxr_segmentation/TB_Positive/1.2.826.0.1.3680043.2.1125.1.59174440749503827755156903624489856.png,/head/NFS/mkuyokwa/lungcxr/lung_cxr_segmentation/tb-inference-results/segments/tb_full/1.2.826.0.1.3680043.2.1125.1.59174440749503827755156903624489856.nrrd,,tb,1,0.9808202647262322,0.9623624084938937,25.70992026436488,3.0188751325290686,0.0088627466565983,0.0148140083469424,0.0232885499447631,excellent,train
/head/NFS/mkuyokwa/lungcxr/lung_cxr_segmentation/TB_Positive/1.2.826.0.1.3680043.2.1125.1.77213170389984662510009082317090597.png,/head/NFS/mkuyokwa/lungcxr/lung_cxr_segmentation/tb-inference-results/segments/tb_full/1.2.826.0.1.3680043.2.1125.1.77213170389984662510009082317090597.nrrd,,tb,1,0.9840832901405834,0.9686653252083643,37.589892258425,3.760496056206926,-0.0024042754289148,0.0170982930709207,0.015847848148374,excellent,train
/head/NFS/mkuyokwa/lungcxr/lung_cxr_segmentation/TB_Positive/1.2.826.0.1.3680043.2.1125.1.78777987519850100329473353863280731.png,/head/NFS/mkuyokwa/lungcxr/lung_cxr_segmentation/tb-inference-results/segments/tb_full/1.2.826.0.1.3680043.2.1125.1.78777987519850100329473353863280731.nrrd,,tb,1,0.9773483918139032,0.9557002443358508,15.811388300841896,1.799722260614086,0.013302762062283,0.0161073633661102,0.041207474844274,excellent,train
/head/NFS/mkuyokwa/lungcxr/lung_cxr_segmentation/TB_Positive/1.2.826.0.1.3680043.2.1125.1.22821228016942254534234520340082790.png,/head/NFS/mkuyokwa/lungcxr/lung_cxr_segmentation/tb-inference-results/segments/tb_full/1.2.826.0.1.3680043.2.1125.1.22821228016942254534234520340082790.nrrd,,tb,1,0.9848180106596583,0.9700901129063436,49.76946855251722,6.955952121138243,-0.0052587421160371,0.0177646505403734,0.008661934017852,excellent,train
/head/NFS/mkuyokwa/lungcxr/lung_cxr_segmentation/TB_Positive/1.2.826.0.1.3680043.2.1125.1.4950529658948705903603004543278311.png,/head/NFS/mkuyokwa/lungcxr/lung_cxr_segmentation/tb-inference-results/segments/tb_full/1.2.826.0.1.3680043.2.1125.1.4950529658948705903603004543278311.nrrd,,tb,1,0.9622363121585517,0.9272210267445437,17.11724276862369,1.7512490227582702,0.019938589145432,0.0280742739759133,0.0383395791294321,excellent,train
/head/NFS/mkuyokwa/lungcxr/lung_cxr_segmentation/TB_Positive/1.2.826.0.1.3680043.2.1125.1.5921892292417662176992638974671770.png,/head/NFS/mkuyokwa/lungcxr/lung_cxr_segmentation/tb-inference-results/segments/tb_full/1.2.826.0.1.3680043.2.1125.1.5921892292417662176992638974671770.nrrd,,tb,1,0.989498054066138,0.9792143974069114,20.0,2.3578125651895805,-0.0084002018758192,0.0146405550627211,0.0066912666472456,excellent,train
/head/NFS/mkuyokwa/lungcxr/lung_cxr_segmentation/TB_Positive/1.3.6.1.4.1.25403.158515237678667.5060.20130807024323.7.png,/head/NFS/mkuyokwa/lungcxr/lung_cxr_segmentation/tb-inference-results/segments/tb_full/1.3.6.1.4.1.25403.158515237678667.5060.20130807024323.7.nrrd,,tb,1,0.9862678522835632,0.9729077394904164,43.41658669218482,6.420712195797387,0.0027345909439735,0.0123817817986383,0.0096605363277115,excellent,train
/head/NFS/mkuyokwa/lungcxr/lung_cxr_segmentation/TB_Positive/1.2.840.114062.2.192.168.196.13.2020.12.18.8.54.53.1123859.png,/head/NFS/mkuyokwa/lungcxr/lung_cxr_segmentation/tb-inference-results/segments/tb_full/1.2.840.114062.2.192.168.196.13.2020.12.18.8.54.53.1123859.nrrd,,tb,1,0.985783039960762,0.9719646572688192,10.409425,1.2216173784453452,0.0112529056798703,0.0086391147711415,0.0197918486129149,excellent,train
/head/NFS/mkuyokwa/lungcxr/lung_cxr_segmentation/TB_Positive/2.25.215370381845321240761110676706873966581.png,/head/NFS/mkuyokwa/lungcxr/lung_cxr_segmentation/tb-inference-results/segments/tb_full/2.25.215370381845321240761110676706873966581.nrrd,,tb,1,0.9901674847659862,0.980526443572209,8.48528137423857,1.2520063338290914,0.0016549272393872,0.0090125091377538,0.0091989386179112,excellent,train
/head/NFS/mkuyokwa/lungcxr/lung_cxr_segmentation/TB_Positive/1.2.840.114062.2.192.168.196.13.2017.12.19.11.7.53.8198359.png,/head/NFS/mkuyokwa/lungcxr/lung_cxr_segmentation/tb-inference-results/segments/tb_full/1.2.840.114062.2.192.168.196.13.2017.12.19.11.7.53.8198359.nrrd,,tb,1,0.985368518931044,0.9711590240556284,32.01562118716424,5.882556422926253,0.0032140050825611,0.0130454425870648,0.0067804296771058,excellent,train
/head/NFS/mkuyokwa/lungcxr/lung_cxr_segmentation/TB_Positive/1.2.826.0.1.3680043.2.1125.1.46117669937225579469245527675651218.png,/head/NFS/mkuyokwa/lungcxr/lung_cxr_segmentation/tb-inference-results/segments/tb_full/1.2.826.0.1.3680043.2.1125.1.46117669937225579469245527675651218.nrrd,,tb,1,0.9849987099627732,0.9704408453772968,43.04648650006177,2.509042390046148,-0.0053930927721057,0.0176502417277357,0.0110132274852998,excellent,train
/head/NFS/mkuyokwa/lungcxr/lung_cxr_segmentation/TB_Positive/1.2.826.0.1.3680043.2.1125.1.71742319687058105629763430130340886.png,/head/NFS/mkuyokwa/lungcxr/lung_cxr_segmentation/tb-inference-results/segments/tb_full/1.2.826.0.1.3680043.2.1125.1.71742319687058105629763430130340886.nrrd,,tb,1,0.9779141545752188,0.956782797602285,20.808652046684813,2.872768700161173,0.0171361900503189,0.0136345727142649,0.0328538927235568,excellent,train
/head/NFS/mkuyokwa/lungcxr/lung_cxr_segmentation/TB_Positive/2.25.218812806460627893817363421124205014930.png,/head/NFS/mkuyokwa/lungcxr/lung_cxr_segmentation/tb-inference-results/segments/tb_full/2.25.218812806460627893817363421124205014930.nrrd,,tb,1,0.987914557759324,0.9761177431543332,24.186773244895647,5.269830644519281,0.0093275028125693,0.0074564659378951,0.0162397515954593,excellent,train
/head/NFS/mkuyokwa/lungcxr/lung_cxr_segmentation/TB_Positive/1.2.826.0.1.3680043.2.1125.1.49073459207614286833592560313146279.png,/head/NFS/mkuyokwa/lungcxr/lung_cxr_segmentation/tb-inference-results/segments/tb_full/1.2.826.0.1.3680043.2.1125.1.49073459207614286833592560313146279.nrrd,,tb,1,0.977157781278501,0.955335792161472,17.46424919657298,2.3848860490590345,-0.0008954481386286,0.023279519989392,0.0267913823202666,excellent,train
/head/NFS/mkuyokwa/lungcxr/lung_cxr_segmentation/TB_Positive/1.3.6.1.4.1.25403.158515237678667.5060.20130807021648.3.png,/head/NFS/mkuyokwa/lungcxr/lung_cxr_segmentation/tb-inference-results/segments/tb_full/1.3.6.1.4.1.25403.158515237678667.5060.20130807021648.3.nrrd,,tb,1,0.9901913616178928,0.9805732729761109,22.80350850198276,4.382990396374719,0.0022740556886375,0.008681481624125,0.0076476888940854,excellent,train
/head/NFS/mkuyokwa/lungcxr/lung_cxr_segmentation/TB_Positive/1.2.826.0.1.3680043.2.1125.1.49075589352839164346788137825160864.png,/head/NFS/mkuyokwa/lungcxr/lung_cxr_segmentation/tb-inference-results/segments/tb_full/1.2.826.0.1.3680043.2.1125.1.49075589352839164346788137825160864.nrrd,,tb,1,0.9773943421267725,0.9557881228229425,36.40054944640259,5.513304043158072,0.0252886150933776,0.0100889177048117,0.0370357914965169,excellent,train
/head/NFS/mkuyokwa/lungcxr/lung_cxr_segmentation/TB_Positive/1.3.6.1.4.1.25403.158515237678667.5060.20130807020729.9.png,/head/NFS/mkuyokwa/lungcxr/lung_cxr_segmentation/tb-inference-results/segments/tb_full/1.3.6.1.4.1.25403.158515237678667.5060.20130807020729.9.nrrd,,tb,1,0.985264280095948,0.9709565365345666,37.33630940518894,6.245414488985618,0.0033100830120975,0.0131023633531798,0.0074974630229348,excellent,train
/head/NFS/mkuyokwa/lungcxr/lung_cxr_segmentation/TB_Positive/1.2.826.0.1.3680043.2.1125.1.1125362682113980696085057904049536.png,/head/NFS/mkuyokwa/lungcxr/lung_cxr_segmentation/tb-inference-results/segments/tb_full/1.2.826.0.1.3680043.2.1125.1.1125362682113980696085057904049536.nrrd,,tb,1,0.991711973708765,0.9835602009046548,32.7566787083184,3.672276254675104,-0.0006287252282886,0.0085996854857692,0.0131402017108164,excellent,train
/head/NFS/mkuyokwa/lungcxr/lung_cxr_segmentation/TB_Positive/1.2.826.0.1.3680043.2.1125.1.71200437890157893678890018287328159.png,/head/NFS/mkuyokwa/lungcxr/lung_cxr_segmentation/tb-inference-results/segments/tb_full/1.2.826.0.1.3680043.2.1125.1.71200437890157893678890018287328159.nrrd,,tb,1,0.9784149212967906,0.957741985169538,26.1725046566048,1.8646310667726511,0.0171174563212641,0.0131388019770552,0.0214119769753387,excellent,train
/head/NFS/mkuyokwa/lungcxr/lung_cxr_segmentation/TB_Positive/1.2.826.0.1.3680043.2.1125.1.10589094407871135674018413553484238.png,/head/NFS/mkuyokwa/lungcxr/lung_cxr_segmentation/tb-inference-results/segments/tb_full/1.2.826.0.1.3680043.2.1125.1.10589094407871135674018413553484238.nrrd,,tb,1,0.9715828821025424,0.9447362020664246,20.248456731316587,2.7967466865440054,-0.0096437554136114,0.0330794903472055,0.0269826472021526,excellent,train
/head/NFS/mkuyokwa/lungcxr/lung_cxr_segmentation/TB_Positive/2.25.47024355865586352519769482929058246994.png,/head/NFS/mkuyokwa/lungcxr/lung_cxr_segmentation/tb-inference-results/segments/tb_full/2.25.47024355865586352519769482929058246994.nrrd,,tb,1,0.9628672620321004,0.9283934705587342,49.0,7.771799656491718,0.0325311699951481,0.0212121815116877,0.0748996826716769,excellent,train
/head/NFS/mkuyokwa/lungcxr/lung_cxr_segmentation/TB_Positive/1.2.826.0.1.3680043.2.1125.1.68474891897644112138237121617618720.png,/head/NFS/mkuyokwa/lungcxr/lung_cxr_segmentation/tb-inference-results/segments/tb_full/1.2.826.0.1.3680043.2.1125.1.68474891897644112138237121617618720.nrrd,,tb,1,0.978658818290191,0.9582094953341994,31.400636936215164,6.135227154799876,0.0064255300456391,0.0181868467521099,0.0548068405428615,excellent,train
/head/NFS/mkuyokwa/lungcxr/lung_cxr_segmentation/TB_Positive/1.3.6.1.4.1.25403.163683357445804.11044.20131119114329.179.png,/head/NFS/mkuyokwa/lungcxr/lung_cxr_segmentation/tb-inference-results/segments/tb_full/1.3.6.1.4.1.25403.163683357445804.11044.20131119114329.179.nrrd,,tb,1,0.9856232263513725,0.9716539770584146,38.897300677553446,6.298793172697089,0.0057421738626627,0.0115388156601411,0.0084477183795722,excellent,train
/head/NFS/mkuyokwa/lungcxr/lung_cxr_segmentation/TB_Positive/1.2.826.0.1.3680043.2.1125.1.51817190883830048879922967080375071.png,/head/NFS/mkuyokwa/lungcxr/lung_cxr_segmentation/tb-inference-results/segments/tb_full/1.2.826.0.1.3680043.2.1125.1.51817190883830048879922967080375071.nrrd,,tb,1,0.9699711420947896,0.9416931716529172,45.0111097397076,4.868990507793575,0.0487278420131001,0.0058064036587338,0.0774727044055727,excellent,train
/head/NFS/mkuyokwa/lungcxr/lung_cxr_segmentation/TB_Positive/1.2.826.0.1.3680043.2.1125.1.17580865122128869844124554950341891.png,/head/NFS/mkuyokwa/lungcxr/lung_cxr_segmentation/tb-inference-results/segments/tb_full/1.2.826.0.1.3680043.2.1125.1.17580865122128869844124554950341891.nrrd,,tb,1,0.9646170740207392,0.931652483170329,37.36308338453881,2.7852829038860687,-0.0217123994765878,0.0457425356143888,0.0131268696111208,excellent,train
/head/NFS/mkuyokwa/lungcxr/lung_cxr_segmentation/TB_Positive/1.2.840.114062.2.192.168.196.13.2020.8.26.9.58.37.5336375.png,/head/NFS/mkuyokwa/lungcxr/lung_cxr_segmentation/tb-inference-results/segments/tb_full/1.2.840.114062.2.192.168.196.13.2020.8.26.9.58.37.5336375.nrrd,,tb,1,0.9836933828668694,0.9679100443542726,9.883684418486103,1.2536013856861083,0.0017328724163323,0.0154535704579547,0.0121434811870096,excellent,train
/head/NFS/mkuyokwa/lungcxr/lung_cxr_segmentation/TB_Positive/1.2.826.0.1.3680043.2.1125.1.17800697085463369774317644865278750.png,/head/NFS/mkuyokwa/lungcxr/lung_cxr_segmentation/tb-inference-results/segments/tb_full/1.2.826.0.1.3680043.2.1125.1.17800697085463369774317644865278750.nrrd,,tb,1,0.9781987604940442,0.9573278272465264,6.4031242374328485,0.8939700097469309,0.0120434266625642,0.0158751216060847,0.0161884302593217,excellent,train
/head/NFS/mkuyokwa/lungcxr/lung_cxr_segmentation/TB_Positive/2.25.207800803915976791255678063189747519846.png,/head/NFS/mkuyokwa/lungcxr/lung_cxr_segmentation/tb-inference-results/segments/tb_full/2.25.207800803915976791255678063189747519846.nrrd,,tb,1,0.9804237579508336,0.961599258119586,37.01351104664349,3.869002717675278,0.0153805655836341,0.0119780740339717,0.0288604514296599,excellent,train
/head/NFS/mkuyokwa/lungcxr/lung_cxr_segmentation/TB_Positive/1.2.826.0.1.3680043.2.1125.1.25336383013250211494824624707880716.png,/head/NFS/mkuyokwa/lungcxr/lung_cxr_segmentation/tb-inference-results/segments/tb_full/1.2.826.0.1.3680043.2.1125.1.25336383013250211494824624707880716.nrrd,,tb,1,0.9911492821084376,0.9824538601507667,4.242640687119285,0.5420618452361218,0.0006993159815555,0.0085040334040181,0.0115917288471598,excellent,train
/head/NFS/mkuyokwa/lungcxr/lung_cxr_segmentation/TB_Positive/1.2.840.114062.2.192.168.196.13.2022.7.20.10.23.9.8637156.png,/head/NFS/mkuyokwa/lungcxr/lung_cxr_segmentation/tb-inference-results/segments/tb_full/1.2.840.114062.2.192.168.196.13.2022.7.20.10.23.9.8637156.nrrd,,tb,1,0.9788404008299728,0.9585577040313282,18.59337934365348,1.5053604162605496,-7.842879670128481e-05,0.0211979823022556,0.0105517331736626,excellent,train
/head/NFS/mkuyokwa/lungcxr/lung_cxr_segmentation/TB_Positive/1.2.840.114062.2.192.168.196.13.2021.8.26.10.50.9.7798515.png,/head/NFS/mkuyokwa/lungcxr/lung_cxr_segmentation/tb-inference-results/segments/tb_full/1.2.840.114062.2.192.168.196.13.2021.8.26.10.50.9.7798515.nrrd,,tb,1,0.9841224793417264,0.968741269817674,7.250873264735082,1.084817398965734,0.011483805220541,0.0101941518752651,0.0098516404688694,excellent,train
/head/NFS/mkuyokwa/lungcxr/lung_cxr_segmentation/TB_Positive/2.25.213944827486614059589366110141586231093.png,/head/NFS/mkuyokwa/lungcxr/lung_cxr_segmentation/tb-inference-results/segments/tb_full/2.25.213944827486614059589366110141586231093.nrrd,,tb,1,0.9762834533319568,0.9536657940223098,29.73213749463701,3.2849879010937806,0.0160989026462277,0.015794230232371,0.0259182243259078,excellent,train
/head/NFS/mkuyokwa/lungcxr/lung_cxr_segmentation/TB_Positive/1.2.826.0.1.3680043.2.1125.1.70244911480292086491458062577018940.png,/head/NFS/mkuyokwa/lungcxr/lung_cxr_segmentation/tb-inference-results/segments/tb_full/1.2.826.0.1.3680043.2.1125.1.70244911480292086491458062577018940.nrrd,,tb,1,0.9861989241760756,0.9727736019362414,21.633307652783937,2.9142472632917653,0.0070290942145614,0.010322808714149,0.0165974218011685,excellent,train
/head/NFS/mkuyokwa/lungcxr/lung_cxr_segmentation/TB_Positive/2.25.29489879009178908262380425490933808368.png,/head/NFS/mkuyokwa/lungcxr/lung_cxr_segmentation/tb-inference-results/segments/tb_full/2.25.29489879009178908262380425490933808368.nrrd,,tb,1,0.9905024700981164,0.9811836490520058,40.0,5.063708452556206,-0.0019488621120123,0.0104617666875286,0.0170926997571416,excellent,train
/head/NFS/mkuyokwa/lungcxr/lung_cxr_segmentation/TB_Positive/1.3.6.1.4.1.25403.158515237678667.5060.20130807024029.3.png,/head/NFS/mkuyokwa/lungcxr/lung_cxr_segmentation/tb-inference-results/segments/tb_full/1.3.6.1.4.1.25403.158515237678667.5060.20130807024029.3.nrrd,,tb,1,0.9347825684991664,0.8775509495578836,35.362581574126466,4.777983792566903,0.0218248159436413,0.0549041601236321,0.0498537298878595,excellent,train
/head/NFS/mkuyokwa/lungcxr/lung_cxr_segmentation/TB_Positive/1.2.826.0.1.3680043.2.1125.1.24457136005876887171469354858390947.png,/head/NFS/mkuyokwa/lungcxr/lung_cxr_segmentation/tb-inference-results/segments/tb_full/1.2.826.0.1.3680043.2.1125.1.24457136005876887171469354858390947.nrrd,,tb,1,0.9770613721106184,0.9551515071110168,20.248456731316587,2.6392885242332103,0.0071859212941443,0.0194154261042481,0.0074912681701571,excellent,train
/head/NFS/mkuyokwa/lungcxr/lung_cxr_segmentation/TB_Positive/1.2.826.0.1.3680043.2.1125.1.69648984059725644649695319222831413.png,/head/NFS/mkuyokwa/lungcxr/lung_cxr_segmentation/tb-inference-results/segments/tb_full/1.2.826.0.1.3680043.2.1125.1.69648984059725644649695319222831413.nrrd,,tb,1,0.9858809535822016,0.9721550512877724,28.231188426986208,2.647593974747357,-0.0143132119722175,0.0211244728748774,0.0130517772083985,excellent,train
/head/NFS/mkuyokwa/lungcxr/lung_cxr_segmentation/TB_Positive/1.3.6.1.4.1.25403.163683357445804.11044.20131119114551.56.png,/head/NFS/mkuyokwa/lungcxr/lung_cxr_segmentation/tb-inference-results/segments/tb_full/1.3.6.1.4.1.25403.163683357445804.11044.20131119114551.56.nrrd,,tb,1,0.9853259688106016,0.971076363958586,31.016124838541646,5.825356734960962,0.0066275777933651,0.0113980129013123,0.0064835236060723,excellent,train
/head/NFS/mkuyokwa/lungcxr/lung_cxr_segmentation/TB_Positive/1.2.826.0.1.3680043.2.1125.1.68552116451442284873448738197050004.png,/head/NFS/mkuyokwa/lungcxr/lung_cxr_segmentation/tb-inference-results/segments/tb_full/1.2.826.0.1.3680043.2.1125.1.68552116451442284873448738197050004.nrrd,,tb,1,0.9808916737999288,0.9624999115230076,44.91102314577124,3.678941611928189,-0.0114308522404855,0.0246826802846971,0.0131287727543788,excellent,train
/head/NFS/mkuyokwa/lungcxr/lung_cxr_segmentation/TB_Positive/1.2.826.0.1.3680043.2.1125.1.45239863092296845930928441811204036.png,/head/NFS/mkuyokwa/lungcxr/lung_cxr_segmentation/tb-inference-results/segments/tb_full/1.2.826.0.1.3680043.2.1125.1.45239863092296845930928441811204036.nrrd,,tb,1,0.9875927940908872,0.9754896926124276,25.29822128134704,2.11065103827759,-0.0107249358472068,0.0176748927870923,0.0130304570619994,excellent,train
/head/NFS/mkuyokwa/lungcxr/lung_cxr_segmentation/TB_Positive/1.2.840.114062.2.192.168.196.13.2017.6.9.11.4.22.8640078.png,/head/NFS/mkuyokwa/lungcxr/lung_cxr_segmentation/tb-inference-results/segments/tb_full/1.2.840.114062.2.192.168.196.13.2017.6.9.11.4.22.8640078.nrrd,,tb,1,0.9783870727826388,0.9576886183767668,16.982167247619632,1.5126712490500165,-0.0028806761103958,0.0230201085342025,0.0091451368719381,excellent,train
/head/NFS/mkuyokwa/lungcxr/lung_cxr_segmentation/TB_Positive/1.2.826.0.1.3680043.2.1125.1.58459358324788739798671988251847585.png,/head/NFS/mkuyokwa/lungcxr/lung_cxr_segmentation/tb-inference-results/segments/tb_full/1.2.826.0.1.3680043.2.1125.1.58459358324788739798671988251847585.nrrd,,tb,1,0.9825769575098132,0.9657506430215242,9.219544457292889,0.860771073563727,-0.0052337993251153,0.0199876365134968,0.0225650713685978,excellent,train
/head/NFS/mkuyokwa/lungcxr/lung_cxr_segmentation/TB_Positive/1.2.840.114062.2.192.168.196.13.2019.11.11.11.23.7.9052640.png,/head/NFS/mkuyokwa/lungcxr/lung_cxr_segmentation/tb-inference-results/segments/tb_full/1.2.840.114062.2.192.168.196.13.2019.11.11.11.23.7.9052640.nrrd,,tb,1,0.9867013901954944,0.9737518443707894,8.167394999999999,1.0122684989402722,-0.0089988822348072,0.0177183283468139,0.0056040470817074,excellent,train
/head/NFS/mkuyokwa/lungcxr/lung_cxr_segmentation/TB_Positive/1.2.826.0.1.3680043.2.1125.1.11927308946512706887614308073825918.png,/head/NFS/mkuyokwa/lungcxr/lung_cxr_segmentation/tb-inference-results/segments/tb_full/1.2.826.0.1.3680043.2.1125.1.11927308946512706887614308073825918.nrrd,,tb,1,0.9868842138397776,0.9741080213349904,8.246211251235321,0.7650164604450385,-0.0163685011279576,0.0211271270229484,0.0063893420337139,excellent,train
/head/NFS/mkuyokwa/lungcxr/lung_cxr_segmentation/TB_Positive/2.25.298898077506354017105826472222409066043.png,/head/NFS/mkuyokwa/lungcxr/lung_cxr_segmentation/tb-inference-results/segments/tb_full/2.25.298898077506354017105826472222409066043.nrrd,,tb,1,0.9866129706805484,0.9735796316073996,48.373546489791295,7.106692562213262,0.0142662253761636,0.0062988470169465,0.0098750404695008,excellent,train
/head/NFS/mkuyokwa/lungcxr/lung_cxr_segmentation/TB_Positive/2.25.34794221843863867937181353768717349092.png,/head/NFS/mkuyokwa/lungcxr/lung_cxr_segmentation/tb-inference-results/segments/tb_full/2.25.34794221843863867937181353768717349092.nrrd,,tb,1,0.9815038107155044,0.963679413867048,11.40175425099138,1.6572922441105038,0.0064611534523944,0.0153150891287973,0.0272927324169072,excellent,train
/head/NFS/mkuyokwa/lungcxr/lung_cxr_segmentation/TB_Positive/1.2.840.114062.2.192.168.196.13.2021.1.15.11.1.34.8628359.png,/head/NFS/mkuyokwa/lungcxr/lung_cxr_segmentation/tb-inference-results/segments/tb_full/1.2.840.114062.2.192.168.196.13.2021.1.15.11.1.34.8628359.nrrd,,tb,1,0.9865590182571228,0.973474564409736,5.51512967532496,1.0020907069300435,0.0067538786898205,0.0100981432151006,0.010898408470597,excellent,train
/head/NFS/mkuyokwa/lungcxr/lung_cxr_segmentation/TB_Positive/2.25.48056509828485569724061773302454417126.png,/head/NFS/mkuyokwa/lungcxr/lung_cxr_segmentation/tb-inference-results/segments/tb_full/2.25.48056509828485569724061773302454417126.nrrd,,tb,1,0.9789872556203112,0.95883940823392,32.01562118716424,3.506959207565062,0.006156053503708,0.0179900916110818,0.0198421816804494,excellent,train
/head/NFS/mkuyokwa/lungcxr/lung_cxr_segmentation/TB_Positive/2.25.145349438723326853226653598559218352845.png,/head/NFS/mkuyokwa/lungcxr/lung_cxr_segmentation/tb-inference-results/segments/tb_full/2.25.145349438723326853226653598559218352845.nrrd,,tb,1,0.9592658150267338,0.9217202902308574,34.713109915419565,7.520453082453112,0.0372855463622351,0.0225110807649106,0.044202619742384,excellent,train
/head/NFS/mkuyokwa/lungcxr/lung_cxr_segmentation/TB_Positive/1.2.826.0.1.3680043.2.1125.1.89338632818029337775547346206086880.png,/head/NFS/mkuyokwa/lungcxr/lung_cxr_segmentation/tb-inference-results/segments/tb_full/1.2.826.0.1.3680043.2.1125.1.89338632818029337775547346206086880.nrrd,,tb,1,0.9847824360311584,0.9700210782221876,32.01562118716424,4.20181501988369,-0.0020913237633062,0.0162462377789289,0.0208613142917878,excellent,train
/head/NFS/mkuyokwa/lungcxr/lung_cxr_segmentation/TB_Positive/1.2.840.113564.54.123.123.123.100.11016.20230905093053192.png,/head/NFS/mkuyokwa/lungcxr/lung_cxr_segmentation/tb-inference-results/segments/tb_full/1.2.840.113564.54.123.123.123.100.11016.20230905093053192.nrrd,,tb,1,0.9858596472505324,0.9721136177825268,4.963409999999982,0.9086286925544202,0.0199718189776844,0.0041963476080226,0.0100099089461995,excellent,train
/head/NFS/mkuyokwa/lungcxr/lung_cxr_segmentation/TB_Positive/1.3.6.1.4.1.25403.158515237678667.5060.20130807022926.9.png,/head/NFS/mkuyokwa/lungcxr/lung_cxr_segmentation/tb-inference-results/segments/tb_full/1.3.6.1.4.1.25403.158515237678667.5060.20130807022926.9.nrrd,,tb,1,0.9855326758553687,0.9714779888907126,50.0,7.14658756279159,0.0102150409124258,0.0094078544977143,0.0131731554119892,excellent,train
/head/NFS/mkuyokwa/lungcxr/lung_cxr_segmentation/TB_Positive/2.25.322380778449863845004314977089454320852.png,/head/NFS/mkuyokwa/lungcxr/lung_cxr_segmentation/tb-inference-results/segments/tb_full/2.25.322380778449863845004314977089454320852.nrrd,,tb,1,0.986383080033175,0.9731320192104316,49.0,7.563289745956265,-0.0016989291289285,0.0144541062801932,0.0072722316716449,excellent,train
/head/NFS/mkuyokwa/lungcxr/lung_cxr_segmentation/TB_Positive/1.2.840.114062.2.192.168.196.13.2016.2.22.11.2.15.8815078.png,/head/NFS/mkuyokwa/lungcxr/lung_cxr_segmentation/tb-inference-results/segments/tb_full/1.2.840.114062.2.192.168.196.13.2016.2.22.11.2.15.8815078.nrrd,,tb,1,0.9870431747505664,0.9744178134221207,35.77708763999664,6.128797182637849,0.0021662263335871,0.0118865866010958,0.0084798838732177,excellent,train
/head/NFS/mkuyokwa/lungcxr/lung_cxr_segmentation/TB_Positive/1.2.826.0.1.3680043.2.1125.1.16531505956527022662593385555588736.png,/head/NFS/mkuyokwa/lungcxr/lung_cxr_segmentation/tb-inference-results/segments/tb_full/1.2.826.0.1.3680043.2.1125.1.16531505956527022662593385555588736.nrrd,,tb,1,0.980457472116,0.9616641241546648,36.40054944640259,5.01137081692108,-0.0030279743188588,0.0210246839419104,0.0142315254208613,excellent,train
/head/NFS/mkuyokwa/lungcxr/lung_cxr_segmentation/TB_Positive/2.25.10278225252821948598810697251730280116.png,/head/NFS/mkuyokwa/lungcxr/lung_cxr_segmentation/tb-inference-results/segments/tb_full/2.25.10278225252821948598810697251730280116.nrrd,,tb,1,0.9839269151674936,0.9683623450469488,38.11823710509184,7.956081627380716,0.010687350719094,0.0107870519768101,0.0134585039893277,excellent,train
/head/NFS/mkuyokwa/lungcxr/lung_cxr_segmentation/TB_Positive/1.2.826.0.1.3680043.2.1125.1.5514529216180343161229276777370552.png,/head/NFS/mkuyokwa/lungcxr/lung_cxr_segmentation/tb-inference-results/segments/tb_full/1.2.826.0.1.3680043.2.1125.1.5514529216180343161229276777370552.nrrd,,tb,1,0.9844828201235826,0.9694398476285634,16.0312195418814,2.947879818535423,-0.0162345769537179,0.0234441653004336,0.0120443065330847,excellent,train
/head/NFS/mkuyokwa/lungcxr/lung_cxr_segmentation/TB_Positive/2.25.169212533896234563986563961583292217342.png,/head/NFS/mkuyokwa/lungcxr/lung_cxr_segmentation/tb-inference-results/segments/tb_full/2.25.169212533896234563986563961583292217342.nrrd,,tb,1,0.9698764473141248,0.941514680239408,19.79898987322333,1.4251268922612383,0.0201470980896667,0.0202540336422931,0.0271519921298573,excellent,train
/head/NFS/mkuyokwa/lungcxr/lung_cxr_segmentation/TB_Positive/1.2.826.0.1.3680043.2.1125.1.60511599098863528915432459296124640.png,/head/NFS/mkuyokwa/lungcxr/lung_cxr_segmentation/tb-inference-results/segments/tb_full/1.2.826.0.1.3680043.2.1125.1.60511599098863528915432459296124640.nrrd,,tb,1,0.9862356765729832,0.9728451216738684,34.0,2.6217651547881102,-0.0047699925965206,0.0161108952996258,0.0093475644144409,excellent,train
/head/NFS/mkuyokwa/lungcxr/lung_cxr_segmentation/TB_Positive/1.2.826.0.1.3680043.2.1125.1.78847017500690431687751130929913235.png,/head/NFS/mkuyokwa/lungcxr/lung_cxr_segmentation/tb-inference-results/segments/tb_full/1.2.826.0.1.3680043.2.1125.1.78847017500690431687751130929913235.nrrd,,tb,1,0.9762531503780454,0.9536079654248044,9.055385138137416,0.941087786655322,-0.0032483898067768,0.0253299038246477,0.0103821689533722,excellent,train
/head/NFS/mkuyokwa/lungcxr/lung_cxr_segmentation/TB_Positive/1.2.410.200028.100.3.20180701.1201010242.17014.1.1.png,/head/NFS/mkuyokwa/lungcxr/lung_cxr_segmentation/tb-inference-results/segments/tb_full/1.2.410.200028.100.3.20180701.1201010242.17014.1.1.nrrd,,tb,1,0.9881419376878432,0.9765618069295996,4.134820431409318,0.7558698506923114,0.0108466617968258,0.0064698193851223,0.0074292791277596,excellent,train
/head/NFS/mkuyokwa/lungcxr/lung_cxr_segmentation/TB_Positive/1.2.840.114062.2.192.168.196.13.2022.2.2.10.35.53.7218359.png,/head/NFS/mkuyokwa/lungcxr/lung_cxr_segmentation/tb-inference-results/segments/tb_full/1.2.840.114062.2.192.168.196.13.2022.2.2.10.35.53.7218359.nrrd,,tb,1,0.9887750901166444,0.9777993801900104,28.84441020371192,5.610802730588833,0.0074412671414903,0.0075323012454894,0.0109024964948909,excellent,train
/head/NFS/mkuyokwa/lungcxr/lung_cxr_segmentation/TB_Positive/1.2.410.200028.100.3.20190417.1330290615.13519.1.1.png,/head/NFS/mkuyokwa/lungcxr/lung_cxr_segmentation/tb-inference-results/segments/tb_full/1.2.410.200028.100.3.20190417.1330290615.13519.1.1.nrrd,,tb,1,0.9725220431018562,0.9465137782982768,28.584876071097494,2.2281413538938906,-0.0261599402918009,0.0400342798586801,0.0123953996649183,excellent,train
/head/NFS/mkuyokwa/lungcxr/lung_cxr_segmentation/TB_Positive/2.25.68311424828657811970483060430801899728.png,/head/NFS/mkuyokwa/lungcxr/lung_cxr_segmentation/tb-inference-results/segments/tb_full/2.25.68311424828657811970483060430801899728.nrrd,,tb,1,0.9853848370150808,0.9711907262613296,38.948684188300895,5.935824138404092,0.0029905800112654,0.0131395203727786,0.0130102823713474,excellent,train
/head/NFS/mkuyokwa/lungcxr/lung_cxr_segmentation/TB_Positive/1.2.826.0.1.3680043.2.1125.1.39403076927014573283150406447959369.png,/head/NFS/mkuyokwa/lungcxr/lung_cxr_segmentation/tb-inference-results/segments/tb_full/1.2.826.0.1.3680043.2.1125.1.39403076927014573283150406447959369.nrrd,,tb,1,0.9850437915824208,0.9705283670496532,14.866068747318506,1.975112592830688,-0.0087436295364309,0.0192438924525726,0.010047122024667,excellent,train
/head/NFS/mkuyokwa/lungcxr/lung_cxr_segmentation/TB_Positive/1.2.840.114062.2.192.168.196.13.2017.4.18.11.4.9.5485421.png,/head/NFS/mkuyokwa/lungcxr/lung_cxr_segmentation/tb-inference-results/segments/tb_full/1.2.840.114062.2.192.168.196.13.2017.4.18.11.4.9.5485421.nrrd,,tb,1,0.9864262337680856,0.9732160269254474,5.164521068405085,1.0821860101755512,0.002143789151286,0.0125152867242235,0.0102652706068928,excellent,train
/head/NFS/mkuyokwa/lungcxr/lung_cxr_segmentation/TB_Positive/1.2.840.114062.2.192.168.196.14.2022.5.20.10.29.51.5694656.png,/head/NFS/mkuyokwa/lungcxr/lung_cxr_segmentation/tb-inference-results/segments/tb_full/1.2.840.114062.2.192.168.196.14.2022.5.20.10.29.51.5694656.nrrd,,tb,1,0.9701090015056372,0.9419530833106384,34.52044253665681,1.9936154337765968,-0.0304672236066517,0.0444475141219323,0.0068058562465909,excellent,train
/head/NFS/mkuyokwa/lungcxr/lung_cxr_segmentation/TB_Positive/1.3.6.1.4.1.25403.163683357445804.11044.20131119114351.12.png,/head/NFS/mkuyokwa/lungcxr/lung_cxr_segmentation/tb-inference-results/segments/tb_full/1.3.6.1.4.1.25403.163683357445804.11044.20131119114351.12.nrrd,,tb,1,0.9898792675734964,0.9799613410523876,35.35533905932738,4.852139752867405,0.0012799655245466,0.0094868210661812,0.0073587445709053,excellent,train
/head/NFS/mkuyokwa/lungcxr/lung_cxr_segmentation/TB_Positive/1.2.410.200028.100.3.20190417.1154560244.27565.1.1.png,/head/NFS/mkuyokwa/lungcxr/lung_cxr_segmentation/tb-inference-results/segments/tb_full/1.2.410.200028.100.3.20190417.1154560244.27565.1.1.nrrd,,tb,1,0.9873397494297772,0.974996055067642,12.8068653854095,0.8959067950247166,-0.0022776893331164,0.0137833980873821,0.0073196621885133,excellent,train
/head/NFS/mkuyokwa/lungcxr/lung_cxr_segmentation/TB_Positive/2.25.37783574899984360835801977446006367307.png,/head/NFS/mkuyokwa/lungcxr/lung_cxr_segmentation/tb-inference-results/segments/tb_full/2.25.37783574899984360835801977446006367307.nrrd,,tb,1,0.9882327750942804,0.976739264494724,12.041594578792296,2.336699536246256,0.0039738270763591,0.0097997826884347,0.0107108343657497,excellent,train
/head/NFS/mkuyokwa/lungcxr/lung_cxr_segmentation/TB_Positive/1.2.826.0.1.3680043.2.1125.1.99193780651453309755380081026570859.png,/head/NFS/mkuyokwa/lungcxr/lung_cxr_segmentation/tb-inference-results/segments/tb_full/1.2.826.0.1.3680043.2.1125.1.99193780651453309755380081026570859.nrrd,,tb,1,0.9825608798114688,0.9657195799876468,5.0,0.7276834098276476,0.006598586017282,0.014186633039092,0.0148300324206336,excellent,train
/head/NFS/mkuyokwa/lungcxr/lung_cxr_segmentation/TB_Positive/1.2.840.114062.2.192.168.196.13.2022.2.15.11.17.14.10294468.png,/head/NFS/mkuyokwa/lungcxr/lung_cxr_segmentation/tb-inference-results/segments/tb_full/1.2.840.114062.2.192.168.196.13.2022.2.15.11.17.14.10294468.nrrd,,tb,1,0.9744051505402002,0.9500877964173062,19.77644863546663,2.341702098368768,-0.0198934895416798,0.0351915528364857,0.0138363228359917,excellent,train
/head/NFS/mkuyokwa/lungcxr/lung_cxr_segmentation/TB_Positive/1.2.840.114062.2.192.168.196.13.2019.11.8.11.29.28.8597718.png,/head/NFS/mkuyokwa/lungcxr/lung_cxr_segmentation/tb-inference-results/segments/tb_full/1.2.840.114062.2.192.168.196.13.2019.11.8.11.29.28.8597718.nrrd,,tb,1,0.9485838510747694,0.9021963872672324,28.565576797124635,4.04917670737994,0.0319116518264326,0.0360352959204522,0.0426153705933223,excellent,train
/head/NFS/mkuyokwa/lungcxr/lung_cxr_segmentation/TB_Positive/2.25.125665742000194094970944091814600112824.png,/head/NFS/mkuyokwa/lungcxr/lung_cxr_segmentation/tb-inference-results/segments/tb_full/2.25.125665742000194094970944091814600112824.nrrd,,tb,1,0.979718016385564,0.9602423958471064,42.20189569201838,7.0777161519261504,0.0258272972250703,0.0074647319269926,0.0239096695357002,excellent,train
/head/NFS/mkuyokwa/lungcxr/lung_cxr_segmentation/TB_Positive/1.2.826.0.1.3680043.2.1125.1.22272754687811575101068116330180602.png,/head/NFS/mkuyokwa/lungcxr/lung_cxr_segmentation/tb-inference-results/segments/tb_full/1.2.826.0.1.3680043.2.1125.1.22272754687811575101068116330180602.nrrd,,tb,1,0.988560503995074,0.9773797719980074,42.44997055358225,6.162179613141435,-0.0019324309335544,0.0123937364518522,0.0252032225922547,excellent,train
/head/NFS/mkuyokwa/lungcxr/lung_cxr_segmentation/TB_Positive/1.2.840.114062.2.192.168.196.13.2020.7.2.11.24.33.10285984.png,/head/NFS/mkuyokwa/lungcxr/lung_cxr_segmentation/tb-inference-results/segments/tb_full/1.2.840.114062.2.192.168.196.13.2020.7.2.11.24.33.10285984.nrrd,,tb,1,0.9590497135638726,0.9213213407600324,30.00871175926795,3.4845550184365752,-0.037975789111527,0.0588212885669476,0.0179506780628963,excellent,train
/head/NFS/mkuyokwa/lungcxr/lung_cxr_segmentation/TB_Positive/1.2.826.0.1.3680043.2.1125.1.42831406947277851698235060358137308.png,/head/NFS/mkuyokwa/lungcxr/lung_cxr_segmentation/tb-inference-results/segments/tb_full/1.2.826.0.1.3680043.2.1125.1.42831406947277851698235060358137308.nrrd,,tb,1,0.9886860479139882,0.9776252427593334,47.43416490252569,7.067299101300995,0.0027351691605274,0.0099599886326216,0.0393502075711695,excellent,train
/head/NFS/mkuyokwa/lungcxr/lung_cxr_segmentation/TB_Positive/2.25.261308283813631683261602581761980313479.png,/head/NFS/mkuyokwa/lungcxr/lung_cxr_segmentation/tb-inference-results/segments/tb_full/2.25.261308283813631683261602581761980313479.nrrd,,tb,1,0.9826432892175436,0.9658788100604216,27.892651361962702,2.8574440312112293,-0.0022079669719496,0.018440336441524,0.0067055307152655,excellent,train
/head/NFS/mkuyokwa/lungcxr/lung_cxr_segmentation/TB_Positive/1.2.826.0.1.3680043.2.1125.1.17491884889616865124200439236137680.png,/head/NFS/mkuyokwa/lungcxr/lung_cxr_segmentation/tb-inference-results/segments/tb_full/1.2.826.0.1.3680043.2.1125.1.17491884889616865124200439236137680.nrrd,,tb,1,0.9814469529280152,0.9635697971248152,16.0312195418814,3.0285450075926854,0.0088403233697232,0.0141956323774505,0.0088638556650135,excellent,train
/head/NFS/mkuyokwa/lungcxr/lung_cxr_segmentation/TB_Positive/1.2.826.0.1.3680043.2.1125.1.70620977042502509233965412308846431.png,/head/NFS/mkuyokwa/lungcxr/lung_cxr_segmentation/tb-inference-results/segments/tb_full/1.2.826.0.1.3680043.2.1125.1.70620977042502509233965412308846431.nrrd,,tb,1,0.969793180547792,0.941357756749718,28.0713376952364,3.902430020959492,-0.0456716974100987,0.0518584367417425,0.0183969195855577,excellent,train
/head/NFS/mkuyokwa/lungcxr/lung_cxr_segmentation/TB_Positive/1.2.826.0.1.3680043.2.1125.1.13372302263997532240420554843510615.png,/head/NFS/mkuyokwa/lungcxr/lung_cxr_segmentation/tb-inference-results/segments/tb_full/1.2.826.0.1.3680043.2.1125.1.13372302263997532240420554843510615.nrrd,,tb,1,0.9778026654720572,0.9565693750547812,8.94427190999916,0.9607302083732032,0.0020159032366446,0.0212107623318385,0.0227432384966631,excellent,train
/head/NFS/mkuyokwa/lungcxr/lung_cxr_segmentation/TB_Positive/1.2.840.114062.2.192.168.196.13.2021.9.22.10.27.50.3131703.png,/head/NFS/mkuyokwa/lungcxr/lung_cxr_segmentation/tb-inference-results/segments/tb_full/1.2.840.114062.2.192.168.196.13.2021.9.22.10.27.50.3131703.nrrd,,tb,1,0.9843065365490392,0.9690980320033958,7.526814999999999,1.2410428323629918,0.0108698212873622,0.0103146118007409,0.0135548425151038,excellent,train
/head/NFS/mkuyokwa/lungcxr/lung_cxr_segmentation/TB_Positive/1.2.840.114062.2.192.168.196.13.2018.1.12.10.49.9.7079953.png,/head/NFS/mkuyokwa/lungcxr/lung_cxr_segmentation/tb-inference-results/segments/tb_full/1.2.840.114062.2.192.168.196.13.2018.1.12.10.49.9.7079953.nrrd,,tb,1,0.983075255544604,0.9667138703278187,35.77708763999664,6.939567055333509,0.0171929038075557,0.0084005071069301,0.0119127016583665,excellent,train
/head/NFS/mkuyokwa/lungcxr/lung_cxr_segmentation/TB_Positive/1.2.826.0.1.3680043.2.1125.1.24335823336610547047661489924716826.png,/head/NFS/mkuyokwa/lungcxr/lung_cxr_segmentation/tb-inference-results/segments/tb_full/1.2.826.0.1.3680043.2.1125.1.24335823336610547047661489924716826.nrrd,,tb,1,0.9820949593483004,0.9648198212276534,52.23983154643591,10.953239049442432,0.0129441215594186,0.0115074568320271,0.1136458439548012,good,train
/head/NFS/mkuyokwa/lungcxr/lung_cxr_segmentation/TB_Positive/2.25.12492097196719362369571615222733624964.png,/head/NFS/mkuyokwa/lungcxr/lung_cxr_segmentation/tb-inference-results/segments/tb_full/2.25.12492097196719362369571615222733624964.nrrd,,tb,1,0.9775928822876614,0.9561679152577204,112.0,11.142044145441224,-0.0050589267553046,0.0248736640676636,0.0090761964747499,good,train
/head/NFS/mkuyokwa/lungcxr/lung_cxr_segmentation/TB_Positive/1.3.6.1.4.1.25403.158515237678667.5060.20130807021419.11.png,/head/NFS/mkuyokwa/lungcxr/lung_cxr_segmentation/tb-inference-results/segments/tb_full/1.3.6.1.4.1.25403.158515237678667.5060.20130807021419.11.nrrd,,tb,1,0.9675709941542558,0.9371792042607734,132.74034804836094,16.05079369307509,0.0446434473835809,0.0103380451411067,0.0382363779811884,good,train
/head/NFS/mkuyokwa/lungcxr/lung_cxr_segmentation/TB_Positive/2.25.131699410219690777038109470505277011262.png,/head/NFS/mkuyokwa/lungcxr/lung_cxr_segmentation/tb-inference-results/segments/tb_full/2.25.131699410219690777038109470505277011262.nrrd,,tb,1,0.975283522280314,0.9517593827032276,114.28035701729324,14.22995608671837,-0.0108061881125957,0.0299577074648403,0.0121640472362692,good,train
/head/NFS/mkuyokwa/lungcxr/lung_cxr_segmentation/TB_Positive/2.25.107880681657739645223130530866194322688.png,/head/NFS/mkuyokwa/lungcxr/lung_cxr_segmentation/tb-inference-results/segments/tb_full/2.25.107880681657739645223130530866194322688.nrrd,,tb,1,0.9660213399854404,0.93427589692406,90.91754506144564,5.587836487178058,0.0477052038604569,0.0103734928806391,0.0313024234650765,good,train
/head/NFS/mkuyokwa/lungcxr/lung_cxr_segmentation/TB_Positive/2.25.323126858967259204677719301070470275117.png,/head/NFS/mkuyokwa/lungcxr/lung_cxr_segmentation/tb-inference-results/segments/tb_full/2.25.323126858967259204677719301070470275117.nrrd,,tb,1,0.974241847805925,0.9497773385685916,106.06601717798212,10.96818229751261,-0.0113899045400223,0.0312749948611074,0.0165730560294324,good,train
/head/NFS/mkuyokwa/lungcxr/lung_cxr_segmentation/TB_Positive/1.2.826.0.1.3680043.2.1125.1.61474944879909069015294014162912380.png,/head/NFS/mkuyokwa/lungcxr/lung_cxr_segmentation/tb-inference-results/segments/tb_full/1.2.826.0.1.3680043.2.1125.1.61474944879909069015294014162912380.nrrd,,tb,1,0.9636919707969556,0.929928113688424,164.98484778912274,19.14243448774822,0.0424403417099387,0.0154149665724665,0.0471472680465253,good,train
/head/NFS/mkuyokwa/lungcxr/lung_cxr_segmentation/TB_Positive/1.2.826.0.1.3680043.2.1125.1.54643293406797335586591524201677073.png,/head/NFS/mkuyokwa/lungcxr/lung_cxr_segmentation/tb-inference-results/segments/tb_full/1.2.826.0.1.3680043.2.1125.1.54643293406797335586591524201677073.nrrd,,tb,1,0.9419494117939664,0.8902687851542886,90.70832376358854,21.96441544441017,0.1061844952371477,0.0052363501882732,0.2753831819010949,good,train
/head/NFS/mkuyokwa/lungcxr/lung_cxr_segmentation/TB_Positive/1.2.826.0.1.3680043.2.1125.1.64259185569507761398321900528677296.png,/head/NFS/mkuyokwa/lungcxr/lung_cxr_segmentation/tb-inference-results/segments/tb_full/1.2.826.0.1.3680043.2.1125.1.64259185569507761398321900528677296.nrrd,,tb,1,0.92868602437974,0.8668663393866937,87.32124598286491,15.916617636323732,0.1286016793147075,0.0074950756184689,0.1364187305563411,good,train
/head/NFS/mkuyokwa/lungcxr/lung_cxr_segmentation/TB_Positive/2.25.101590288230758282620675182339013467311.png,/head/NFS/mkuyokwa/lungcxr/lung_cxr_segmentation/tb-inference-results/segments/tb_full/2.25.101590288230758282620675182339013467311.nrrd,,tb,1,0.982227039114336,0.9650748023995488,148.18906842274163,9.676768847109772,0.009196147785819,0.013235745930571,0.0177776809324955,good,train
/head/NFS/mkuyokwa/lungcxr/lung_cxr_segmentation/TB_Positive/2.25.97153465365087308439762295253408287775.png,/head/NFS/mkuyokwa/lungcxr/lung_cxr_segmentation/tb-inference-results/segments/tb_full/2.25.97153465365087308439762295253408287775.nrrd,,tb,1,0.9623913072934822,0.9275089097250748,187.0240626229684,15.016080525407231,-0.002033734619189,0.0385863228458128,0.0294008484087881,good,train
/head/NFS/mkuyokwa/lungcxr/lung_cxr_segmentation/TB_Positive/2.25.72990947901123278881647408820450248634.png,/head/NFS/mkuyokwa/lungcxr/lung_cxr_segmentation/tb-inference-results/segments/tb_full/2.25.72990947901123278881647408820450248634.nrrd,,tb,1,0.9676818422517616,0.9373872143860515,40.60788100849391,8.247477007793124,0.0267919455797091,0.0191791077641256,0.0573896798123602,good,train
/head/NFS/mkuyokwa/lungcxr/lung_cxr_segmentation/TB_Positive/2.25.23944975622039932765458716109335981782.png,/head/NFS/mkuyokwa/lungcxr/lung_cxr_segmentation/tb-inference-results/segments/tb_full/2.25.23944975622039932765458716109335981782.nrrd,,tb,1,0.9807353861684358,0.96219899411764,78.18567643756751,11.115064106460812,0.0061041485160657,0.0162621729329195,0.0494269002016495,good,train
/head/NFS/mkuyokwa/lungcxr/lung_cxr_segmentation/TB_Positive/1.3.6.1.4.1.25403.163683357445804.11492.20131121045002.13.png,/head/NFS/mkuyokwa/lungcxr/lung_cxr_segmentation/tb-inference-results/segments/tb_full/1.3.6.1.4.1.25403.163683357445804.11492.20131121045002.13.nrrd,,tb,1,0.9816639102255412,0.9639881372003232,113.0,8.067383868402564,-0.008515034774577,0.0224978222921621,0.0069796766512032,good,train
/head/NFS/mkuyokwa/lungcxr/lung_cxr_segmentation/TB_Positive/2.25.299550769931122878236415427863764564497.png,/head/NFS/mkuyokwa/lungcxr/lung_cxr_segmentation/tb-inference-results/segments/tb_full/2.25.299550769931122878236415427863764564497.nrrd,,tb,1,0.8876940336562978,0.7980664138431859,172.01162751395617,18.763319788016418,0.2118021417644059,0.0071635198890338,0.0452649056501583,good,train
/head/NFS/mkuyokwa/lungcxr/lung_cxr_segmentation/TB_Positive/2.25.149223702998347628349158987105180461559.png,/head/NFS/mkuyokwa/lungcxr/lung_cxr_segmentation/tb-inference-results/segments/tb_full/2.25.149223702998347628349158987105180461559.nrrd,,tb,1,0.9770554887205446,0.9551402622010116,196.8806745213964,16.19170823869877,0.0243671523964745,0.010893658803326,0.0452076574781225,good,train
/head/NFS/mkuyokwa/lungcxr/lung_cxr_segmentation/TB_Positive/1.2.826.0.1.3680043.2.1125.1.62734314929673987532807112668932521.png,/head/NFS/mkuyokwa/lungcxr/lung_cxr_segmentation/tb-inference-results/segments/tb_full/1.2.826.0.1.3680043.2.1125.1.62734314929673987532807112668932521.nrrd,,tb,1,0.9625566660072225,0.9278161365234852,84.81155581640984,13.941617286052209,0.028032124593093,0.0237602975062631,0.0961822634752721,good,train
/head/NFS/mkuyokwa/lungcxr/lung_cxr_segmentation/TB_Positive/2.25.237714558356286242250028343912864012088.png,/head/NFS/mkuyokwa/lungcxr/lung_cxr_segmentation/tb-inference-results/segments/tb_full/2.25.237714558356286242250028343912864012088.nrrd,,tb,1,0.9823531287966434,0.96531828141428,163.36768346279504,11.138833908304068,-0.0039592508211755,0.0195877202651718,0.0091704107830552,good,train
/head/NFS/mkuyokwa/lungcxr/lung_cxr_segmentation/TB_Positive/1.2.826.0.1.3680043.2.1125.1.75146708922574368329253307392038299.png,/head/NFS/mkuyokwa/lungcxr/lung_cxr_segmentation/tb-inference-results/segments/tb_full/1.2.826.0.1.3680043.2.1125.1.75146708922574368329253307392038299.nrrd,,tb,1,0.9632089860392734,0.9290290647482016,86.00581375697809,7.036892907109007,0.0447201529497972,0.0147609944505887,0.0507982970210166,good,train
/head/NFS/mkuyokwa/lungcxr/lung_cxr_segmentation/TB_Positive/2.25.201826523176172600317678682935994771136.png,/head/NFS/mkuyokwa/lungcxr/lung_cxr_segmentation/tb-inference-results/segments/tb_full/2.25.201826523176172600317678682935994771136.nrrd,,tb,1,0.9853141593304386,0.9710534234717012,48.010415536631214,10.016580248160272,-0.0028833574519376,0.0161043021657012,0.0120085497961914,good,train
/head/NFS/mkuyokwa/lungcxr/lung_cxr_segmentation/TB_Positive/2.25.182627807426529758191440780556120078648.png,/head/NFS/mkuyokwa/lungcxr/lung_cxr_segmentation/tb-inference-results/segments/tb_full/2.25.182627807426529758191440780556120078648.nrrd,,tb,1,0.9817360581404831,0.9641272933102908,63.24555320336759,9.602891707384678,0.0176366373819559,0.0095296587362916,0.0142064339087277,good,train
/head/NFS/mkuyokwa/lungcxr/lung_cxr_segmentation/TB_Positive/1.3.6.1.4.1.25403.207732457674374.27968.20150929060050.21.png,/head/NFS/mkuyokwa/lungcxr/lung_cxr_segmentation/tb-inference-results/segments/tb_full/1.3.6.1.4.1.25403.207732457674374.27968.20150929060050.21.nrrd,,tb,1,0.9841347653811048,0.9687650800948076,58.0,8.011889522468458,0.0074769997204823,0.0121722406787303,0.0142972624944912,good,train
/head/NFS/mkuyokwa/lungcxr/lung_cxr_segmentation/TB_Positive/2.25.95265632185813062269322295957491057817.png,/head/NFS/mkuyokwa/lungcxr/lung_cxr_segmentation/tb-inference-results/segments/tb_full/2.25.95265632185813062269322295957491057817.nrrd,,tb,1,0.9828541089224914,0.9662862697909632,125.19584657647394,10.1231700028067,-0.0041358738927881,0.0191741770347957,0.0102097418432713,good,train
/head/NFS/mkuyokwa/lungcxr/lung_cxr_segmentation/TB_Positive/2.25.57695051204462124092926709541576093225.png,/head/NFS/mkuyokwa/lungcxr/lung_cxr_segmentation/tb-inference-results/segments/tb_full/2.25.57695051204462124092926709541576093225.nrrd,,tb,1,0.9691697368359564,0.9401836281573404,189.76301009416983,22.781146919200623,-0.0004550884169213,0.0310507419560037,0.0175084320500164,good,train
/head/NFS/mkuyokwa/lungcxr/lung_cxr_segmentation/TB_Positive/2.25.179174600808057569432202908471019646067.png,/head/NFS/mkuyokwa/lungcxr/lung_cxr_segmentation/tb-inference-results/segments/tb_full/2.25.179174600808057569432202908471019646067.nrrd,,tb,1,0.9827115638849314,0.9660107487683796,99.46356116689168,8.178090833086587,0.0235350095988294,0.0055866725112426,0.00900730250005,good,train
/head/NFS/mkuyokwa/lungcxr/lung_cxr_segmentation/TB_Positive/1.2.840.114062.2.192.168.196.14.2017.5.3.9.36.30.2646187.png,/head/NFS/mkuyokwa/lungcxr/lung_cxr_segmentation/tb-inference-results/segments/tb_full/1.2.840.114062.2.192.168.196.14.2017.5.3.9.36.30.2646187.nrrd,,tb,1,0.9406955170851046,0.8880312811445735,73.51510254769593,4.380131465882934,-0.0835178442351189,0.0970122769162616,0.0082238485044465,good,train
/head/NFS/mkuyokwa/lungcxr/lung_cxr_segmentation/TB_Positive/1.2.826.0.1.3680043.2.1125.1.24619375072129753394860208058833469.png,/head/NFS/mkuyokwa/lungcxr/lung_cxr_segmentation/tb-inference-results/segments/tb_full/1.2.826.0.1.3680043.2.1125.1.24619375072129753394860208058833469.nrrd,,tb,1,0.8899561004526543,0.8017305449050809,104.9952379872535,13.244838547153169,-0.0357260908641408,0.1256622347706131,0.0709703743275018,good,train
/head/NFS/mkuyokwa/lungcxr/lung_cxr_segmentation/TB_Positive/1.2.826.0.1.3680043.2.1125.1.85581826604062048267820689003622983.png,/head/NFS/mkuyokwa/lungcxr/lung_cxr_segmentation/tb-inference-results/segments/tb_full/1.2.826.0.1.3680043.2.1125.1.85581826604062048267820689003622983.nrrd,,tb,1,0.9316118377195056,0.8719788093972916,32.89376840679705,10.598882903615998,0.0741900383207676,0.0324986823651322,0.2345773475907186,good,train
/head/NFS/mkuyokwa/lungcxr/lung_cxr_segmentation/TB_Positive/1.2.840.114062.2.192.168.196.13.2022.10.28.10.57.45.9383078.png,/head/NFS/mkuyokwa/lungcxr/lung_cxr_segmentation/tb-inference-results/segments/tb_full/1.2.840.114062.2.192.168.196.13.2022.10.28.10.57.45.9383078.nrrd,,tb,1,0.9848371536192062,0.970127262961107,61.326992425847855,8.09878404397515,-0.0020934696102507,0.0161926317946332,0.013172631753165,good,train
/head/NFS/mkuyokwa/lungcxr/lung_cxr_segmentation/TB_Positive/1.2.826.0.1.3680043.2.1125.1.14274446072359505221846735796004752.png,/head/NFS/mkuyokwa/lungcxr/lung_cxr_segmentation/tb-inference-results/segments/tb_full/1.2.826.0.1.3680043.2.1125.1.14274446072359505221846735796004752.nrrd,,tb,1,0.9486161725844584,0.9022548643498718,163.37686494727458,20.77570532850192,0.064588890768567,0.019726436352676,0.078695597880579,good,train
/head/NFS/mkuyokwa/lungcxr/lung_cxr_segmentation/TB_Positive/2.25.153592687071517418680765805601019419317.png,/head/NFS/mkuyokwa/lungcxr/lung_cxr_segmentation/tb-inference-results/segments/tb_full/2.25.153592687071517418680765805601019419317.nrrd,,tb,1,0.9673562390609458,0.936776336285867,63.97655820689325,9.482034515935531,0.0365102461859041,0.0146561883688489,0.0993770565489739,good,train
/head/NFS/mkuyokwa/lungcxr/lung_cxr_segmentation/TB_Positive/1.2.826.0.1.3680043.2.1125.1.89428751448048877892898665303136744.png,/head/NFS/mkuyokwa/lungcxr/lung_cxr_segmentation/tb-inference-results/segments/tb_full/1.2.826.0.1.3680043.2.1125.1.89428751448048877892898665303136744.nrrd,,tb,1,0.976009046571783,0.9531422551187628,103.12128781197411,19.16161200198485,0.0311818785858972,0.0085330524378098,0.0426853102108219,good,train
/head/NFS/mkuyokwa/lungcxr/lung_cxr_segmentation/TB_Positive/2.25.125417643929072013557228115216511616726.png,/head/NFS/mkuyokwa/lungcxr/lung_cxr_segmentation/tb-inference-results/segments/tb_full/2.25.125417643929072013557228115216511616726.nrrd,,tb,1,0.9671606433285098,0.9364095559307096,148.77163708180402,12.602869359908627,0.0338142401062569,0.0162062374200316,0.0399299915904902,good,train
/head/NFS/mkuyokwa/lungcxr/lung_cxr_segmentation/TB_Positive/1.2.826.0.1.3680043.2.1125.1.44189831572839231394909959398126699.png,/head/NFS/mkuyokwa/lungcxr/lung_cxr_segmentation/tb-inference-results/segments/tb_full/1.2.826.0.1.3680043.2.1125.1.44189831572839231394909959398126699.nrrd,,tb,1,0.9607399291834972,0.9244461094600552,139.26952286842948,10.39460406177662,-0.0364409425265799,0.0564519607511695,0.0178375370210659,good,train
/head/NFS/mkuyokwa/lungcxr/lung_cxr_segmentation/TB_Positive/2.25.276926609670411648026136389598090056929.png,/head/NFS/mkuyokwa/lungcxr/lung_cxr_segmentation/tb-inference-results/segments/tb_full/2.25.276926609670411648026136389598090056929.nrrd,,tb,1,0.9624170829418812,0.9275567929266254,136.4734406395618,16.041720523803587,-0.0172482130663529,0.0458119365698258,0.0268404263932535,good,train
/head/NFS/mkuyokwa/lungcxr/lung_cxr_segmentation/TB_Positive/1.3.6.1.4.1.25403.158515237678667.2100.20150226021739.31.png,/head/NFS/mkuyokwa/lungcxr/lung_cxr_segmentation/tb-inference-results/segments/tb_full/1.3.6.1.4.1.25403.158515237678667.2100.20150226021739.31.nrrd,,tb,1,0.96842403006203,0.9387811060781714,184.43969204051496,13.285356614152766,-0.0220516568878714,0.0421372008343979,0.0092297463357296,good,train
/head/NFS/mkuyokwa/lungcxr/lung_cxr_segmentation/TB_Positive/1.2.826.0.1.3680043.2.1125.1.40780831934853453897682511399120640.png,/head/NFS/mkuyokwa/lungcxr/lung_cxr_segmentation/tb-inference-results/segments/tb_full/1.2.826.0.1.3680043.2.1125.1.40780831934853453897682511399120640.nrrd,,tb,1,0.9821193163384851,0.964866837639173,87.84645695758026,9.248885395472264,-0.0087793811414913,0.0221730414413207,0.0120485393511253,good,train
/head/NFS/mkuyokwa/lungcxr/lung_cxr_segmentation/TB_Positive/1.2.826.0.1.3680043.2.1125.1.21356315599216198879821273044692361.png,/head/NFS/mkuyokwa/lungcxr/lung_cxr_segmentation/tb-inference-results/segments/tb_full/1.2.826.0.1.3680043.2.1125.1.21356315599216198879821273044692361.nrrd,,tb,1,0.971566055635852,0.9447043837478002,135.8712625980932,7.247842650295912,0.0129666299496361,0.022093870913475,0.031005604359103,good,train
/head/NFS/mkuyokwa/lungcxr/lung_cxr_segmentation/TB_Positive/1.3.6.1.4.1.25403.158515237678667.5060.20130807025320.16.png,/head/NFS/mkuyokwa/lungcxr/lung_cxr_segmentation/tb-inference-results/segments/tb_full/1.3.6.1.4.1.25403.158515237678667.5060.20130807025320.16.nrrd,,tb,1,0.9694640494151278,0.9407377286206428,120.07081243999308,15.40846610841147,-0.0206330710877361,0.0404353335727093,0.0149729548718771,good,train
/head/NFS/mkuyokwa/lungcxr/lung_cxr_segmentation/TB_Positive/1.2.840.114062.2.192.168.196.187.2018.1.10.10.48.26.3369171.png,/head/NFS/mkuyokwa/lungcxr/lung_cxr_segmentation/tb-inference-results/segments/tb_full/1.2.840.114062.2.192.168.196.187.2018.1.10.10.48.26.3369171.nrrd,,tb,1,0.9870804316940228,0.9744904359433314,56.64803615307419,6.128116703114949,0.0060111480519694,0.0099438813515,0.0104694561787012,good,train
/head/NFS/mkuyokwa/lungcxr/lung_cxr_segmentation/TB_Positive/2.25.316484898663626252387361136008539351065.png,/head/NFS/mkuyokwa/lungcxr/lung_cxr_segmentation/tb-inference-results/segments/tb_full/2.25.316484898663626252387361136008539351065.nrrd,,tb,1,0.9852156607074676,0.9708621059271776,105.99056561788883,14.13254540596282,0.0108214611142294,0.0094246027213507,0.0196398537089362,good,train
/head/NFS/mkuyokwa/lungcxr/lung_cxr_segmentation/TB_Positive/1.2.826.0.1.3680043.2.1125.1.70660314926942534564302475978606326.png,/head/NFS/mkuyokwa/lungcxr/lung_cxr_segmentation/tb-inference-results/segments/tb_full/1.2.826.0.1.3680043.2.1125.1.70660314926942534564302475978606326.nrrd,,tb,1,0.965938194438957,0.9341203680904502,90.21086409075129,14.843041473606462,0.0243093327620514,0.0221766894416157,0.0867335785867209,good,train
/head/NFS/mkuyokwa/lungcxr/lung_cxr_segmentation/TB_Positive/1.2.826.0.1.3680043.2.1125.1.16021022590228563381484986075942151.png,/head/NFS/mkuyokwa/lungcxr/lung_cxr_segmentation/tb-inference-results/segments/tb_full/1.2.826.0.1.3680043.2.1125.1.16021022590228563381484986075942151.nrrd,,tb,1,0.978249272106892,0.9574245903637202,80.02499609497022,7.073011414083069,-0.0194259461593083,0.0311610346817641,0.0087154146937024,good,train
/head/NFS/mkuyokwa/lungcxr/lung_cxr_segmentation/TB_Positive/1.2.826.0.1.3680043.2.1125.1.40064906773715652683586698283547258.png,/head/NFS/mkuyokwa/lungcxr/lung_cxr_segmentation/tb-inference-results/segments/tb_full/1.2.826.0.1.3680043.2.1125.1.40064906773715652683586698283547258.nrrd,,tb,1,0.8663407155804267,0.7641984919869359,98.47842403288143,20.79806692707184,0.1202151206845324,0.0782554694280669,0.1863384910866448,good,train
/head/NFS/mkuyokwa/lungcxr/lung_cxr_segmentation/TB_Positive/2.25.33866814633094892047893165182001180079.png,/head/NFS/mkuyokwa/lungcxr/lung_cxr_segmentation/tb-inference-results/segments/tb_full/2.25.33866814633094892047893165182001180079.nrrd,,tb,1,0.9725367071685428,0.9465415591523966,55.44366510251645,4.9463446997921645,0.0041326696210219,0.0254495453023159,0.0124505446859248,good,train
/head/NFS/mkuyokwa/lungcxr/lung_cxr_segmentation/TB_Positive/2.25.271361188255246561468342610793150627278.png,/head/NFS/mkuyokwa/lungcxr/lung_cxr_segmentation/tb-inference-results/segments/tb_full/2.25.271361188255246561468342610793150627278.nrrd,,tb,1,0.9690177467105732,0.9398976011651496,122.494897852931,14.01647669217943,0.00935475462417,0.0264284920062446,0.0144820093582189,good,train
/head/NFS/mkuyokwa/lungcxr/lung_cxr_segmentation/TB_Positive/1.2.826.0.1.3680043.2.1125.1.61180260712086383518199701427874397.png,/head/NFS/mkuyokwa/lungcxr/lung_cxr_segmentation/tb-inference-results/segments/tb_full/1.2.826.0.1.3680043.2.1125.1.61180260712086383518199701427874397.nrrd,,tb,1,0.9539474109442188,0.9119497632574086,166.50825805346713,20.104617882403296,0.0749380656158212,0.0089176936020153,0.04343366731042,good,train
/head/NFS/mkuyokwa/lungcxr/lung_cxr_segmentation/TB_Positive/1.3.6.1.4.1.25403.158515237678667.5060.20130807023840.9.png,/head/NFS/mkuyokwa/lungcxr/lung_cxr_segmentation/tb-inference-results/segments/tb_full/1.3.6.1.4.1.25403.158515237678667.5060.20130807023840.9.nrrd,,tb,1,0.9811515056439442,0.9630003980759304,71.11258679024411,10.032181466804891,0.0197232405730653,0.0090763819014103,0.0231291778099395,good,train
/head/NFS/mkuyokwa/lungcxr/lung_cxr_segmentation/TB_Positive/1.2.826.0.1.3680043.2.1125.1.61360658962826612881004702743227845.png,/head/NFS/mkuyokwa/lungcxr/lung_cxr_segmentation/tb-inference-results/segments/tb_full/1.2.826.0.1.3680043.2.1125.1.61360658962826612881004702743227845.nrrd,,tb,1,0.9615566967253134,0.9259597454122775,82.22530024268686,7.872307975955414,0.0168399009417591,0.030278294544212,0.0350037610106222,good,train
/head/NFS/mkuyokwa/lungcxr/lung_cxr_segmentation/TB_Positive/1.2.826.0.1.3680043.2.1125.1.91700390398846687090849479485057830.png,/head/NFS/mkuyokwa/lungcxr/lung_cxr_segmentation/tb-inference-results/segments/tb_full/1.2.826.0.1.3680043.2.1125.1.91700390398846687090849479485057830.nrrd,,tb,1,0.9646977477722444,0.9318030031291976,81.60882305241266,12.019413624653248,0.0177062152558784,0.0266853932584269,0.0397273687949616,good,train
/head/NFS/mkuyokwa/lungcxr/lung_cxr_segmentation/TB_Positive/1.2.826.0.1.3680043.2.1125.1.94883571594713994678151815698830770.png,/head/NFS/mkuyokwa/lungcxr/lung_cxr_segmentation/tb-inference-results/segments/tb_full/1.2.826.0.1.3680043.2.1125.1.94883571594713994678151815698830770.nrrd,,tb,1,0.9265306339733932,0.8631179084344998,55.0,11.974369069482597,0.1282781554492042,0.009969738109504,0.1066077914365134,good,train
/head/NFS/mkuyokwa/lungcxr/lung_cxr_segmentation/TB_Positive/1.2.826.0.1.3680043.2.1125.1.73695301003341483634617572801144777.png,/head/NFS/mkuyokwa/lungcxr/lung_cxr_segmentation/tb-inference-results/segments/tb_full/1.2.826.0.1.3680043.2.1125.1.73695301003341483634617572801144777.nrrd,,tb,1,0.9751178279480166,0.9514438386567596,60.166435825965294,7.128680525821982,0.0382241589788759,0.0058825197475589,0.1214186405547642,good,train
/head/NFS/mkuyokwa/lungcxr/lung_cxr_segmentation/TB_Positive/2.25.45960937783139916792111028603386981068.png,/head/NFS/mkuyokwa/lungcxr/lung_cxr_segmentation/tb-inference-results/segments/tb_full/2.25.45960937783139916792111028603386981068.nrrd,,tb,1,0.9720646133972268,0.9456475825876626,116.00431026474836,13.518953396738752,-0.0186981048229858,0.0369390934931654,0.0066134333479848,good,train
/head/NFS/mkuyokwa/lungcxr/lung_cxr_segmentation/TB_Positive/1.2.826.0.1.3680043.2.1125.1.72995773544273197937664096769415097.png,/head/NFS/mkuyokwa/lungcxr/lung_cxr_segmentation/tb-inference-results/segments/tb_full/1.2.826.0.1.3680043.2.1125.1.72995773544273197937664096769415097.nrrd,,tb,1,0.9539506004934954,0.911955593056639,106.89246933250256,23.97546647466829,0.040356715618382,0.0264038275777087,0.1945121503859918,good,train
/head/NFS/mkuyokwa/lungcxr/lung_cxr_segmentation/TB_Positive/1.3.6.1.4.1.25403.163683357445804.11044.20131119114629.12.png,/head/NFS/mkuyokwa/lungcxr/lung_cxr_segmentation/tb-inference-results/segments/tb_full/1.3.6.1.4.1.25403.163683357445804.11044.20131119114629.12.nrrd,,tb,1,0.9850462279307424,0.9705330972094024,57.706152185014034,6.128299491394782,0.0009894790741224,0.0144661895281064,0.0074575844437558,good,train
/head/NFS/mkuyokwa/lungcxr/lung_cxr_segmentation/TB_Positive/1.2.840.114062.2.192.168.196.13.2016.2.16.11.0.42.10305625.png,/head/NFS/mkuyokwa/lungcxr/lung_cxr_segmentation/tb-inference-results/segments/tb_full/1.2.840.114062.2.192.168.196.13.2016.2.16.11.0.42.10305625.nrrd,,tb,1,0.9765553695268236,0.9541848581249832,100.0,11.213291914854896,-0.0172436108872735,0.0317923286446389,0.0095749191167189,good,train
/head/NFS/mkuyokwa/lungcxr/lung_cxr_segmentation/TB_Positive/1.2.826.0.1.3680043.2.1125.1.80583906228554988054707705688950356.png,/head/NFS/mkuyokwa/lungcxr/lung_cxr_segmentation/tb-inference-results/segments/tb_full/1.2.826.0.1.3680043.2.1125.1.80583906228554988054707705688950356.nrrd,,tb,1,0.9741952497618076,0.9496887682920154,92.19544457292888,6.1016387958854,-0.0314516129032258,0.0408875667291454,0.0093637428416525,good,train
/head/NFS/mkuyokwa/lungcxr/lung_cxr_segmentation/TB_Positive/1.2.826.0.1.3680043.2.1125.1.19494990957785598673716716596680147.png,/head/NFS/mkuyokwa/lungcxr/lung_cxr_segmentation/tb-inference-results/segments/tb_full/1.2.826.0.1.3680043.2.1125.1.19494990957785598673716716596680147.nrrd,,tb,1,0.9733013296287868,0.9479912244133712,94.8314293892062,6.10014377482801,-0.025453645257615,0.0389300373201149,0.0155970360772563,good,train
/head/NFS/mkuyokwa/lungcxr/lung_cxr_segmentation/TB_Positive/1.2.826.0.1.3680043.2.1125.1.52844647575016608330166269005046250.png,/head/NFS/mkuyokwa/lungcxr/lung_cxr_segmentation/tb-inference-results/segments/tb_full/1.2.826.0.1.3680043.2.1125.1.52844647575016608330166269005046250.nrrd,,tb,1,0.9611887612098916,0.9252775916531062,75.58438992278762,7.90042460112183,0.0483335094184839,0.0150071583967229,0.0506811771060475,good,train
/head/NFS/mkuyokwa/lungcxr/lung_cxr_segmentation/TB_Positive/2.25.89393147093943715941959339024099427287.png,/head/NFS/mkuyokwa/lungcxr/lung_cxr_segmentation/tb-inference-results/segments/tb_full/2.25.89393147093943715941959339024099427287.nrrd,,tb,1,0.9766857762857244,0.95443389102977,140.4314779527724,13.539894197462372,-0.0120012498567045,0.0291399904892858,0.0142189577076769,good,train
/head/NFS/mkuyokwa/lungcxr/lung_cxr_segmentation/TB_Positive/1.2.826.0.1.3680043.2.1125.1.52350428764514711523480498605297774.png,/head/NFS/mkuyokwa/lungcxr/lung_cxr_segmentation/tb-inference-results/segments/tb_full/1.2.826.0.1.3680043.2.1125.1.52350428764514711523480498605297774.nrrd,,tb,1,0.9869635105717398,0.9742625471751412,60.29925372672534,10.726708191589106,-0.002289456264459,0.0141650024836536,0.0110526794943928,good,train
/head/NFS/mkuyokwa/lungcxr/lung_cxr_segmentation/TB_Positive/2.25.172352599906642295199861740213804457441.png,/head/NFS/mkuyokwa/lungcxr/lung_cxr_segmentation/tb-inference-results/segments/tb_full/2.25.172352599906642295199861740213804457441.nrrd,,tb,1,0.9827110201732688,0.966009697992254,74.10802925459562,9.37390203002666,-0.0051325769313162,0.0198044443752204,0.0074053698749566,good,train
/head/NFS/mkuyokwa/lungcxr/lung_cxr_segmentation/TB_Positive/1.2.826.0.1.3680043.2.1125.1.26567822185841127579916677011982114.png,/head/NFS/mkuyokwa/lungcxr/lung_cxr_segmentation/tb-inference-results/segments/tb_full/1.2.826.0.1.3680043.2.1125.1.26567822185841127579916677011982114.nrrd,,tb,1,0.9830552963885396,0.9666752704423656,164.7604321431575,13.084306491608949,-0.0169909681365934,0.0252258816044773,0.008020422441141,good,train
/head/NFS/mkuyokwa/lungcxr/lung_cxr_segmentation/TB_Positive/2.25.264201827350053183349958646102888315968.png,/head/NFS/mkuyokwa/lungcxr/lung_cxr_segmentation/tb-inference-results/segments/tb_full/2.25.264201827350053183349958646102888315968.nrrd,,tb,1,0.953385251704736,0.9109228140131016,43.56604182158393,10.764623942624048,0.0841846390391898,0.0047211530587175,0.0548373017797391,good,train
/head/NFS/mkuyokwa/lungcxr/lung_cxr_segmentation/TB_Positive/1.2.826.0.1.3680043.2.1125.1.34315281811745985953255335270465779.png,/head/NFS/mkuyokwa/lungcxr/lung_cxr_segmentation/tb-inference-results/segments/tb_full/1.2.826.0.1.3680043.2.1125.1.34315281811745985953255335270465779.nrrd,,tb,1,0.979928104937316,0.9606461168867896,34.0,8.41062768348296,0.0118884478355221,0.0142121513549296,0.0108569852509104,good,train
/head/NFS/mkuyokwa/lungcxr/lung_cxr_segmentation/TB_Positive/1.2.826.0.1.3680043.2.1125.1.98783656598827056034341405728418624.png,/head/NFS/mkuyokwa/lungcxr/lung_cxr_segmentation/tb-inference-results/segments/tb_full/1.2.826.0.1.3680043.2.1125.1.98783656598827056034341405728418624.nrrd,,tb,1,0.9787830758524352,0.9584477623786444,65.29931086925804,7.707290898481865,-0.0088677193864531,0.0255375539098469,0.0125651749709148,good,train
/head/NFS/mkuyokwa/lungcxr/lung_cxr_segmentation/TB_Positive/2.25.277585720838463870693187936389911287546.png,/head/NFS/mkuyokwa/lungcxr/lung_cxr_segmentation/tb-inference-results/segments/tb_full/2.25.277585720838463870693187936389911287546.nrrd,,tb,1,0.95033999253477,0.9053788710400592,86.97700845625813,8.274852803005622,0.0087148444473295,0.0455008516638006,0.0516258617881765,good,train
/head/NFS/mkuyokwa/lungcxr/lung_cxr_segmentation/TB_Positive/1.2.826.0.1.3680043.2.1125.1.92143767440721512441514307320528956.png,/head/NFS/mkuyokwa/lungcxr/lung_cxr_segmentation/tb-inference-results/segments/tb_full/1.2.826.0.1.3680043.2.1125.1.92143767440721512441514307320528956.nrrd,,tb,1,0.9399722356955292,0.88674303386033,55.86591089385369,9.034136431981796,0.0933532924116476,0.0140048159373314,0.0667240153115652,good,train
/head/NFS/mkuyokwa/lungcxr/lung_cxr_segmentation/TB_Positive/1.2.826.0.1.3680043.2.1125.1.90125508500474134978380709506666182.png,/head/NFS/mkuyokwa/lungcxr/lung_cxr_segmentation/tb-inference-results/segments/tb_full/1.2.826.0.1.3680043.2.1125.1.90125508500474134978380709506666182.nrrd,,tb,1,0.9836624773097656,0.9678502026630104,120.50726119201282,17.27317290357226,0.0054676438294331,0.0136409928206294,0.0550934735994639,good,train
/head/NFS/mkuyokwa/lungcxr/lung_cxr_segmentation/TB_Positive/1.3.6.1.4.1.25403.158515237678667.2100.20150226021740.3.png,/head/NFS/mkuyokwa/lungcxr/lung_cxr_segmentation/tb-inference-results/segments/tb_full/1.3.6.1.4.1.25403.158515237678667.2100.20150226021740.3.nrrd,,tb,1,0.971352443000882,0.9443005394720586,141.28694207179942,12.54917963106232,0.0140203691956423,0.0217901252013678,0.0211883751992083,good,train
/head/NFS/mkuyokwa/lungcxr/lung_cxr_segmentation/TB_Positive/1.2.826.0.1.3680043.2.1125.1.99386932659528482504682952552177024.png,/head/NFS/mkuyokwa/lungcxr/lung_cxr_segmentation/tb-inference-results/segments/tb_full/1.2.826.0.1.3680043.2.1125.1.99386932659528482504682952552177024.nrrd,,tb,1,0.9297914060117966,0.868794561391875,92.0271699010678,15.479455632016034,0.1364534816481448,0.0021269693507665,0.0716141743525313,good,train
/head/NFS/mkuyokwa/lungcxr/lung_cxr_segmentation/TB_Positive/2.25.319798732503632167130359896713532259905.png,/head/NFS/mkuyokwa/lungcxr/lung_cxr_segmentation/tb-inference-results/segments/tb_full/2.25.319798732503632167130359896713532259905.nrrd,,tb,1,0.9722113232103804,0.9459253104900516,130.3878828726044,12.320560692642434,0.0119201245162004,0.0219594944858114,0.0094027127964018,good,train
/head/NFS/mkuyokwa/lungcxr/lung_cxr_segmentation/TB_Positive/1.2.826.0.1.3680043.2.1125.1.42877227898736590220048905812724210.png,/head/NFS/mkuyokwa/lungcxr/lung_cxr_segmentation/tb-inference-results/segments/tb_full/1.2.826.0.1.3680043.2.1125.1.42877227898736590220048905812724210.nrrd,,tb,1,0.9853831877518864,0.9711875220838756,96.33794683301072,8.337425274674215,0.0084132988355728,0.0104541397311406,0.0539030293358865,good,train
/head/NFS/mkuyokwa/lungcxr/lung_cxr_segmentation/TB_Positive/1.2.826.0.1.3680043.2.1125.1.50900641702610299974060430999405028.png,/head/NFS/mkuyokwa/lungcxr/lung_cxr_segmentation/tb-inference-results/segments/tb_full/1.2.826.0.1.3680043.2.1125.1.50900641702610299974060430999405028.nrrd,,tb,1,0.933506035183898,0.8753036266312716,112.0044641967453,17.220924675311917,0.1183453267779801,0.0077817694514323,0.1592191918075399,good,train
/head/NFS/mkuyokwa/lungcxr/lung_cxr_segmentation/TB_Positive/1.2.840.114062.2.192.168.196.13.2019.2.13.11.9.10.8408421.png,/head/NFS/mkuyokwa/lungcxr/lung_cxr_segmentation/tb-inference-results/segments/tb_full/1.2.840.114062.2.192.168.196.13.2019.2.13.11.9.10.8408421.nrrd,,tb,1,0.9801173353261832,0.9610098977803964,43.56604182158393,8.518865606145928,0.0074144086604995,0.0162356492126326,0.0106387082833053,good,train
/head/NFS/mkuyokwa/lungcxr/lung_cxr_segmentation/TB_Positive/1.2.826.0.1.3680043.2.1125.1.53003573980758345237117959327017459.png,/head/NFS/mkuyokwa/lungcxr/lung_cxr_segmentation/tb-inference-results/segments/tb_full/1.2.826.0.1.3680043.2.1125.1.53003573980758345237117959327017459.nrrd,,tb,1,0.8989688763238247,0.8164790776506886,125.03599481749244,14.414514991251687,0.1807301953575688,0.0117256120781789,0.149882084243042,good,train
/head/NFS/mkuyokwa/lungcxr/lung_cxr_segmentation/TB_Positive/1.2.826.0.1.3680043.2.1125.1.27077298366854761932640756049214719.png,/head/NFS/mkuyokwa/lungcxr/lung_cxr_segmentation/tb-inference-results/segments/tb_full/1.2.826.0.1.3680043.2.1125.1.27077298366854761932640756049214719.nrrd,,tb,1,0.9749904069008918,0.9512012506663632,57.0701322935211,5.380418497679165,-0.020045739896548,0.0346848215913926,0.0147619105214141,good,train
/head/NFS/mkuyokwa/lungcxr/lung_cxr_segmentation/TB_Positive/1.2.826.0.1.3680043.2.1125.1.20081061905473388594793345611894597.png,/head/NFS/mkuyokwa/lungcxr/lung_cxr_segmentation/tb-inference-results/segments/tb_full/1.2.826.0.1.3680043.2.1125.1.20081061905473388594793345611894597.nrrd,,tb,1,0.978464607348847,0.9578372070002136,145.71547618561317,20.47646586939305,-0.0148844514390547,0.0287635535129413,0.0231236070198449,good,train
/head/NFS/mkuyokwa/lungcxr/lung_cxr_segmentation/TB_Positive/1.2.826.0.1.3680043.2.1125.1.74146710832835701870114965741302190.png,/head/NFS/mkuyokwa/lungcxr/lung_cxr_segmentation/tb-inference-results/segments/tb_full/1.2.826.0.1.3680043.2.1125.1.74146710832835701870114965741302190.nrrd,,tb,1,0.9591554354730548,0.92151649550957,80.0,10.378971738678178,0.0417681853328308,0.020386219558916,0.0599824627763832,good,train
/head/NFS/mkuyokwa/lungcxr/lung_cxr_segmentation/TB_Positive/1.2.826.0.1.3680043.2.1125.1.42897763164931752808340988115049146.png,/head/NFS/mkuyokwa/lungcxr/lung_cxr_segmentation/tb-inference-results/segments/tb_full/1.2.826.0.1.3680043.2.1125.1.42897763164931752808340988115049146.nrrd,,tb,1,0.9538293536591445,0.9117340053415862,157.00318468107582,18.514543110172774,0.0622808377058544,0.015513318731011,0.0789621027325656,good,train
/head/NFS/mkuyokwa/lungcxr/lung_cxr_segmentation/TB_Positive/1.2.826.0.1.3680043.2.1125.1.89234801170945135487285339003385934.png,/head/NFS/mkuyokwa/lungcxr/lung_cxr_segmentation/tb-inference-results/segments/tb_full/1.2.826.0.1.3680043.2.1125.1.89234801170945135487285339003385934.nrrd,,tb,1,0.9790775491504126,0.9590126540322896,181.91206666958627,12.690297857079734,-0.0012046211574185,0.0215118046407944,0.0153387761505875,good,train
/head/NFS/mkuyokwa/lungcxr/lung_cxr_segmentation/TB_Positive/1.3.6.1.4.1.25403.158515237678667.5060.20130807024709.16.png,/head/NFS/mkuyokwa/lungcxr/lung_cxr_segmentation/tb-inference-results/segments/tb_full/1.3.6.1.4.1.25403.158515237678667.5060.20130807024709.16.nrrd,,tb,1,0.984370089166628,0.9692212474905414,59.23681287847955,6.970517006104696,0.0117731546431258,0.0098010280210859,0.0110542830998768,good,train
/head/NFS/mkuyokwa/lungcxr/lung_cxr_segmentation/TB_Positive/1.2.826.0.1.3680043.2.1125.1.27985355534979612413877096856502244.png,/head/NFS/mkuyokwa/lungcxr/lung_cxr_segmentation/tb-inference-results/segments/tb_full/1.2.826.0.1.3680043.2.1125.1.27985355534979612413877096856502244.nrrd,,tb,1,0.978256880761892,0.9574391667950328,85.15867542417507,15.56797370675643,0.0260930428131218,0.0088115580117727,0.0170743470862288,good,train
/head/NFS/mkuyokwa/lungcxr/lung_cxr_segmentation/TB_Positive/1.2.840.114062.2.192.168.196.13.2022.8.29.10.47.25.6965890.png,/head/NFS/mkuyokwa/lungcxr/lung_cxr_segmentation/tb-inference-results/segments/tb_full/1.2.840.114062.2.192.168.196.13.2022.8.29.10.47.25.6965890.nrrd,,tb,1,0.975646867603138,0.9524516856020568,77.38862965578342,13.582918406507265,-0.0159113476864859,0.0320537966882158,0.0172997671573995,good,train
/head/NFS/mkuyokwa/lungcxr/lung_cxr_segmentation/TB_Positive/1.2.826.0.1.3680043.2.1125.1.55066339042915401839165403935953178.png,/head/NFS/mkuyokwa/lungcxr/lung_cxr_segmentation/tb-inference-results/segments/tb_full/1.2.826.0.1.3680043.2.1125.1.55066339042915401839165403935953178.nrrd,,tb,1,0.8450344078522847,0.7316533181572117,82.46211251235322,22.15683144164066,0.2985327064972125,0.0066992047638789,0.2721028935218376,good,train
/head/NFS/mkuyokwa/lungcxr/lung_cxr_segmentation/TB_Positive/1.2.826.0.1.3680043.2.1125.1.56571993137465067914925858441937999.png,/head/NFS/mkuyokwa/lungcxr/lung_cxr_segmentation/tb-inference-results/segments/tb_full/1.2.826.0.1.3680043.2.1125.1.56571993137465067914925858441937999.nrrd,,tb,1,0.940108050206502,0.8869848010352999,360.00694437746614,40.48797745789096,0.0762526760937211,0.02262834778368,0.1850523235935406,bad,train
/head/NFS/mkuyokwa/lungcxr/lung_cxr_segmentation/TB_Positive/1.2.826.0.1.3680043.2.1125.1.17096416701355829588526246518478562.png,/head/NFS/mkuyokwa/lungcxr/lung_cxr_segmentation/tb-inference-results/segments/tb_full/1.2.826.0.1.3680043.2.1125.1.17096416701355829588526246518478562.nrrd,,tb,1,0.9620172046276946,0.926814210135956,283.7463656154912,28.35630093457016,0.0507645778296767,0.0129286655825669,0.0930180896750148,bad,train
/head/NFS/mkuyokwa/lungcxr/lung_cxr_segmentation/TB_Positive/1.2.826.0.1.3680043.2.1125.1.76889037483662489224778827643999634.png,/head/NFS/mkuyokwa/lungcxr/lung_cxr_segmentation/tb-inference-results/segments/tb_full/1.2.826.0.1.3680043.2.1125.1.76889037483662489224778827643999634.nrrd,,tb,1,0.844659229832841,0.7310909920634346,746.4181133922193,129.03037458778556,0.0141750697039975,0.1493114856736761,0.291650007088916,bad,train
/head/NFS/mkuyokwa/lungcxr/lung_cxr_segmentation/TB_Positive/2.25.150347624501230278659046128447706747503.png,/head/NFS/mkuyokwa/lungcxr/lung_cxr_segmentation/tb-inference-results/segments/tb_full/2.25.150347624501230278659046128447706747503.nrrd,,tb,1,0.9138113055673532,0.8413006968781498,310.8472293587318,41.90441919495846,0.1480447057974242,0.0131389149317161,0.0577478360133381,bad,train
/head/NFS/mkuyokwa/lungcxr/lung_cxr_segmentation/TB_Positive/1.2.826.0.1.3680043.2.1125.1.29999159796612273259158472668564227.png,/head/NFS/mkuyokwa/lungcxr/lung_cxr_segmentation/tb-inference-results/segments/tb_full/1.2.826.0.1.3680043.2.1125.1.29999159796612273259158472668564227.nrrd,,tb,1,0.932819418253252,0.8740970686764418,370.7411495909242,57.05337625732065,-0.0619384638601233,0.0952014964530656,0.0394643892297681,bad,train
/head/NFS/mkuyokwa/lungcxr/lung_cxr_segmentation/TB_Positive/1.2.826.0.1.3680043.2.1125.1.49879244136878650190131934512338590.png,/head/NFS/mkuyokwa/lungcxr/lung_cxr_segmentation/tb-inference-results/segments/tb_full/1.2.826.0.1.3680043.2.1125.1.49879244136878650190131934512338590.nrrd,,tb,1,0.9419526819697428,0.8902746275311723,211.72859986312668,42.16804811813,0.0080283624253854,0.0542509098004568,0.0399095675363019,bad,train
/head/NFS/mkuyokwa/lungcxr/lung_cxr_segmentation/TB_Positive/2.25.221689590507731554138365001062594995827.png,/head/NFS/mkuyokwa/lungcxr/lung_cxr_segmentation/tb-inference-results/segments/tb_full/2.25.221689590507731554138365001062594995827.nrrd,,tb,1,0.9464039921261658,0.8982607992564601,272.0183817318234,41.77710344355132,0.0731028159042087,0.0176912396389515,0.0532915287148508,bad,train
/head/NFS/mkuyokwa/lungcxr/lung_cxr_segmentation/TB_Positive/2.25.250820747866027696081957284085130463429.png,/head/NFS/mkuyokwa/lungcxr/lung_cxr_segmentation/tb-inference-results/segments/tb_full/2.25.250820747866027696081957284085130463429.nrrd,,tb,1,0.9492608312830304,0.9034219524167432,392.2371731491037,35.11266406675559,-0.0388209522011294,0.0688139336039293,0.0351087766435789,bad,train
/head/NFS/mkuyokwa/lungcxr/lung_cxr_segmentation/TB_Positive/1.2.826.0.1.3680043.2.1125.1.35280260400271390534046004464888693.png,/head/NFS/mkuyokwa/lungcxr/lung_cxr_segmentation/tb-inference-results/segments/tb_full/1.2.826.0.1.3680043.2.1125.1.35280260400271390534046004464888693.nrrd,,tb,1,0.9369747495559444,0.8814228534689497,243.21184181696412,53.034390156141406,0.0896901489275114,0.0190337457246458,0.1200451280126678,bad,train
/head/NFS/mkuyokwa/lungcxr/lung_cxr_segmentation/TB_Positive/1.2.826.0.1.3680043.2.1125.1.54438068561143474087901186728472639.png,/head/NFS/mkuyokwa/lungcxr/lung_cxr_segmentation/tb-inference-results/segments/tb_full/1.2.826.0.1.3680043.2.1125.1.54438068561143474087901186728472639.nrrd,,tb,1,0.9530876334279352,0.91037957317159,250.19992006393608,45.60987304473482,0.0824380182489492,0.0059381209074567,0.1252672585290785,bad,train
/head/NFS/mkuyokwa/lungcxr/lung_cxr_segmentation/TB_Positive/2.25.276831079765127580481054941094623173450.png,/head/NFS/mkuyokwa/lungcxr/lung_cxr_segmentation/tb-inference-results/segments/tb_full/2.25.276831079765127580481054941094623173450.nrrd,,tb,1,0.7059191073125082,0.5454984393181833,469.3623333843482,164.83591574048376,-0.0072954999128234,0.2966465502033296,0.2211794075929401,bad,train
/head/NFS/mkuyokwa/lungcxr/lung_cxr_segmentation/TB_Positive/1.2.826.0.1.3680043.2.1125.1.12145238282931278984084532331988632.png,/head/NFS/mkuyokwa/lungcxr/lung_cxr_segmentation/tb-inference-results/segments/tb_full/1.2.826.0.1.3680043.2.1125.1.12145238282931278984084532331988632.nrrd,,tb,1,0.8915179800259504,0.8042692294159373,509.136523930468,98.61321222733834,0.1767972200840873,0.0220309119240507,0.1547521662897103,bad,train
/head/NFS/mkuyokwa/lungcxr/lung_cxr_segmentation/TB_Positive/1.2.826.0.1.3680043.2.1125.1.55032077649747612406760324326632514.png,/head/NFS/mkuyokwa/lungcxr/lung_cxr_segmentation/tb-inference-results/segments/tb_full/1.2.826.0.1.3680043.2.1125.1.55032077649747612406760324326632514.nrrd,,tb,1,0.9009894107912818,0.8198186802185312,527.0237186313344,85.63508277519288,0.1692893322284311,0.0156943675998672,0.2693754999022248,bad,train
/head/NFS/mkuyokwa/lungcxr/lung_cxr_segmentation/TB_Positive/2.25.234206518137065055448800089207726257312.png,/head/NFS/mkuyokwa/lungcxr/lung_cxr_segmentation/tb-inference-results/segments/tb_full/2.25.234206518137065055448800089207726257312.nrrd,,tb,1,0.4729281929793085,0.3096961064993981,1838.1697418900137,575.0270561112434,0.7807009299977258,0.2242621935594089,0.111354869345345,bad,train
/head/NFS/mkuyokwa/lungcxr/lung_cxr_segmentation/TB_Positive/2.25.246431292315973632817414346230113514122.png,/head/NFS/mkuyokwa/lungcxr/lung_cxr_segmentation/tb-inference-results/segments/tb_full/2.25.246431292315973632817414346230113514122.nrrd,,tb,1,0.9361395630314796,0.879945837349697,379.5813483299726,48.78014470149113,0.0772761198808297,0.0262360885917144,0.1046156702643091,bad,train
/head/NFS/mkuyokwa/lungcxr/lung_cxr_segmentation/TB_Positive/1.2.826.0.1.3680043.2.1125.1.1576683866579587630546823564483050.png,/head/NFS/mkuyokwa/lungcxr/lung_cxr_segmentation/tb-inference-results/segments/tb_full/1.2.826.0.1.3680043.2.1125.1.1576683866579587630546823564483050.nrrd,,tb,1,0.9593334166569188,0.9218451250496732,214.2195135836136,33.27369581453856,-0.020097542007639,0.050210797540497,0.0417696061732735,bad,train
/head/NFS/mkuyokwa/lungcxr/lung_cxr_segmentation/TB_Positive/2.25.49967412233890642802629905497503120476.png,/head/NFS/mkuyokwa/lungcxr/lung_cxr_segmentation/tb-inference-results/segments/tb_full/2.25.49967412233890642802629905497503120476.nrrd,,tb,1,0.9173287148975434,0.8472827602615634,327.8307490154028,37.54676277659873,0.1079925349833578,0.0303117383424546,0.0894500872534627,bad,train
/head/NFS/mkuyokwa/lungcxr/lung_cxr_segmentation/TB_Positive/2.25.200570593496769733051523311423900671732.png,/head/NFS/mkuyokwa/lungcxr/lung_cxr_segmentation/tb-inference-results/segments/tb_full/2.25.200570593496769733051523311423900671732.nrrd,,tb,1,0.9368571301359524,0.8812147047139165,403.7920256765851,44.010370810927,0.0945484460105219,0.0166560486154183,0.1046438775534439,bad,train
/head/NFS/mkuyokwa/lungcxr/lung_cxr_segmentation/TB_Positive/2.25.27727521831164745149303239509928157936.png,/head/NFS/mkuyokwa/lungcxr/lung_cxr_segmentation/tb-inference-results/segments/tb_full/2.25.27727521831164745149303239509928157936.nrrd,,tb,1,0.9422769625286116,0.8908541547712109,482.29866265624247,31.700434410904588,0.032246611590248,0.0422814483982501,0.0336564083222379,bad,train
/head/NFS/mkuyokwa/lungcxr/lung_cxr_segmentation/TB_Positive/1.2.826.0.1.3680043.2.1125.1.15091918080692038166140460652577563.png,/head/NFS/mkuyokwa/lungcxr/lung_cxr_segmentation/tb-inference-results/segments/tb_full/1.2.826.0.1.3680043.2.1125.1.15091918080692038166140460652577563.nrrd,,tb,1,0.9500412759914088,0.9048367847873942,251.00796800101784,30.12804547211051,0.0664595787694275,0.0173039409367306,0.0797030437309805,bad,train
/head/NFS/mkuyokwa/lungcxr/lung_cxr_segmentation/TB_Positive/1.2.826.0.1.3680043.2.1125.1.53161025124311166951699264919764836.png,/head/NFS/mkuyokwa/lungcxr/lung_cxr_segmentation/tb-inference-results/segments/tb_full/1.2.826.0.1.3680043.2.1125.1.53161025124311166951699264919764836.nrrd,,tb,1,0.9754672525264452,0.95210939321549,225.20435164534453,21.39062178657356,0.0238374900704364,0.0127661590329292,0.0400659876569912,bad,train
/head/NFS/mkuyokwa/lungcxr/lung_cxr_segmentation/TB_Positive/1.2.826.0.1.3680043.2.1125.1.36452390904085124391847890988302914.png,/head/NFS/mkuyokwa/lungcxr/lung_cxr_segmentation/tb-inference-results/segments/tb_full/1.2.826.0.1.3680043.2.1125.1.36452390904085124391847890988302914.nrrd,,tb,1,0.949299063665567,0.9034912131870506,231.0887275485328,51.33928112933528,0.0613111686612145,0.020679287650286,0.1549684657931117,bad,train
/head/NFS/mkuyokwa/lungcxr/lung_cxr_segmentation/TB_Positive/1.3.6.1.4.1.25403.163683357445804.11044.20131119114316.20.png,/head/NFS/mkuyokwa/lungcxr/lung_cxr_segmentation/tb-inference-results/segments/tb_full/1.3.6.1.4.1.25403.163683357445804.11044.20131119114316.20.nrrd,,tb,1,0.9690038525881688,0.939871458317972,407.09949643791015,20.266830452830607,-0.0434289644719036,0.0515903714435264,0.0091800079389339,bad,train
/head/NFS/mkuyokwa/lungcxr/lung_cxr_segmentation/TB_Positive/2.25.196628524206577078706368000381651419103.png,/head/NFS/mkuyokwa/lungcxr/lung_cxr_segmentation/tb-inference-results/segments/tb_full/2.25.196628524206577078706368000381651419103.nrrd,,tb,1,0.9169433219149746,0.8466254264146552,391.3182847759609,50.8796416680444,0.0248545565870691,0.0715181760685405,0.0713455639826028,bad,train
/head/NFS/mkuyokwa/lungcxr/lung_cxr_segmentation/TB_Positive/2.25.62819245913092690558827008994482837050.png,/head/NFS/mkuyokwa/lungcxr/lung_cxr_segmentation/tb-inference-results/segments/tb_full/2.25.62819245913092690558827008994482837050.nrrd,,tb,1,0.939094525754866,0.8851820907259056,263.4008352302627,32.066329008490065,0.0797264110488539,0.0219159070267693,0.0617895584206045,bad,train
/head/NFS/mkuyokwa/lungcxr/lung_cxr_segmentation/TB_Positive/2.25.210506370693347946135361665483301498207.png,/head/NFS/mkuyokwa/lungcxr/lung_cxr_segmentation/tb-inference-results/segments/tb_full/2.25.210506370693347946135361665483301498207.nrrd,,tb,1,0.9588711573062648,0.9209918292392674,233.34309503390068,22.35105603961405,0.0445085092132346,0.0193041884109903,0.0268570480125246,bad,train
/head/NFS/mkuyokwa/lungcxr/lung_cxr_segmentation/TB_Positive/1.2.826.0.1.3680043.2.1125.1.78755861683360946809276471804168994.png,/head/NFS/mkuyokwa/lungcxr/lung_cxr_segmentation/tb-inference-results/segments/tb_full/1.2.826.0.1.3680043.2.1125.1.78755861683360946809276471804168994.nrrd,,tb,1,0.930501623049647,0.870035563497486,459.3930778755814,56.2534196083238,0.0273718702381806,0.0565868862855581,0.0551482031518923,bad,train
/head/NFS/mkuyokwa/lungcxr/lung_cxr_segmentation/TB_Positive/1.2.826.0.1.3680043.2.1125.1.53013763451092565817808666101243845.png,/head/NFS/mkuyokwa/lungcxr/lung_cxr_segmentation/tb-inference-results/segments/tb_full/1.2.826.0.1.3680043.2.1125.1.53013763451092565817808666101243845.nrrd,,tb,1,0.9584234769141492,0.9201661670278952,339.1474605536654,43.70324240599761,0.0625223081874555,0.0106482454334456,0.0879449731696402,bad,train
/head/NFS/mkuyokwa/lungcxr/lung_cxr_segmentation/TB_Positive/1.2.826.0.1.3680043.2.1125.1.24202059364024410917473830457192186.png,/head/NFS/mkuyokwa/lungcxr/lung_cxr_segmentation/tb-inference-results/segments/tb_full/1.2.826.0.1.3680043.2.1125.1.24202059364024410917473830457192186.nrrd,,tb,1,0.915507334324698,0.8441802912098267,371.5979009628553,72.58305477835883,0.1652983927845822,0.0020095576040934,0.1338698263649654,bad,train
/head/NFS/mkuyokwa/lungcxr/lung_cxr_segmentation/TB_Positive/1.2.826.0.1.3680043.2.1125.1.72533508879072870509432488691130254.png,/head/NFS/mkuyokwa/lungcxr/lung_cxr_segmentation/tb-inference-results/segments/tb_full/1.2.826.0.1.3680043.2.1125.1.72533508879072870509432488691130254.nrrd,,tb,1,0.9600189611769548,0.9231119850640892,209.61393083476108,29.88874541610653,0.0676030879479827,0.0063956786626115,0.0562685849486368,bad,train
/head/NFS/mkuyokwa/lungcxr/lung_cxr_segmentation/TB_Positive/2.25.321624226646574474406945362920832502387.png,/head/NFS/mkuyokwa/lungcxr/lung_cxr_segmentation/tb-inference-results/segments/tb_full/2.25.321624226646574474406945362920832502387.nrrd,,tb,1,0.9643921143959556,0.9312328805158238,137.5245432641025,32.14580191153962,0.0289101502977373,0.0214630606092063,0.0309974767194443,bad,train
/head/NFS/mkuyokwa/lungcxr/lung_cxr_segmentation/TB_Positive/2.25.198555623159081672649598614199998532879.png,/head/NFS/mkuyokwa/lungcxr/lung_cxr_segmentation/tb-inference-results/segments/tb_full/2.25.198555623159081672649598614199998532879.nrrd,,tb,1,0.7155596001048122,0.5570983287065737,718.8831615777351,149.5971110371631,0.5362040982974302,0.0223232634105194,0.2675489388452916,bad,train
/head/NFS/mkuyokwa/lungcxr/lung_cxr_segmentation/TB_Positive/1.2.826.0.1.3680043.2.1125.1.21116342872442222517347557321000968.png,/head/NFS/mkuyokwa/lungcxr/lung_cxr_segmentation/tb-inference-results/segments/tb_full/1.2.826.0.1.3680043.2.1125.1.21116342872442222517347557321000968.nrrd,,tb,1,0.8391667951103476,0.7229004059977058,140.40655255364686,28.27357584254492,0.301212879114104,0.0120400787207135,0.133019602946007,bad,train
/head/NFS/mkuyokwa/lungcxr/lung_cxr_segmentation/TB_Positive/1.2.826.0.1.3680043.2.1125.1.55911095203642505081748294021612592.png,/head/NFS/mkuyokwa/lungcxr/lung_cxr_segmentation/tb-inference-results/segments/tb_full/1.2.826.0.1.3680043.2.1125.1.55911095203642505081748294021612592.nrrd,,tb,1,0.8862384692594579,0.7957165378752095,682.8250141873832,90.03121751251837,0.0579544897118296,0.0873144171292325,0.1101998058965833,bad,train
/head/NFS/mkuyokwa/lungcxr/lung_cxr_segmentation/TB_Positive/1.2.826.0.1.3680043.2.1125.1.63086680178732300551541394001413497.png,/head/NFS/mkuyokwa/lungcxr/lung_cxr_segmentation/tb-inference-results/segments/tb_full/1.2.826.0.1.3680043.2.1125.1.63086680178732300551541394001413497.nrrd,,tb,1,0.941117224118599,0.8887832020265177,175.82377541163197,27.7968164408105,0.0578891125870232,0.0308305975543641,0.0651531867531047,bad,train
/head/NFS/mkuyokwa/lungcxr/lung_cxr_segmentation/TB_Positive/1.2.826.0.1.3680043.2.1125.1.79944440797124424913104128703768442.png,/head/NFS/mkuyokwa/lungcxr/lung_cxr_segmentation/tb-inference-results/segments/tb_full/1.2.826.0.1.3680043.2.1125.1.79944440797124424913104128703768442.nrrd,,tb,1,0.8516587707385458,0.7416425963267753,500.4607876747188,48.62340097239196,0.255102104676851,0.0238296773453079,0.1608978778723113,bad,train
/head/NFS/mkuyokwa/lungcxr/lung_cxr_segmentation/TB_Positive/2.25.243610446908905478199318685668956015803.png,/head/NFS/mkuyokwa/lungcxr/lung_cxr_segmentation/tb-inference-results/segments/tb_full/2.25.243610446908905478199318685668956015803.nrrd,,tb,1,0.9463461849109948,0.8981566538826171,339.365584583941,41.092753140592194,0.0120336052895855,0.0479253699368008,0.0460312367150543,bad,train
/head/NFS/mkuyokwa/lungcxr/lung_cxr_segmentation/TB_Positive/2.25.67559657870392506092445048751169741854.png,/head/NFS/mkuyokwa/lungcxr/lung_cxr_segmentation/tb-inference-results/segments/tb_full/2.25.67559657870392506092445048751169741854.nrrd,,tb,1,0.9046635674957534,0.8259230138336936,471.8315377335432,77.77209500335138,0.1756545717210272,0.0082321544235368,0.1645845683125212,bad,train
/head/NFS/mkuyokwa/lungcxr/lung_cxr_segmentation/TB_Positive/2.25.335213207318332466191218100092252520964.png,/head/NFS/mkuyokwa/lungcxr/lung_cxr_segmentation/tb-inference-results/segments/tb_full/2.25.335213207318332466191218100092252520964.nrrd,,tb,1,0.9597279493799942,0.9225740024525246,185.1944923587092,36.4852559564464,0.0405622359218777,0.0204047640864698,0.0719301738904403,bad,train
/head/NFS/mkuyokwa/lungcxr/lung_cxr_segmentation/TB_Positive/2.25.76291977458996194424235796103375522562.png,/head/NFS/mkuyokwa/lungcxr/lung_cxr_segmentation/tb-inference-results/segments/tb_full/2.25.76291977458996194424235796103375522562.nrrd,,tb,1,0.4297931620621765,0.2737175457894645,1229.0748553281855,330.51670125008866,0.1394763852452977,0.5379868778297212,0.1491209839661103,bad,train
/head/NFS/mkuyokwa/lungcxr/lung_cxr_segmentation/TB_Positive/1.2.826.0.1.3680043.2.1125.1.15765708481400858502156536727974173.png,/head/NFS/mkuyokwa/lungcxr/lung_cxr_segmentation/tb-inference-results/segments/tb_full/1.2.826.0.1.3680043.2.1125.1.15765708481400858502156536727974173.nrrd,,tb,1,0.9011564905167596,0.8200953845926177,168.51409436602032,53.676192213778414,0.0706821997666511,0.0658288744262186,0.3024735291751814,bad,train
/head/NFS/mkuyokwa/lungcxr/lung_cxr_segmentation/TB_Positive/1.2.826.0.1.3680043.2.1125.1.31501013381807088459018241140304619.png,/head/NFS/mkuyokwa/lungcxr/lung_cxr_segmentation/tb-inference-results/segments/tb_full/1.2.826.0.1.3680043.2.1125.1.31501013381807088459018241140304619.nrrd,,tb,1,0.960300037640012,0.9236318865110394,173.27723451163456,72.044794871833,0.0662064033943254,0.0068226109284921,0.1452061632590441,bad,train
/head/NFS/mkuyokwa/lungcxr/lung_cxr_segmentation/TB_Positive/2.25.230604163348154948178751692465251024923.png,/head/NFS/mkuyokwa/lungcxr/lung_cxr_segmentation/tb-inference-results/segments/tb_full/2.25.230604163348154948178751692465251024923.nrrd,,tb,1,0.9318276017285658,0.8723569371727748,431.74529528415246,60.0536345166606,0.0707699167140109,0.0339901810556292,0.1009501402933328,bad,train
/head/NFS/mkuyokwa/lungcxr/lung_cxr_segmentation/TB_Positive/2.25.143368094867622191056846325448042531908.png,/head/NFS/mkuyokwa/lungcxr/lung_cxr_segmentation/tb-inference-results/segments/tb_full/2.25.143368094867622191056846325448042531908.nrrd,,tb,1,0.8816095808813943,0.7882842751605326,385.0,76.51166519663481,0.1748359804534195,0.0339393375720723,0.1251353974499413,bad,train
/head/NFS/mkuyokwa/lungcxr/lung_cxr_segmentation/TB_Positive/1.2.826.0.1.3680043.2.1125.1.50365449802845942413978984056548603.png,/head/NFS/mkuyokwa/lungcxr/lung_cxr_segmentation/tb-inference-results/segments/tb_full/1.2.826.0.1.3680043.2.1125.1.50365449802845942413978984056548603.nrrd,,tb,1,0.9017772680075709,0.8211242052616585,719.4233802150163,86.90328854798692,0.1822162081409863,0.0078278043338256,0.1955855825866007,bad,train
/head/NFS/mkuyokwa/lungcxr/lung_cxr_segmentation/TB_Positive/1.2.826.0.1.3680043.2.1125.1.89956324771651717593400490902279519.png,/head/NFS/mkuyokwa/lungcxr/lung_cxr_segmentation/tb-inference-results/segments/tb_full/1.2.826.0.1.3680043.2.1125.1.89956324771651717593400490902279519.nrrd,,tb,1,0.895605171065685,0.8109465452042169,129.71121771072848,26.163371166159106,0.1987804790107024,0.0055568900632556,0.2529894591988377,bad,train
/head/NFS/mkuyokwa/lungcxr/lung_cxr_segmentation/TB_Positive/1.2.826.0.1.3680043.2.1125.1.28358731097936118149110968100725459.png,/head/NFS/mkuyokwa/lungcxr/lung_cxr_segmentation/tb-inference-results/segments/tb_full/1.2.826.0.1.3680043.2.1125.1.28358731097936118149110968100725459.nrrd,,tb,1,0.9676460693575588,0.937320080483818,386.4116975455065,20.18342685657804,-0.0360537952077259,0.049488700509668,0.0143326641704441,bad,train
/head/NFS/mkuyokwa/lungcxr/lung_cxr_segmentation/TB_Positive/1.2.826.0.1.3680043.2.1125.1.85236390066094357485326067508765820.png,/head/NFS/mkuyokwa/lungcxr/lung_cxr_segmentation/tb-inference-results/segments/tb_full/1.2.826.0.1.3680043.2.1125.1.85236390066094357485326067508765820.nrrd,,tb,1,0.7900061956543775,0.6529010254574165,281.85279846047297,87.06185412852274,0.3604615609772083,0.0363065886698673,0.2738658405004397,bad,train
/head/NFS/mkuyokwa/lungcxr/lung_cxr_segmentation/TB_Positive/2.25.59014637604162730383708478643200824856.png,/head/NFS/mkuyokwa/lungcxr/lung_cxr_segmentation/tb-inference-results/segments/tb_full/2.25.59014637604162730383708478643200824856.nrrd,,tb,1,0.9357583510913964,0.8792724397236575,374.73323845103465,37.50432178060337,0.0545910135043373,0.0379829047906142,0.0504210370581209,bad,train
/head/NFS/mkuyokwa/lungcxr/lung_cxr_segmentation/TB_Positive/1.2.826.0.1.3680043.2.1125.1.24888457969614118930674547330335108.png,/head/NFS/mkuyokwa/lungcxr/lung_cxr_segmentation/tb-inference-results/segments/tb_full/1.2.826.0.1.3680043.2.1125.1.24888457969614118930674547330335108.nrrd,,tb,1,0.8323869686760564,0.7128962647258417,439.8511111728604,99.3851353875353,0.1757367306315265,0.0874267079178613,0.1680830261054686,bad,train
/head/NFS/mkuyokwa/lungcxr/lung_cxr_segmentation/TB_Positive/1.2.826.0.1.3680043.2.1125.1.45754052845150945983271107440556462.png,/head/NFS/mkuyokwa/lungcxr/lung_cxr_segmentation/tb-inference-results/segments/tb_full/1.2.826.0.1.3680043.2.1125.1.45754052845150945983271107440556462.nrrd,,tb,1,0.9547657059103328,0.9134465940403088,415.3889743361034,32.37904534954553,0.0791481911869738,0.0058934254794781,0.0550625021653785,bad,train
/head/NFS/mkuyokwa/lungcxr/lung_cxr_segmentation/TB_Positive/1.2.840.114062.2.192.168.196.14.2018.9.24.11.13.10.9439984.png,/head/NFS/mkuyokwa/lungcxr/lung_cxr_segmentation/tb-inference-results/segments/tb_full/1.2.840.114062.2.192.168.196.14.2018.9.24.11.13.10.9439984.nrrd,,tb,1,0.8128621269106626,0.6847242812625617,257.5732905407702,60.87731973928902,0.3593064516060433,0.0091237602459547,0.1054515921478056,bad,train
/head/NFS/mkuyokwa/lungcxr/lung_cxr_segmentation/TB_Positive/1.3.6.1.4.1.25403.158515237678667.5060.20130807023256.9.png,/head/NFS/mkuyokwa/lungcxr/lung_cxr_segmentation/tb-inference-results/segments/tb_full/1.3.6.1.4.1.25403.158515237678667.5060.20130807023256.9.nrrd,,tb,1,0.9067903478319548,0.8294752484426157,234.1644721130855,37.271399870563485,0.0619153372020071,0.0642407266947452,0.0590374629031453,bad,train
/head/NFS/mkuyokwa/lungcxr/lung_cxr_segmentation/TB_Positive/1.2.826.0.1.3680043.2.1125.1.18540495923734472217951058236351091.png,/head/NFS/mkuyokwa/lungcxr/lung_cxr_segmentation/tb-inference-results/segments/tb_full/1.2.826.0.1.3680043.2.1125.1.18540495923734472217951058236351091.nrrd,,tb,1,0.923555102843046,0.8579678395822098,413.168246601793,47.71680764059836,0.041878238653901,0.056692876741073,0.0777218749227448,bad,train
/head/NFS/mkuyokwa/lungcxr/lung_cxr_segmentation/TB_Positive/1.2.840.114062.2.192.168.196.187.2017.9.20.10.11.51.857875.png,/head/NFS/mkuyokwa/lungcxr/lung_cxr_segmentation/tb-inference-results/segments/tb_full/1.2.840.114062.2.192.168.196.187.2017.9.20.10.11.51.857875.nrrd,,tb,1,0.904266315221374,0.8252610353984555,432.551731010292,43.32774200893734,0.1628658152491212,0.0155685711721756,0.0579734338870542,bad,train
/head/NFS/mkuyokwa/lungcxr/lung_cxr_segmentation/TB_Positive/1.2.826.0.1.3680043.2.1125.1.2422806560497252343471083707619221.png,/head/NFS/mkuyokwa/lungcxr/lung_cxr_segmentation/tb-inference-results/segments/tb_full/1.2.826.0.1.3680043.2.1125.1.2422806560497252343471083707619221.nrrd,,tb,1,0.950450911252577,0.9055802357819068,254.6625217812782,44.51050844978391,0.0443284839418911,0.0280055689839722,0.0955697542432946,bad,train
/head/NFS/mkuyokwa/lungcxr/lung_cxr_segmentation/TB_Positive/2.25.74576357349332440394524785140576685987.png,/head/NFS/mkuyokwa/lungcxr/lung_cxr_segmentation/tb-inference-results/segments/tb_full/2.25.74576357349332440394524785140576685987.nrrd,,tb,1,0.9502170914099882,0.9051558028185536,411.655195521689,37.75147266536781,-0.0350460352486391,0.0661468340750414,0.0251782406630962,bad,train
/head/NFS/mkuyokwa/lungcxr/lung_cxr_segmentation/TB_Positive/1.2.826.0.1.3680043.2.1125.1.65760511099644718235658949982881977.png,/head/NFS/mkuyokwa/lungcxr/lung_cxr_segmentation/tb-inference-results/segments/tb_full/1.2.826.0.1.3680043.2.1125.1.65760511099644718235658949982881977.nrrd,,tb,1,0.9794960768877216,0.9598160817456796,279.0161285660741,17.329370692114278,-0.0159907623453285,0.0282732488831325,0.0214069497369627,bad,train
/head/NFS/mkuyokwa/lungcxr/lung_cxr_segmentation/TB_Positive/1.2.840.114062.2.192.168.196.13.2017.11.14.10.58.4.7106296.png,/head/NFS/mkuyokwa/lungcxr/lung_cxr_segmentation/tb-inference-results/segments/tb_full/1.2.840.114062.2.192.168.196.13.2017.11.14.10.58.4.7106296.nrrd,,tb,1,0.904295247666094,0.8253092320170192,353.5647041207592,36.00233282084076,-0.1056627929817513,0.1410825601514713,0.0397109881489663,bad,train
/head/NFS/mkuyokwa/lungcxr/lung_cxr_segmentation/TB_Positive/2.25.162592707075063786284983447047733140467.png,/head/NFS/mkuyokwa/lungcxr/lung_cxr_segmentation/tb-inference-results/segments/tb_full/2.25.162592707075063786284983447047733140467.nrrd,,tb,1,0.9642552961463406,0.9309777714128488,262.77366686941826,18.21751164315448,-0.0064932186623277,0.0388651332804579,0.0338964626326557,bad,train
/head/NFS/mkuyokwa/lungcxr/lung_cxr_segmentation/TB_Positive/2.25.99669541228955080189160597522988624908.png,/head/NFS/mkuyokwa/lungcxr/lung_cxr_segmentation/tb-inference-results/segments/tb_full/2.25.99669541228955080189160597522988624908.nrrd,,tb,1,0.8472877895311359,0.7350384439725011,1059.6702317230584,123.41071693327594,0.1823079774939147,0.0677322901346458,0.1072337350570893,bad,train
/head/NFS/mkuyokwa/lungcxr/lung_cxr_segmentation/TB_Positive/2.25.248356611459156427987781446949415875457.png,/head/NFS/mkuyokwa/lungcxr/lung_cxr_segmentation/tb-inference-results/segments/tb_full/2.25.248356611459156427987781446949415875457.nrrd,,tb,1,0.9170012809079638,0.8467242525242864,778.0700482604378,52.927589714664784,0.144511739885597,0.011579538798672,0.1664018732051712,bad,train
/head/NFS/mkuyokwa/lungcxr/lung_cxr_segmentation/TB_Positive/2.25.139691899109900522723301484954226318100.png,/head/NFS/mkuyokwa/lungcxr/lung_cxr_segmentation/tb-inference-results/segments/tb_full/2.25.139691899109900522723301484954226318100.nrrd,,tb,1,0.882289273909118,0.7893717518439367,338.4981536138713,85.04406121668498,0.1064885684944658,0.0680919489272813,0.1617126087805565,bad,train
/head/NFS/mkuyokwa/lungcxr/lung_cxr_segmentation/TB_Positive/1.2.826.0.1.3680043.2.1125.1.80689069814779924892825540447063828.png,/head/NFS/mkuyokwa/lungcxr/lung_cxr_segmentation/tb-inference-results/segments/tb_full/1.2.826.0.1.3680043.2.1125.1.80689069814779924892825540447063828.nrrd,,tb,1,0.9265516613424652,0.8631544043388432,345.3983207834109,47.953441427533264,0.0122473405300232,0.067739482648183,0.0284320498862991,bad,train
/head/NFS/mkuyokwa/lungcxr/lung_cxr_segmentation/TB_Positive/2.25.315863877298205846243600971526613835562.png,/head/NFS/mkuyokwa/lungcxr/lung_cxr_segmentation/tb-inference-results/segments/tb_full/2.25.315863877298205846243600971526613835562.nrrd,,tb,1,0.4673057172201301,0.3048916685280322,28.30194339616981,8.609180994890053,1.0653885655597397,0.0,0.1393952967525196,bad,train
/head/NFS/mkuyokwa/lungcxr/lung_cxr_segmentation/TB_Positive/2.25.52001979248408413398914845467213990978.png,/head/NFS/mkuyokwa/lungcxr/lung_cxr_segmentation/tb-inference-results/segments/tb_full/2.25.52001979248408413398914845467213990978.nrrd,,tb,1,0.8144245945232231,0.6869445762462523,122.57650672131264,39.19355995606278,0.2636639993121787,0.0619043846345383,0.3344039214062403,bad,train
/head/NFS/mkuyokwa/lungcxr/lung_cxr_segmentation/TB_Positive/1.2.826.0.1.3680043.2.1125.1.18251596390518705437404624177744897.png,/head/NFS/mkuyokwa/lungcxr/lung_cxr_segmentation/tb-inference-results/segments/tb_full/1.2.826.0.1.3680043.2.1125.1.18251596390518705437404624177744897.nrrd,,tb,1,0.9172325312086672,0.8471186636522723,270.8523583061444,60.39290493252787,0.1456236831853266,0.0107374399774157,0.1532363129891113,bad,train
/head/NFS/mkuyokwa/lungcxr/lung_cxr_segmentation/TB_Positive/2.25.217509947925282475724816443439924802970.png,/head/NFS/mkuyokwa/lungcxr/lung_cxr_segmentation/tb-inference-results/segments/tb_full/2.25.217509947925282475724816443439924802970.nrrd,,tb,1,0.7659385095261012,0.6206647848900698,779.6050282033846,109.90271074667594,0.4233610626333847,0.028390722348375,0.1464498454216755,bad,train
/head/NFS/mkuyokwa/lungcxr/lung_cxr_segmentation/TB_Positive/1.2.826.0.1.3680043.2.1125.1.584138863340416542006279753040028.png,/head/NFS/mkuyokwa/lungcxr/lung_cxr_segmentation/tb-inference-results/segments/tb_full/1.2.826.0.1.3680043.2.1125.1.584138863340416542006279753040028.nrrd,,tb,1,0.8143781108922138,0.6868784376991016,713.2243686246285,120.97239370373532,0.2579686225767547,0.065024750476292,0.2211963637231833,bad,train
/head/NFS/mkuyokwa/lungcxr/lung_cxr_segmentation/TB_Positive/2.25.175064911937806093207152607840513235247.png,/head/NFS/mkuyokwa/lungcxr/lung_cxr_segmentation/tb-inference-results/segments/tb_full/2.25.175064911937806093207152607840513235247.nrrd,,tb,1,0.3637636806888323,0.2223173244571247,371.860188780676,99.40255885788967,-1.0763006379998965,0.7635057665070479,0.0094198639076245,bad,train
/head/NFS/mkuyokwa/lungcxr/lung_cxr_segmentation/TB_Positive/1.2.826.0.1.3680043.2.1125.1.53581884956528283131058669055202669.png,/head/NFS/mkuyokwa/lungcxr/lung_cxr_segmentation/tb-inference-results/segments/tb_full/1.2.826.0.1.3680043.2.1125.1.53581884956528283131058669055202669.nrrd,,tb,1,0.9631835876120473,0.9289818101872852,606.3299431827526,31.807826880730364,-0.0319549393252481,0.0519636346543276,0.0141091791475789,bad,train
/head/NFS/mkuyokwa/lungcxr/lung_cxr_segmentation/TB_Positive/2.25.145959479807338188566873268380814154396.png,/head/NFS/mkuyokwa/lungcxr/lung_cxr_segmentation/tb-inference-results/segments/tb_full/2.25.145959479807338188566873268380814154396.nrrd,,tb,1,0.5367935166669173,0.366861084051609,235.32530675641328,63.10536782460266,-0.152803379993685,0.5013074378687645,0.1126309927428619,bad,train
/head/NFS/mkuyokwa/lungcxr/lung_cxr_segmentation/TB_Positive/1.2.826.0.1.3680043.2.1125.1.57809551442815667457221408212068963.png,/head/NFS/mkuyokwa/lungcxr/lung_cxr_segmentation/tb-inference-results/segments/tb_full/1.2.826.0.1.3680043.2.1125.1.57809551442815667457221408212068963.nrrd,,tb,1,0.943413152450848,0.8928874655587279,306.93647551244214,33.689327342914346,0.0838958037332626,0.0152799056659261,0.0797742844840099,bad,train
/head/NFS/mkuyokwa/lungcxr/lung_cxr_segmentation/TB_Positive/1.2.826.0.1.3680043.2.1125.1.30990459464434856647398458968309332.png,/head/NFS/mkuyokwa/lungcxr/lung_cxr_segmentation/tb-inference-results/segments/tb_full/1.2.826.0.1.3680043.2.1125.1.30990459464434856647398458968309332.nrrd,,tb,1,0.8569519164599442,0.7497076709196144,414.12196271146985,59.41274262021989,0.2327434435255911,0.0301895745465257,0.3184172262717863,bad,train
/head/NFS/mkuyokwa/lungcxr/lung_cxr_segmentation/TB_Positive/2.25.88469105752728196082565173119927818985.png,/head/NFS/mkuyokwa/lungcxr/lung_cxr_segmentation/tb-inference-results/segments/tb_full/2.25.88469105752728196082565173119927818985.nrrd,,tb,1,0.9214682612974529,0.8543728740017994,323.00154798390673,44.08211173742417,-0.005365927901471,0.080997389576944,0.0706464642337077,bad,train
/head/NFS/mkuyokwa/lungcxr/lung_cxr_segmentation/TB_Positive/2.25.150590297317318773850309258559472322978.png,/head/NFS/mkuyokwa/lungcxr/lung_cxr_segmentation/tb-inference-results/segments/tb_full/2.25.150590297317318773850309258559472322978.nrrd,,tb,1,0.8479674871300167,0.7360621142692672,437.1555787131167,96.68811690844376,0.2402456805089672,0.0362660540304613,0.1719818996553888,bad,train
/head/NFS/mkuyokwa/lungcxr/lung_cxr_segmentation/TB_Positive/1.2.826.0.1.3680043.2.1125.1.49535027445075746033102938628174002.png,/head/NFS/mkuyokwa/lungcxr/lung_cxr_segmentation/tb-inference-results/segments/tb_full/1.2.826.0.1.3680043.2.1125.1.49535027445075746033102938628174002.nrrd,,tb,1,0.9291718680118326,0.8677133521760148,348.66172717979816,37.60813322400367,0.0238858094330914,0.0595969884257838,0.0751504711425206,bad,train
/head/NFS/mkuyokwa/lungcxr/lung_cxr_segmentation/TB_Positive/1.2.826.0.1.3680043.2.1125.1.15135581131462389004395205336101455.png,/head/NFS/mkuyokwa/lungcxr/lung_cxr_segmentation/tb-inference-results/segments/tb_full/1.2.826.0.1.3680043.2.1125.1.15135581131462389004395205336101455.nrrd,,tb,1,0.7902651605212891,0.6532548577850531,285.3559181092973,47.467812873326,0.2359716408931554,0.104022158780471,0.5133373992071546,bad,train
/head/NFS/mkuyokwa/lungcxr/lung_cxr_segmentation/TB_Positive/2.25.313861242129438756256142334488310307698.png,/head/NFS/mkuyokwa/lungcxr/lung_cxr_segmentation/tb-inference-results/segments/tb_full/2.25.313861242129438756256142334488310307698.nrrd,,tb,1,0.7015291262737554,0.5402732864238726,244.95101551126504,40.06133972877769,0.5593097242912701,0.0261208281861319,0.3106759518018366,bad,train
/head/NFS/mkuyokwa/lungcxr/lung_cxr_segmentation/TB_Positive/2.25.278420969444422614352101519629369271776.png,/head/NFS/mkuyokwa/lungcxr/lung_cxr_segmentation/tb-inference-results/segments/tb_full/2.25.278420969444422614352101519629369271776.nrrd,,tb,1,0.9707407469068844,0.9431450278339766,184.89456454963727,31.425201584730896,0.0263297419340792,0.0163090891807301,0.0619876639370145,bad,train
/head/NFS/mkuyokwa/lungcxr/lung_cxr_segmentation/TB_Positive/1.2.826.0.1.3680043.2.1125.1.43690136287724149546398082072338400.png,/head/NFS/mkuyokwa/lungcxr/lung_cxr_segmentation/tb-inference-results/segments/tb_full/1.2.826.0.1.3680043.2.1125.1.43690136287724149546398082072338400.nrrd,,tb,1,0.924982576189571,0.8604349619850298,284.91753192810023,60.28464984714341,0.0445726599038291,0.05393306391627,0.1073979555031253,bad,train
/head/NFS/mkuyokwa/lungcxr/lung_cxr_segmentation/TB_Positive/2.25.9253902273995303145419360698628439294.png,/head/NFS/mkuyokwa/lungcxr/lung_cxr_segmentation/tb-inference-results/segments/tb_full/2.25.9253902273995303145419360698628439294.nrrd,,tb,1,0.860827469625428,0.7556603119128749,388.9087296526012,77.15068542573582,0.2524207498298073,0.0148344121829164,0.2455535009874378,bad,train
/head/NFS/mkuyokwa/lungcxr/lung_cxr_segmentation/TB_Positive/2.25.166576689322888518455132667048660039633.png,/head/NFS/mkuyokwa/lungcxr/lung_cxr_segmentation/tb-inference-results/segments/tb_full/2.25.166576689322888518455132667048660039633.nrrd,,tb,1,0.8135215123194283,0.6856605667665908,146.03081866510234,25.070171683726308,0.3427856039456389,0.0182060761041776,0.2515885040189672,bad,train
/head/NFS/mkuyokwa/lungcxr/lung_cxr_segmentation/TB_Positive/1.2.826.0.1.3680043.2.1125.1.72370504906843158066862045060762450.png,/head/NFS/mkuyokwa/lungcxr/lung_cxr_segmentation/tb-inference-results/segments/tb_full/1.2.826.0.1.3680043.2.1125.1.72370504906843158066862045060762450.nrrd,,tb,1,0.9294905636627624,0.8682693791500117,388.6811032195931,60.71253310253118,0.0444670386052546,0.0493736674222852,0.1212140569028911,bad,train
/head/NFS/mkuyokwa/lungcxr/lung_cxr_segmentation/TB_Positive/1.2.826.0.1.3680043.2.1125.1.76497878597786921930234148185940511.png,/head/NFS/mkuyokwa/lungcxr/lung_cxr_segmentation/tb-inference-results/segments/tb_full/1.2.826.0.1.3680043.2.1125.1.76497878597786921930234148185940511.nrrd,,tb,1,0.9124525287399852,0.8390001842244479,495.16461909146943,70.5583710673142,0.0571465726732741,0.0607088358739687,0.1053253275128981,bad,train
/head/NFS/mkuyokwa/lungcxr/lung_cxr_segmentation/normal_dataset/img/00003443_person274_bacteria_1290.png,/head/NFS/mkuyokwa/lungcxr/lung_cxr_segmentation/normal-results/segments/normal_full/00003443_person274_bacteria_1290.nrrd,/head/NFS/mkuyokwa/lungcxr/lung_cxr_segmentation/normal-results/segments/normal_ref_fixed/00003443_person274_bacteria_1290_ref.nrrd,normal,0,0.9628990005659376,0.9284524854294652,22.36067977499789,2.9679918919171584,-0.0207588230832511,0.0469926548713447,0.013044270773998,excellent,val
/head/NFS/mkuyokwa/lungcxr/lung_cxr_segmentation/normal_dataset/img/00004580_NORMAL2-IM-1176-0001.png,/head/NFS/mkuyokwa/lungcxr/lung_cxr_segmentation/normal-results/segments/normal_full/00004580_NORMAL2-IM-1176-0001.nrrd,/head/NFS/mkuyokwa/lungcxr/lung_cxr_segmentation/normal-results/segments/normal_ref_fixed/00004580_NORMAL2-IM-1176-0001_ref.nrrd,normal,0,0.9798381467021744,0.9604732264147118,12.806248474865695,1.8726934787988647,0.0042505882048762,0.0180749738306714,0.0130088073549563,excellent,val
/head/NFS/mkuyokwa/lungcxr/lung_cxr_segmentation/normal_dataset/img/00001036_person1602_virus_2780.png,/head/NFS/mkuyokwa/lungcxr/lung_cxr_segmentation/normal-results/segments/normal_full/00001036_person1602_virus_2780.nrrd,/head/NFS/mkuyokwa/lungcxr/lung_cxr_segmentation/normal-results/segments/normal_ref_fixed/00001036_person1602_virus_2780_ref.nrrd,normal,0,0.9384477312726552,0.8840334658205055,30.870698080866266,5.352913194185849,0.0658064967306549,0.0296237375563429,0.0452307864039738,excellent,val
/head/NFS/mkuyokwa/lungcxr/lung_cxr_segmentation/normal_dataset/img/00003290_person321_bacteria_1489.png,/head/NFS/mkuyokwa/lungcxr/lung_cxr_segmentation/normal-results/segments/normal_full/00003290_person321_bacteria_1489.nrrd,/head/NFS/mkuyokwa/lungcxr/lung_cxr_segmentation/normal-results/segments/normal_ref_fixed/00003290_person321_bacteria_1489_ref.nrrd,normal,0,0.9677103016097012,0.9374406265205404,17.204650534085253,2.5410583307459165,-0.0092563802052189,0.0367478126302005,0.0129842426419818,excellent,val
/head/NFS/mkuyokwa/lungcxr/lung_cxr_segmentation/normal_dataset/img/00005063_NORMAL2-IM-0555-0001-0002.png,/head/NFS/mkuyokwa/lungcxr/lung_cxr_segmentation/normal-results/segments/normal_full/00005063_NORMAL2-IM-0555-0001-0002.nrrd,/head/NFS/mkuyokwa/lungcxr/lung_cxr_segmentation/normal-results/segments/normal_ref_fixed/00005063_NORMAL2-IM-0555-0001-0002_ref.nrrd,normal,0,0.9722233780128986,0.9459481342679344,18.0,2.322944071525025,-0.0077867268998722,0.0315471608739416,0.0113056348094249,excellent,val
/head/NFS/mkuyokwa/lungcxr/lung_cxr_segmentation/normal_dataset/img/00005053_NORMAL2-IM-0541-0001.png,/head/NFS/mkuyokwa/lungcxr/lung_cxr_segmentation/normal-results/segments/normal_full/00005053_NORMAL2-IM-0541-0001.nrrd,/head/NFS/mkuyokwa/lungcxr/lung_cxr_segmentation/normal-results/segments/normal_ref_fixed/00005053_NORMAL2-IM-0541-0001_ref.nrrd,normal,0,0.969216611364579,0.940271857356621,35.34119409414458,2.5705843647173263,0.019079220240564,0.0214483877721943,0.0167503015161957,excellent,val
/head/NFS/mkuyokwa/lungcxr/lung_cxr_segmentation/normal_dataset/img/00001404_person1176_virus_1996.png,/head/NFS/mkuyokwa/lungcxr/lung_cxr_segmentation/normal-results/segments/normal_full/00001404_person1176_virus_1996.nrrd,/head/NFS/mkuyokwa/lungcxr/lung_cxr_segmentation/normal-results/segments/normal_ref_fixed/00001404_person1176_virus_1996_ref.nrrd,normal,0,0.9487831790596456,0.9025570749628248,21.587033144922906,4.804872802110725,0.0378430290770142,0.0329181679961677,0.0413260453412634,excellent,val
/head/NFS/mkuyokwa/lungcxr/lung_cxr_segmentation/normal_dataset/img/00006268_person159_bacteria_747.png,/head/NFS/mkuyokwa/lungcxr/lung_cxr_segmentation/normal-results/segments/normal_full/00006268_person159_bacteria_747.nrrd,/head/NFS/mkuyokwa/lungcxr/lung_cxr_segmentation/normal-results/segments/normal_ref_fixed/00006268_person159_bacteria_747_ref.nrrd,normal,0,0.9745557838752568,0.9503742559085284,8.94427190999916,2.0125207337084343,0.0179862202344977,0.0166003951894225,0.0158138966906826,excellent,val
/head/NFS/mkuyokwa/lungcxr/lung_cxr_segmentation/normal_dataset/img/00002258_person623_bacteria_2495.png,/head/NFS/mkuyokwa/lungcxr/lung_cxr_segmentation/normal-results/segments/normal_full/00002258_person623_bacteria_2495.nrrd,/head/NFS/mkuyokwa/lungcxr/lung_cxr_segmentation/normal-results/segments/normal_ref_fixed/00002258_person623_bacteria_2495_ref.nrrd,normal,0,0.9627394735668744,0.9281558962602092,22.80350850198276,2.631388219766827,0.017954015130122,0.0285397201517719,0.0159158928708464,excellent,val
/head/NFS/mkuyokwa/lungcxr/lung_cxr_segmentation/normal_dataset/img/00003039_person355_bacteria_1637.png,/head/NFS/mkuyokwa/lungcxr/lung_cxr_segmentation/normal-results/segments/normal_full/00003039_person355_bacteria_1637.nrrd,/head/NFS/mkuyokwa/lungcxr/lung_cxr_segmentation/normal-results/segments/normal_ref_fixed/00003039_person355_bacteria_1637_ref.nrrd,normal,0,0.947704433025501,0.9006066952750618,25.019992006393608,3.882621925959736,0.0086720088157437,0.0481684210526315,0.026410604460979,excellent,val
/head/NFS/mkuyokwa/lungcxr/lung_cxr_segmentation/normal_dataset/img/00003843_person1590_bacteria_4175.png,/head/NFS/mkuyokwa/lungcxr/lung_cxr_segmentation/normal-results/segments/normal_full/00003843_person1590_bacteria_4175.nrrd,/head/NFS/mkuyokwa/lungcxr/lung_cxr_segmentation/normal-results/segments/normal_ref_fixed/00003843_person1590_bacteria_4175_ref.nrrd,normal,0,0.9616202493700176,0.9260776212041932,20.8806130178211,3.765647444821944,0.0148198109584164,0.031201041922271,0.0312960188493206,excellent,val
/head/NFS/mkuyokwa/lungcxr/lung_cxr_segmentation/normal_dataset/img/00000559_person637_virus_1218.png,/head/NFS/mkuyokwa/lungcxr/lung_cxr_segmentation/normal-results/segments/normal_full/00000559_person637_virus_1218.nrrd,/head/NFS/mkuyokwa/lungcxr/lung_cxr_segmentation/normal-results/segments/normal_ref_fixed/00000559_person637_virus_1218_ref.nrrd,normal,0,0.9616204690831556,0.9260780287474332,15.297058540778355,3.7606649298089967,-0.0086781213443621,0.0425340338355802,0.0290811408482649,excellent,val
/head/NFS/mkuyokwa/lungcxr/lung_cxr_segmentation/normal_dataset/img/00002061_person745_bacteria_2648.png,/head/NFS/mkuyokwa/lungcxr/lung_cxr_segmentation/normal-results/segments/normal_full/00002061_person745_bacteria_2648.nrrd,/head/NFS/mkuyokwa/lungcxr/lung_cxr_segmentation/normal-results/segments/normal_ref_fixed/00002061_person745_bacteria_2648_ref.nrrd,normal,0,0.9541824755169742,0.9123795051996773,31.32091952673165,4.276911158895825,0.016129993444707,0.0380594773205166,0.0334311103442325,excellent,val
/head/NFS/mkuyokwa/lungcxr/lung_cxr_segmentation/normal_dataset/img/00004259_person1205_bacteria_3157.png,/head/NFS/mkuyokwa/lungcxr/lung_cxr_segmentation/normal-results/segments/normal_full/00004259_person1205_bacteria_3157.nrrd,/head/NFS/mkuyokwa/lungcxr/lung_cxr_segmentation/normal-results/segments/normal_ref_fixed/00004259_person1205_bacteria_3157_ref.nrrd,normal,0,0.970762179099116,0.9431854906472588,12.0,2.265227896942941,-0.0254791476792687,0.0414493477147023,0.0066656990651894,excellent,val
/head/NFS/mkuyokwa/lungcxr/lung_cxr_segmentation/normal_dataset/img/00004307_person1261_bacteria_3219.png,/head/NFS/mkuyokwa/lungcxr/lung_cxr_segmentation/normal-results/segments/normal_full/00004307_person1261_bacteria_3219.nrrd,/head/NFS/mkuyokwa/lungcxr/lung_cxr_segmentation/normal-results/segments/normal_ref_fixed/00004307_person1261_bacteria_3219_ref.nrrd,normal,0,0.9646700845335004,0.931751386801992,25.29822128134704,3.4025551499901905,0.0443605197244834,0.0134479342812259,0.0362385405941936,excellent,val
/head/NFS/mkuyokwa/lungcxr/lung_cxr_segmentation/normal_dataset/img/00005916_NORMAL2-IM-0173-0001-0002.png,/head/NFS/mkuyokwa/lungcxr/lung_cxr_segmentation/normal-results/segments/normal_full/00005916_NORMAL2-IM-0173-0001-0002.nrrd,/head/NFS/mkuyokwa/lungcxr/lung_cxr_segmentation/normal-results/segments/normal_ref_fixed/00005916_NORMAL2-IM-0173-0001-0002_ref.nrrd,normal,0,0.9566092069641388,0.9168273415378512,31.906112267087632,3.652233325339765,-0.0631002948665628,0.0726488582795627,0.0059740967803678,excellent,val
/head/NFS/mkuyokwa/lungcxr/lung_cxr_segmentation/normal_dataset/img/00005471_IM-0525-0001-0001.png,/head/NFS/mkuyokwa/lungcxr/lung_cxr_segmentation/normal-results/segments/normal_full/00005471_IM-0525-0001-0001.nrrd,/head/NFS/mkuyokwa/lungcxr/lung_cxr_segmentation/normal-results/segments/normal_ref_fixed/00005471_IM-0525-0001-0001_ref.nrrd,normal,0,0.9639595903553184,0.930426633345234,28.635642126552707,3.1850413906442294,0.0003005293940865,0.0358955387798985,0.0178259310077828,excellent,val
/head/NFS/mkuyokwa/lungcxr/lung_cxr_segmentation/normal_dataset/img/00006574_9eca9ade.png,/head/NFS/mkuyokwa/lungcxr/lung_cxr_segmentation/normal-results/segments/normal_full/00006574_9eca9ade.nrrd,/head/NFS/mkuyokwa/lungcxr/lung_cxr_segmentation/normal-results/segments/normal_ref_fixed/00006574_9eca9ade_ref.nrrd,normal,0,0.9753399169886934,0.951866802620368,11.0,1.9566621812414708,0.00111635895234,0.0241153642365138,0.0091621471247393,excellent,val
/head/NFS/mkuyokwa/lungcxr/lung_cxr_segmentation/normal_dataset/img/00005929_NORMAL2-IM-0222-0001.png,/head/NFS/mkuyokwa/lungcxr/lung_cxr_segmentation/normal-results/segments/normal_full/00005929_NORMAL2-IM-0222-0001.nrrd,/head/NFS/mkuyokwa/lungcxr/lung_cxr_segmentation/normal-results/segments/normal_ref_fixed/00005929_NORMAL2-IM-0222-0001_ref.nrrd,normal,0,0.9418605375828092,0.8901100195537965,51.26402247190519,4.971034043392748,-0.0676185193725499,0.0889416700827084,0.0108927355721476,good,val
/head/NFS/mkuyokwa/lungcxr/lung_cxr_segmentation/normal_dataset/img/00006180_person126_bacteria_600.png,/head/NFS/mkuyokwa/lungcxr/lung_cxr_segmentation/normal-results/segments/normal_full/00006180_person126_bacteria_600.nrrd,/head/NFS/mkuyokwa/lungcxr/lung_cxr_segmentation/normal-results/segments/normal_ref_fixed/00006180_person126_bacteria_600_ref.nrrd,normal,0,0.8682762715218683,0.7672157521071591,95.13148795220224,11.476285387935466,0.0247971502077973,0.1208231887542957,0.0897207660607255,good,val
/head/NFS/mkuyokwa/lungcxr/lung_cxr_segmentation/normal_dataset/img/00003429_person266_bacteria_1240.png,/head/NFS/mkuyokwa/lungcxr/lung_cxr_segmentation/normal-results/segments/normal_full/00003429_person266_bacteria_1240.nrrd,/head/NFS/mkuyokwa/lungcxr/lung_cxr_segmentation/normal-results/segments/normal_ref_fixed/00003429_person266_bacteria_1240_ref.nrrd,normal,0,0.92223694840614,0.8556954583312919,37.33630940518894,6.284229955405814,-0.0547145203106931,0.1023210871487017,0.0289514866979655,good,val
/head/NFS/mkuyokwa/lungcxr/lung_cxr_segmentation/normal_dataset/img/00003932_person1493_bacteria_3897.png,/head/NFS/mkuyokwa/lungcxr/lung_cxr_segmentation/normal-results/segments/normal_full/00003932_person1493_bacteria_3897.nrrd,/head/NFS/mkuyokwa/lungcxr/lung_cxr_segmentation/normal-results/segments/normal_ref_fixed/00003932_person1493_bacteria_3897_ref.nrrd,normal,0,0.9152472776948648,0.8437381708062779,39.59797974644666,5.823501826467624,-0.0769905005567005,0.1186793801420381,0.0149144291628264,good,val
/head/NFS/mkuyokwa/lungcxr/lung_cxr_segmentation/normal_dataset/img/00002336_person703_bacteria_2602.png,/head/NFS/mkuyokwa/lungcxr/lung_cxr_segmentation/normal-results/segments/normal_full/00002336_person703_bacteria_2602.nrrd,/head/NFS/mkuyokwa/lungcxr/lung_cxr_segmentation/normal-results/segments/normal_ref_fixed/00002336_person703_bacteria_2602_ref.nrrd,normal,0,0.9207724502533224,0.8531773030344264,54.45181356024793,6.47537580747384,-0.0311574515994811,0.0933519707906057,0.02903040350084,good,val
/head/NFS/mkuyokwa/lungcxr/lung_cxr_segmentation/normal_dataset/img/00003869_person1446_bacteria_3739.png,/head/NFS/mkuyokwa/lungcxr/lung_cxr_segmentation/normal-results/segments/normal_full/00003869_person1446_bacteria_3739.nrrd,/head/NFS/mkuyokwa/lungcxr/lung_cxr_segmentation/normal-results/segments/normal_ref_fixed/00003869_person1446_bacteria_3739_ref.nrrd,normal,0,0.8818510370835952,0.7886704422490479,70.34912934784623,8.731564094880436,-0.1574481458202388,0.1825054624908958,0.0129668103403723,good,val
/head/NFS/mkuyokwa/lungcxr/lung_cxr_segmentation/normal_dataset/img/00004159_person1320_bacteria_3350.png,/head/NFS/mkuyokwa/lungcxr/lung_cxr_segmentation/normal-results/segments/normal_full/00004159_person1320_bacteria_3350.nrrd,/head/NFS/mkuyokwa/lungcxr/lung_cxr_segmentation/normal-results/segments/normal_ref_fixed/00004159_person1320_bacteria_3350_ref.nrrd,normal,0,0.9523075835748108,0.908957217447618,53.150729063673246,3.799733202539185,-0.0449219026079581,0.0686122708546465,0.0094041409830883,good,val
/head/NFS/mkuyokwa/lungcxr/lung_cxr_segmentation/normal_dataset/img/00002167_person885_bacteria_2809.png,/head/NFS/mkuyokwa/lungcxr/lung_cxr_segmentation/normal-results/segments/normal_full/00002167_person885_bacteria_2809.nrrd,/head/NFS/mkuyokwa/lungcxr/lung_cxr_segmentation/normal-results/segments/normal_ref_fixed/00002167_person885_bacteria_2809_ref.nrrd,normal,0,0.9306985843545365,0.8703800170251693,71.56814934033156,5.407769584224507,0.0593429883433415,0.0408417574416846,0.0381969568272144,good,val
/head/NFS/mkuyokwa/lungcxr/lung_cxr_segmentation/normal_dataset/img/00001180_person1497_virus_2607.png,/head/NFS/mkuyokwa/lungcxr/lung_cxr_segmentation/normal-results/segments/normal_full/00001180_person1497_virus_2607.nrrd,/head/NFS/mkuyokwa/lungcxr/lung_cxr_segmentation/normal-results/segments/normal_ref_fixed/00001180_person1497_virus_2607_ref.nrrd,normal,0,0.911088277340958,0.8366961787463794,59.0,8.770814835499165,0.138795568263045,0.0209691511526312,0.1121456285484616,good,val
/head/NFS/mkuyokwa/lungcxr/lung_cxr_segmentation/normal_dataset/img/00001514_person1029_virus_1721.png,/head/NFS/mkuyokwa/lungcxr/lung_cxr_segmentation/normal-results/segments/normal_full/00001514_person1029_virus_1721.nrrd,/head/NFS/mkuyokwa/lungcxr/lung_cxr_segmentation/normal-results/segments/normal_ref_fixed/00001514_person1029_virus_1721_ref.nrrd,normal,0,0.9089889440794744,0.8331619914818622,49.03060268852505,7.496583560403755,0.1398814292581317,0.0226548367645792,0.0777472481907994,good,val
/head/NFS/mkuyokwa/lungcxr/lung_cxr_segmentation/normal_dataset/img/00001386_person1162_virus_1949.png,/head/NFS/mkuyokwa/lungcxr/lung_cxr_segmentation/normal-results/segments/normal_full/00001386_person1162_virus_1949.nrrd,/head/NFS/mkuyokwa/lungcxr/lung_cxr_segmentation/normal-results/segments/normal_ref_fixed/00001386_person1162_virus_1949_ref.nrrd,normal,0,0.8485484005912374,0.736937966847189,83.05419917138447,12.997780553214138,0.2462336503332682,0.0323130549830801,0.1341030195381883,good,val
/head/NFS/mkuyokwa/lungcxr/lung_cxr_segmentation/normal_dataset/img/00003309_person19_bacteria_62.png,/head/NFS/mkuyokwa/lungcxr/lung_cxr_segmentation/normal-results/segments/normal_full/00003309_person19_bacteria_62.nrrd,/head/NFS/mkuyokwa/lungcxr/lung_cxr_segmentation/normal-results/segments/normal_ref_fixed/00003309_person19_bacteria_62_ref.nrrd,normal,0,0.9263896687254352,0.8628732806861565,28.0,5.42433998149748,0.0462380685008422,0.0516862328107712,0.0357879211221962,good,val
/head/NFS/mkuyokwa/lungcxr/lung_cxr_segmentation/normal_dataset/img/00004945_NORMAL2-IM-0771-0001.png,/head/NFS/mkuyokwa/lungcxr/lung_cxr_segmentation/normal-results/segments/normal_full/00004945_NORMAL2-IM-0771-0001.nrrd,/head/NFS/mkuyokwa/lungcxr/lung_cxr_segmentation/normal-results/segments/normal_ref_fixed/00004945_NORMAL2-IM-0771-0001_ref.nrrd,normal,0,0.9106774079517758,0.83600341588386,43.93176527297759,6.47875870482614,-0.126067461720218,0.1433221905245287,0.0068924475749608,good,val
/head/NFS/mkuyokwa/lungcxr/lung_cxr_segmentation/normal_dataset/img/00000452_person772_virus_1401.png,/head/NFS/mkuyokwa/lungcxr/lung_cxr_segmentation/normal-results/segments/normal_full/00000452_person772_virus_1401.nrrd,/head/NFS/mkuyokwa/lungcxr/lung_cxr_segmentation/normal-results/segments/normal_ref_fixed/00000452_person772_virus_1401_ref.nrrd,normal,0,0.9195128254291122,0.8510168811529797,87.20665112249179,5.814368261797663,-0.107755278974966,0.1274956494225597,0.008022761317824,good,val
/head/NFS/mkuyokwa/lungcxr/lung_cxr_segmentation/normal_dataset/img/00002278_person634_bacteria_2525.png,/head/NFS/mkuyokwa/lungcxr/lung_cxr_segmentation/normal-results/segments/normal_full/00002278_person634_bacteria_2525.nrrd,/head/NFS/mkuyokwa/lungcxr/lung_cxr_segmentation/normal-results/segments/normal_ref_fixed/00002278_person634_bacteria_2525_ref.nrrd,normal,0,0.8876334112318404,0.7979684217365879,99.72963451251589,9.874159695862495,0.084443587828559,0.0732369920386371,0.0702658307553316,good,val
/head/NFS/mkuyokwa/lungcxr/lung_cxr_segmentation/normal_dataset/img/00001360_person118_virus_224.png,/head/NFS/mkuyokwa/lungcxr/lung_cxr_segmentation/normal-results/segments/normal_full/00001360_person118_virus_224.nrrd,/head/NFS/mkuyokwa/lungcxr/lung_cxr_segmentation/normal-results/segments/normal_ref_fixed/00001360_person118_virus_224_ref.nrrd,normal,0,0.8520909800294789,0.7422983574528939,95.42536350467836,14.103796902527217,0.1909886997485621,0.0579484164515222,0.1144903263694794,good,val
/head/NFS/mkuyokwa/lungcxr/lung_cxr_segmentation/normal_dataset/img/00002000_person981_bacteria_2908.png,/head/NFS/mkuyokwa/lungcxr/lung_cxr_segmentation/normal-results/segments/normal_full/00002000_person981_bacteria_2908.nrrd,/head/NFS/mkuyokwa/lungcxr/lung_cxr_segmentation/normal-results/segments/normal_ref_fixed/00002000_person981_bacteria_2908_ref.nrrd,normal,0,0.8092282253513733,0.6795829751592497,145.3994497926316,19.787757163168003,0.3465133878383048,0.0211856335583821,0.2481956026388938,good,val
/head/NFS/mkuyokwa/lungcxr/lung_cxr_segmentation/normal_dataset/img/00002650_person475_bacteria_2023.png,/head/NFS/mkuyokwa/lungcxr/lung_cxr_segmentation/normal-results/segments/normal_full/00002650_person475_bacteria_2023.nrrd,/head/NFS/mkuyokwa/lungcxr/lung_cxr_segmentation/normal-results/segments/normal_ref_fixed/00002650_person475_bacteria_2023_ref.nrrd,normal,0,0.9315362451626904,0.8718463690932888,58.137767414994535,5.501616060293931,-0.0304042242823903,0.0824130150813442,0.024829431137388,good,val
/head/NFS/mkuyokwa/lungcxr/lung_cxr_segmentation/normal_dataset/img/00000753_person508_virus_1020.png,/head/NFS/mkuyokwa/lungcxr/lung_cxr_segmentation/normal-results/segments/normal_full/00000753_person508_virus_1020.nrrd,/head/NFS/mkuyokwa/lungcxr/lung_cxr_segmentation/normal-results/segments/normal_ref_fixed/00000753_person508_virus_1020_ref.nrrd,normal,0,0.8648055627092455,0.7618127206235992,209.57099035887572,18.223290049873885,-0.1975173834663919,0.2129249404661454,0.0227486139874712,bad,val
/head/NFS/mkuyokwa/lungcxr/lung_cxr_segmentation/normal_dataset/img/00004888_NORMAL2-IM-0872-0001.png,/head/NFS/mkuyokwa/lungcxr/lung_cxr_segmentation/normal-results/segments/normal_full/00004888_NORMAL2-IM-0872-0001.nrrd,/head/NFS/mkuyokwa/lungcxr/lung_cxr_segmentation/normal-results/segments/normal_ref_fixed/00004888_NORMAL2-IM-0872-0001_ref.nrrd,normal,0,0.7611473605283728,0.6143970124267594,170.66048165876012,23.122017602194106,-0.3114081967997703,0.3413994450809602,0.0274748156309139,bad,val
/head/NFS/mkuyokwa/lungcxr/lung_cxr_segmentation/normal_dataset/img/00007013_nejmoa2001191_f5-L.png,/head/NFS/mkuyokwa/lungcxr/lung_cxr_segmentation/normal-results/segments/normal_full/00007013_nejmoa2001191_f5-L.nrrd,/head/NFS/mkuyokwa/lungcxr/lung_cxr_segmentation/normal-results/segments/normal_ref_fixed/00007013_nejmoa2001191_f5-L_ref.nrrd,normal,0,,,,,,,,bad,val
/head/NFS/mkuyokwa/lungcxr/lung_cxr_segmentation/normal_dataset/img/00006673_16630_2_1.png,/head/NFS/mkuyokwa/lungcxr/lung_cxr_segmentation/normal-results/segments/normal_full/00006673_16630_2_1.nrrd,/head/NFS/mkuyokwa/lungcxr/lung_cxr_segmentation/normal-results/segments/normal_ref_fixed/00006673_16630_2_1_ref.nrrd,normal,0,,,,,,,,bad,val
/head/NFS/mkuyokwa/lungcxr/lung_cxr_segmentation/normal_dataset/img/00006672_16630_1_1.png,/head/NFS/mkuyokwa/lungcxr/lung_cxr_segmentation/normal-results/segments/normal_full/00006672_16630_1_1.nrrd,/head/NFS/mkuyokwa/lungcxr/lung_cxr_segmentation/normal-results/segments/normal_ref_fixed/00006672_16630_1_1_ref.nrrd,normal,0,,,,,,,,bad,val
/head/NFS/mkuyokwa/lungcxr/lung_cxr_segmentation/normal_dataset/img/00006708_16689_2_4.png,/head/NFS/mkuyokwa/lungcxr/lung_cxr_segmentation/normal-results/segments/normal_full/00006708_16689_2_4.nrrd,/head/NFS/mkuyokwa/lungcxr/lung_cxr_segmentation/normal-results/segments/normal_ref_fixed/00006708_16689_2_4_ref.nrrd,normal,0,,,,,,,,bad,val
/head/NFS/mkuyokwa/lungcxr/lung_cxr_segmentation/normal_dataset/img/00006885_covid-19-pneumonia-28.png,/head/NFS/mkuyokwa/lungcxr/lung_cxr_segmentation/normal-results/segments/normal_full/00006885_covid-19-pneumonia-28.nrrd,/head/NFS/mkuyokwa/lungcxr/lung_cxr_segmentation/normal-results/segments/normal_ref_fixed/00006885_covid-19-pneumonia-28_ref.nrrd,normal,0,0.7713097584636582,0.6277495599698265,68.94200461257273,18.60053280333356,0.2632122047219767,0.1117973530667425,0.1519486746510731,bad,val
/head/NFS/mkuyokwa/lungcxr/lung_cxr_segmentation/normal_dataset/img/00006703_16689_1_2.png,/head/NFS/mkuyokwa/lungcxr/lung_cxr_segmentation/normal-results/segments/normal_full/00006703_16689_1_2.nrrd,/head/NFS/mkuyokwa/lungcxr/lung_cxr_segmentation/normal-results/segments/normal_ref_fixed/00006703_16689_1_2_ref.nrrd,normal,0,,,,,,,,bad,val
/head/NFS/mkuyokwa/lungcxr/lung_cxr_segmentation/normal_dataset/img/00006721_16745_2_2.png,/head/NFS/mkuyokwa/lungcxr/lung_cxr_segmentation/normal-results/segments/normal_full/00006721_16745_2_2.nrrd,/head/NFS/mkuyokwa/lungcxr/lung_cxr_segmentation/normal-results/segments/normal_ref_fixed/00006721_16745_2_2_ref.nrrd,normal,0,,,,,,,,bad,val
/head/NFS/mkuyokwa/lungcxr/lung_cxr_segmentation/normal_dataset/img/00006864_covid-19-pneumonia-7-L.png,/head/NFS/mkuyokwa/lungcxr/lung_cxr_segmentation/normal-results/segments/normal_full/00006864_covid-19-pneumonia-7-L.nrrd,/head/NFS/mkuyokwa/lungcxr/lung_cxr_segmentation/normal-results/segments/normal_ref_fixed/00006864_covid-19-pneumonia-7-L_ref.nrrd,normal,0,,,,,,,,bad,val
/head/NFS/mkuyokwa/lungcxr/lung_cxr_segmentation/normal_dataset/img/00004055_person1420_bacteria_3647.png,/head/NFS/mkuyokwa/lungcxr/lung_cxr_segmentation/normal-results/segments/normal_full/00004055_person1420_bacteria_3647.nrrd,/head/NFS/mkuyokwa/lungcxr/lung_cxr_segmentation/normal-results/segments/normal_ref_fixed/00004055_person1420_bacteria_3647_ref.nrrd,normal,0,0.7586902687333762,0.6112014186493276,113.22985472038724,19.00012612667579,0.1222599284600568,0.1919112978068675,0.0985676921160792,bad,val
/head/NFS/mkuyokwa/lungcxr/lung_cxr_segmentation/normal_dataset/img/00004122_person1306_bacteria_3277.png,/head/NFS/mkuyokwa/lungcxr/lung_cxr_segmentation/normal-results/segments/normal_full/00004122_person1306_bacteria_3277.nrrd,/head/NFS/mkuyokwa/lungcxr/lung_cxr_segmentation/normal-results/segments/normal_ref_fixed/00004122_person1306_bacteria_3277_ref.nrrd,normal,0,0.798633820216554,0.6647713525284297,99.98499887483122,13.457104493704223,0.1797834459704963,0.1224848291280741,0.0756055232777484,bad,val
/head/NFS/mkuyokwa/lungcxr/lung_cxr_segmentation/normal_dataset/img/00001370_person124_virus_238.png,/head/NFS/mkuyokwa/lungcxr/lung_cxr_segmentation/normal-results/segments/normal_full/00001370_person124_virus_238.nrrd,/head/NFS/mkuyokwa/lungcxr/lung_cxr_segmentation/normal-results/segments/normal_ref_fixed/00001370_person124_virus_238_ref.nrrd,normal,0,0.7969951440110605,0.6625036798840553,117.38824472663352,17.66860568042677,0.3388567653528935,0.0404257412752558,0.1359162491052254,bad,val
/head/NFS/mkuyokwa/lungcxr/lung_cxr_segmentation/normal_dataset/img/00006694_16663_1_2.png,/head/NFS/mkuyokwa/lungcxr/lung_cxr_segmentation/normal-results/segments/normal_full/00006694_16663_1_2.nrrd,/head/NFS/mkuyokwa/lungcxr/lung_cxr_segmentation/normal-results/segments/normal_ref_fixed/00006694_16663_1_2_ref.nrrd,normal,0,,,,,,,,bad,val
/head/NFS/mkuyokwa/lungcxr/lung_cxr_segmentation/normal_dataset/img/00006726_16745_4_2.png,/head/NFS/mkuyokwa/lungcxr/lung_cxr_segmentation/normal-results/segments/normal_full/00006726_16745_4_2.nrrd,/head/NFS/mkuyokwa/lungcxr/lung_cxr_segmentation/normal-results/segments/normal_ref_fixed/00006726_16745_4_2_ref.nrrd,normal,0,,,,,,,,bad,val
/head/NFS/mkuyokwa/lungcxr/lung_cxr_segmentation/normal_dataset/img/00006640_483f2ad8.png,/head/NFS/mkuyokwa/lungcxr/lung_cxr_segmentation/normal-results/segments/normal_full/00006640_483f2ad8.nrrd,/head/NFS/mkuyokwa/lungcxr/lung_cxr_segmentation/normal-results/segments/normal_ref_fixed/00006640_483f2ad8_ref.nrrd,normal,0,0.7436168942319175,0.5918711345432425,89.89994438263018,20.08260776617093,0.4776720671947773,0.0230529464677949,0.1451005640544739,bad,val
/head/NFS/mkuyokwa/lungcxr/lung_cxr_segmentation/normal_dataset/img/00006730_16745_5_3.png,/head/NFS/mkuyokwa/lungcxr/lung_cxr_segmentation/normal-results/segments/normal_full/00006730_16745_5_3.nrrd,/head/NFS/mkuyokwa/lungcxr/lung_cxr_segmentation/normal-results/segments/normal_ref_fixed/00006730_16745_5_3_ref.nrrd,normal,0,,,,,,,,bad,val
/head/NFS/mkuyokwa/lungcxr/lung_cxr_segmentation/normal_dataset/img/00001573_person1104_virus_1826.png,/head/NFS/mkuyokwa/lungcxr/lung_cxr_segmentation/normal-results/segments/normal_full/00001573_person1104_virus_1826.nrrd,/head/NFS/mkuyokwa/lungcxr/lung_cxr_segmentation/normal-results/segments/normal_ref_fixed/00001573_person1104_virus_1826_ref.nrrd,normal,0,0.7720657616862789,0.6287517178008896,118.53269591129698,24.347637669768435,0.1556772624925736,0.1627650128852026,0.1803580894045585,bad,val
/head/NFS/mkuyokwa/lungcxr/lung_cxr_segmentation/TB_Positive/1.2.826.0.1.3680043.2.1125.1.70258209187188217340182715398217878.png,/head/NFS/mkuyokwa/lungcxr/lung_cxr_segmentation/tb-inference-results/segments/tb_full/1.2.826.0.1.3680043.2.1125.1.70258209187188217340182715398217878.nrrd,,tb,1,0.9801272364623888,0.9610289356709968,37.8549864614954,5.439872206130886,-0.0168667312166868,0.0280694095527856,0.0129453943065327,excellent,val
/head/NFS/mkuyokwa/lungcxr/lung_cxr_segmentation/TB_Positive/2.25.87107774594244577229474828978393102309.png,/head/NFS/mkuyokwa/lungcxr/lung_cxr_segmentation/tb-inference-results/segments/tb_full/2.25.87107774594244577229474828978393102309.nrrd,,tb,1,0.9743321689923752,0.9499490376286668,43.28972164382672,4.0698005096090695,0.0156632997113528,0.017976970490294,0.0193769012642762,excellent,val
/head/NFS/mkuyokwa/lungcxr/lung_cxr_segmentation/TB_Positive/1.2.840.114062.2.192.168.196.13.2018.1.12.9.17.30.1581031.png,/head/NFS/mkuyokwa/lungcxr/lung_cxr_segmentation/tb-inference-results/segments/tb_full/1.2.840.114062.2.192.168.196.13.2018.1.12.9.17.30.1581031.nrrd,,tb,1,0.990086657328496,0.980367934054064,29.410882339705484,4.100489526152883,0.0060143042074867,0.0069270211740566,0.0059818468062924,excellent,val
/head/NFS/mkuyokwa/lungcxr/lung_cxr_segmentation/TB_Positive/1.2.826.0.1.3680043.2.1125.1.62272940683381904732715307182007924.png,/head/NFS/mkuyokwa/lungcxr/lung_cxr_segmentation/tb-inference-results/segments/tb_full/1.2.826.0.1.3680043.2.1125.1.62272940683381904732715307182007924.nrrd,,tb,1,0.9882422153356644,0.9767577085295442,14.0,1.184010144777755,-0.0128101022488109,0.0180472422792876,0.0055898793762871,excellent,val
/head/NFS/mkuyokwa/lungcxr/lung_cxr_segmentation/TB_Positive/1.2.826.0.1.3680043.2.1125.1.21517654328500716150212363674177136.png,/head/NFS/mkuyokwa/lungcxr/lung_cxr_segmentation/tb-inference-results/segments/tb_full/1.2.826.0.1.3680043.2.1125.1.21517654328500716150212363674177136.nrrd,,tb,1,0.9827973074046372,0.9661764705882352,4.242640687119285,0.5157112552997509,0.0154574918972824,0.0095477386934673,0.0241662638956017,excellent,val
/head/NFS/mkuyokwa/lungcxr/lung_cxr_segmentation/TB_Positive/2.25.259013536179867140637730851245325837261.png,/head/NFS/mkuyokwa/lungcxr/lung_cxr_segmentation/tb-inference-results/segments/tb_full/2.25.259013536179867140637730851245325837261.nrrd,,tb,1,0.9842797824967296,0.9690461659965536,29.068883707497267,3.746941078969473,0.0121270683397219,0.0097155941706434,0.0376778384514718,excellent,val
/head/NFS/mkuyokwa/lungcxr/lung_cxr_segmentation/TB_Positive/2.25.86163623940031849926327079914259834315.png,/head/NFS/mkuyokwa/lungcxr/lung_cxr_segmentation/tb-inference-results/segments/tb_full/2.25.86163623940031849926327079914259834315.nrrd,,tb,1,0.961709143579155,0.9262425240787736,43.0,2.8805751798762573,-0.0404018613824771,0.0573335951305713,0.0080792787832908,excellent,val
/head/NFS/mkuyokwa/lungcxr/lung_cxr_segmentation/TB_Positive/1.2.826.0.1.3680043.2.1125.1.99060710980110098360860679167630349.png,/head/NFS/mkuyokwa/lungcxr/lung_cxr_segmentation/tb-inference-results/segments/tb_full/1.2.826.0.1.3680043.2.1125.1.99060710980110098360860679167630349.nrrd,,tb,1,0.983519664900956,0.9675737256689018,27.73084924772409,4.578025965529978,-0.0138923170074014,0.0232648919755114,0.0140353885059441,excellent,val
/head/NFS/mkuyokwa/lungcxr/lung_cxr_segmentation/TB_Positive/1.2.826.0.1.3680043.2.1125.1.31611207298568585051002672139081514.png,/head/NFS/mkuyokwa/lungcxr/lung_cxr_segmentation/tb-inference-results/segments/tb_full/1.2.826.0.1.3680043.2.1125.1.31611207298568585051002672139081514.nrrd,,tb,1,0.988827788594604,0.977902455626489,18.24828759089466,2.5270205643905337,0.0097424436618322,0.0063318333392718,0.0239173898578078,excellent,val
/head/NFS/mkuyokwa/lungcxr/lung_cxr_segmentation/TB_Positive/1.2.826.0.1.3680043.2.1125.1.47361449701348007521259030803017669.png,/head/NFS/mkuyokwa/lungcxr/lung_cxr_segmentation/tb-inference-results/segments/tb_full/1.2.826.0.1.3680043.2.1125.1.47361449701348007521259030803017669.nrrd,,tb,1,0.9870283244951092,0.9743888682802008,34.438350715445125,2.4352185986840738,-0.0054678123765811,0.0156627611734834,0.0248284327400546,excellent,val
/head/NFS/mkuyokwa/lungcxr/lung_cxr_segmentation/TB_Positive/1.2.826.0.1.3680043.2.1125.1.93298509845260181290372159471251345.png,/head/NFS/mkuyokwa/lungcxr/lung_cxr_segmentation/tb-inference-results/segments/tb_full/1.2.826.0.1.3680043.2.1125.1.93298509845260181290372159471251345.nrrd,,tb,1,0.9777050545570776,0.9563825576125432,30.4138126514911,2.7601431645471464,0.0134479310536949,0.0156763874045688,0.0392614281066755,excellent,val
/head/NFS/mkuyokwa/lungcxr/lung_cxr_segmentation/TB_Positive/1.2.826.0.1.3680043.2.1125.1.41094860218681201284904948617013769.png,/head/NFS/mkuyokwa/lungcxr/lung_cxr_segmentation/tb-inference-results/segments/tb_full/1.2.826.0.1.3680043.2.1125.1.41094860218681201284904948617013769.nrrd,,tb,1,0.9558078966559016,0.9153563732141432,26.40075756488817,2.181163684237585,-0.0702989894780706,0.0766474779598244,0.0086519676248953,excellent,val
/head/NFS/mkuyokwa/lungcxr/lung_cxr_segmentation/TB_Positive/1.2.826.0.1.3680043.2.1125.1.18122253571948166012626650316485222.png,/head/NFS/mkuyokwa/lungcxr/lung_cxr_segmentation/tb-inference-results/segments/tb_full/1.2.826.0.1.3680043.2.1125.1.18122253571948166012626650316485222.nrrd,,tb,1,0.9875501380424024,0.9754064622350278,3.0,0.3278746891387838,-0.0001041829452518,0.0125013022189811,0.0087403598971722,excellent,val
/head/NFS/mkuyokwa/lungcxr/lung_cxr_segmentation/TB_Positive/2.25.44823729381231616170841185765109580524.png,/head/NFS/mkuyokwa/lungcxr/lung_cxr_segmentation/tb-inference-results/segments/tb_full/2.25.44823729381231616170841185765109580524.nrrd,,tb,1,0.9866272821280416,0.9736075036635274,44.553338819890925,6.247698925703462,-0.0018679532360333,0.0142933448401012,0.0186155022763984,excellent,val
/head/NFS/mkuyokwa/lungcxr/lung_cxr_segmentation/TB_Positive/2.25.107856602201154594282698434894544207948.png,/head/NFS/mkuyokwa/lungcxr/lung_cxr_segmentation/tb-inference-results/segments/tb_full/2.25.107856602201154594282698434894544207948.nrrd,,tb,1,0.9754891468464476,0.952151110789885,39.408120990476064,4.963213416050108,-0.0047783725996776,0.026835923432782,0.0282407434759746,excellent,val
/head/NFS/mkuyokwa/lungcxr/lung_cxr_segmentation/TB_Positive/1.3.6.1.4.1.25403.163683357445804.11044.20131119114628.3.png,/head/NFS/mkuyokwa/lungcxr/lung_cxr_segmentation/tb-inference-results/segments/tb_full/1.3.6.1.4.1.25403.163683357445804.11044.20131119114628.3.nrrd,,tb,1,0.9882025817548914,0.9766802760466214,39.0,5.187162653072542,0.0033091051278167,0.0101596753981786,0.006929102626684,excellent,val
/head/NFS/mkuyokwa/lungcxr/lung_cxr_segmentation/TB_Positive/1.2.826.0.1.3680043.2.1125.1.60545432105748240641982372602312506.png,/head/NFS/mkuyokwa/lungcxr/lung_cxr_segmentation/tb-inference-results/segments/tb_full/1.2.826.0.1.3680043.2.1125.1.60545432105748240641982372602312506.nrrd,,tb,1,0.9837645136533556,0.9680477870242248,20.0,2.1354460522696166,0.0091798083826405,0.0116992807329957,0.017443379519996,excellent,val
/head/NFS/mkuyokwa/lungcxr/lung_cxr_segmentation/TB_Positive/1.2.840.114062.2.192.168.196.13.2021.3.2.10.57.40.8047421.png,/head/NFS/mkuyokwa/lungcxr/lung_cxr_segmentation/tb-inference-results/segments/tb_full/1.2.840.114062.2.192.168.196.13.2021.3.2.10.57.40.8047421.nrrd,,tb,1,0.9869031171161228,0.974144856024834,5.0642295588766775,0.8164262318779407,0.0093137131095734,0.0084795142104227,0.0062880593355671,excellent,val
/head/NFS/mkuyokwa/lungcxr/lung_cxr_segmentation/TB_Positive/1.2.826.0.1.3680043.2.1125.1.55908114591046379128275571720579722.png,/head/NFS/mkuyokwa/lungcxr/lung_cxr_segmentation/tb-inference-results/segments/tb_full/1.2.826.0.1.3680043.2.1125.1.55908114591046379128275571720579722.nrrd,,tb,1,0.9882526244724568,0.9767780459595108,87.28115489611719,7.746570949599409,-0.0018905864782984,0.0126806818039153,0.0174197815513203,good,val
/head/NFS/mkuyokwa/lungcxr/lung_cxr_segmentation/TB_Positive/1.2.826.0.1.3680043.2.1125.1.63286329476847973680723477975053100.png,/head/NFS/mkuyokwa/lungcxr/lung_cxr_segmentation/tb-inference-results/segments/tb_full/1.2.826.0.1.3680043.2.1125.1.63286329476847973680723477975053100.nrrd,,tb,1,0.9475397963689034,0.9003093828154195,144.3606594609487,12.187723684111123,0.0891918952214102,0.0082313404477659,0.0877893930272015,good,val
/head/NFS/mkuyokwa/lungcxr/lung_cxr_segmentation/TB_Positive/1.3.6.1.4.1.25403.158515237678667.5060.20130807020618.6.png,/head/NFS/mkuyokwa/lungcxr/lung_cxr_segmentation/tb-inference-results/segments/tb_full/1.3.6.1.4.1.25403.158515237678667.5060.20130807020618.6.nrrd,,tb,1,0.9797507911639968,0.9603053672364904,79.1580697086532,10.297147215738542,0.0162959965119941,0.0122006212204322,0.0181678116197972,good,val
/head/NFS/mkuyokwa/lungcxr/lung_cxr_segmentation/TB_Positive/2.25.305774873737128028003599591893073460361.png,/head/NFS/mkuyokwa/lungcxr/lung_cxr_segmentation/tb-inference-results/segments/tb_full/2.25.305774873737128028003599591893073460361.nrrd,,tb,1,0.9744865951139824,0.9502426691558392,102.82509421342633,12.377709532109568,-0.0211841947153042,0.0357270775598515,0.0062748379324423,good,val
/head/NFS/mkuyokwa/lungcxr/lung_cxr_segmentation/TB_Positive/1.2.826.0.1.3680043.2.1125.1.92869445911567890163868225262838404.png,/head/NFS/mkuyokwa/lungcxr/lung_cxr_segmentation/tb-inference-results/segments/tb_full/1.2.826.0.1.3680043.2.1125.1.92869445911567890163868225262838404.nrrd,,tb,1,0.9777673209572928,0.9565017250993626,179.3348822733603,10.438622389500749,-0.0124338761922043,0.0282738404231596,0.0107490661137222,good,val
/head/NFS/mkuyokwa/lungcxr/lung_cxr_segmentation/TB_Positive/1.2.840.114062.2.192.168.196.13.2016.6.8.11.6.27.8015031.png,/head/NFS/mkuyokwa/lungcxr/lung_cxr_segmentation/tb-inference-results/segments/tb_full/1.2.840.114062.2.192.168.196.13.2016.6.8.11.6.27.8015031.nrrd,,tb,1,0.9566349843194676,0.9168746986360328,178.89102828258325,18.93229239505333,0.0393808137662598,0.0241501347774529,0.0354699682113077,good,val
/head/NFS/mkuyokwa/lungcxr/lung_cxr_segmentation/TB_Positive/1.2.826.0.1.3680043.2.1125.1.72683391652950425842453724454126528.png,/head/NFS/mkuyokwa/lungcxr/lung_cxr_segmentation/tb-inference-results/segments/tb_full/1.2.826.0.1.3680043.2.1125.1.72683391652950425842453724454126528.nrrd,,tb,1,0.9804679808157432,0.9616843437641426,86.0,10.368028606025332,-0.0218903271159151,0.0301472165265144,0.0151256621817346,good,val
/head/NFS/mkuyokwa/lungcxr/lung_cxr_segmentation/TB_Positive/1.2.840.114062.2.192.168.196.13.2021.12.14.10.53.54.8624906.png,/head/NFS/mkuyokwa/lungcxr/lung_cxr_segmentation/tb-inference-results/segments/tb_full/1.2.840.114062.2.192.168.196.13.2021.12.14.10.53.54.8624906.nrrd,,tb,1,0.9678693922186374,0.9377392598589251,78.71467461661771,12.785786108576788,-0.0065696817059632,0.0352994954097326,0.0110082908830096,good,val
/head/NFS/mkuyokwa/lungcxr/lung_cxr_segmentation/TB_Positive/1.3.6.1.4.1.25403.158515237678667.5060.20130807024319.13.png,/head/NFS/mkuyokwa/lungcxr/lung_cxr_segmentation/tb-inference-results/segments/tb_full/1.3.6.1.4.1.25403.158515237678667.5060.20130807024319.13.nrrd,,tb,1,0.9843370465136804,0.9691571826410412,59.64059020499378,7.403923860631881,0.0137375542368195,0.0088549993850694,0.0143669484970527,good,val
/head/NFS/mkuyokwa/lungcxr/lung_cxr_segmentation/TB_Positive/2.25.89768459399505180422888682294608081744.png,/head/NFS/mkuyokwa/lungcxr/lung_cxr_segmentation/tb-inference-results/segments/tb_full/2.25.89768459399505180422888682294608081744.nrrd,,tb,1,0.982913705391153,0.9664014849095608,61.0,10.502144504251868,-0.0017012344726218,0.017921667365993,0.013731156524837,good,val
/head/NFS/mkuyokwa/lungcxr/lung_cxr_segmentation/TB_Positive/2.25.307693625169844041574035840489723605573.png,/head/NFS/mkuyokwa/lungcxr/lung_cxr_segmentation/tb-inference-results/segments/tb_full/2.25.307693625169844041574035840489723605573.nrrd,,tb,1,0.9865782563952178,0.9735120275650678,53.53503525729669,8.84205135402245,0.0074396945921431,0.0097381206304064,0.0129574756919048,good,val
/head/NFS/mkuyokwa/lungcxr/lung_cxr_segmentation/TB_Positive/1.2.826.0.1.3680043.2.1125.1.58978447754791986120411239860584645.png,/head/NFS/mkuyokwa/lungcxr/lung_cxr_segmentation/tb-inference-results/segments/tb_full/1.2.826.0.1.3680043.2.1125.1.58978447754791986120411239860584645.nrrd,,tb,1,0.9805144680866904,0.9617737941278276,117.72000679578642,18.37062775802967,-0.0015587176827528,0.0202491094322201,0.0326030841269937,good,val
/head/NFS/mkuyokwa/lungcxr/lung_cxr_segmentation/TB_Positive/1.2.826.0.1.3680043.2.1125.1.50909458526263075639549274004288621.png,/head/NFS/mkuyokwa/lungcxr/lung_cxr_segmentation/tb-inference-results/segments/tb_full/1.2.826.0.1.3680043.2.1125.1.50909458526263075639549274004288621.nrrd,,tb,1,0.8991039805646356,0.8167019997272535,84.86459803710851,8.001669376738075,0.1496823327896708,0.0281625728405989,0.1489105796363972,good,val
/head/NFS/mkuyokwa/lungcxr/lung_cxr_segmentation/TB_Positive/2.25.255229382205524117380902191023585024306.png,/head/NFS/mkuyokwa/lungcxr/lung_cxr_segmentation/tb-inference-results/segments/tb_full/2.25.255229382205524117380902191023585024306.nrrd,,tb,1,0.9724689930390223,0.9464132823740212,163.95426191471816,11.629621116505245,-0.0275648848751118,0.0407517901959308,0.0091642893568354,good,val
/head/NFS/mkuyokwa/lungcxr/lung_cxr_segmentation/TB_Positive/1.2.840.114062.2.192.168.196.13.2023.10.13.11.43.0.12328500.png,/head/NFS/mkuyokwa/lungcxr/lung_cxr_segmentation/tb-inference-results/segments/tb_full/1.2.840.114062.2.192.168.196.13.2023.10.13.11.43.0.12328500.nrrd,,tb,1,0.9711095921391,0.9438416227031132,146.15402833996745,15.74642791091944,-0.021202345847599,0.0390773154066755,0.0172376795485336,good,val
/head/NFS/mkuyokwa/lungcxr/lung_cxr_segmentation/TB_Positive/1.2.826.0.1.3680043.2.1125.1.33906410557201854019504239508221497.png,/head/NFS/mkuyokwa/lungcxr/lung_cxr_segmentation/tb-inference-results/segments/tb_full/1.2.826.0.1.3680043.2.1125.1.33906410557201854019504239508221497.nrrd,,tb,1,0.9767293382252707,0.9545170937777708,80.95060222135473,16.093354735889683,0.0125219632155392,0.0171168484402267,0.0695330888315568,good,val
/head/NFS/mkuyokwa/lungcxr/lung_cxr_segmentation/TB_Positive/1.2.826.0.1.3680043.2.1125.1.23986728775990969931702467983144206.png,/head/NFS/mkuyokwa/lungcxr/lung_cxr_segmentation/tb-inference-results/segments/tb_full/1.2.826.0.1.3680043.2.1125.1.23986728775990969931702467983144206.nrrd,,tb,1,0.9267684128298104,0.8635306898424769,117.32433677630571,10.731822670552152,0.1157605506262946,0.016294438440024,0.0831741069557478,good,val
/head/NFS/mkuyokwa/lungcxr/lung_cxr_segmentation/TB_Positive/1.2.826.0.1.3680043.2.1125.1.23546547049680621512637274020864714.png,/head/NFS/mkuyokwa/lungcxr/lung_cxr_segmentation/tb-inference-results/segments/tb_full/1.2.826.0.1.3680043.2.1125.1.23546547049680621512637274020864714.nrrd,,tb,1,0.984411042831571,0.9693006564153814,82.96987405076617,8.06882567587421,-0.0220708999981546,0.026333801814299,0.0057960317216531,good,val
/head/NFS/mkuyokwa/lungcxr/lung_cxr_segmentation/TB_Positive/2.25.184764483812700192203502987566586590642.png,/head/NFS/mkuyokwa/lungcxr/lung_cxr_segmentation/tb-inference-results/segments/tb_full/2.25.184764483812700192203502987566586590642.nrrd,,tb,1,0.96758566999719,0.9372067414005736,245.31204617792417,23.974592489063387,0.0435346029961914,0.0108839425639926,0.054344022677037,bad,val
/head/NFS/mkuyokwa/lungcxr/lung_cxr_segmentation/TB_Positive/1.2.826.0.1.3680043.2.1125.1.49631847600973790026955329198827426.png,/head/NFS/mkuyokwa/lungcxr/lung_cxr_segmentation/tb-inference-results/segments/tb_full/1.2.826.0.1.3680043.2.1125.1.49631847600973790026955329198827426.nrrd,,tb,1,0.9568871267094404,0.9173380476945752,371.5548411742202,33.83017932626576,0.0382900075879936,0.024435690891387,0.1760299601272414,bad,val
/head/NFS/mkuyokwa/lungcxr/lung_cxr_segmentation/TB_Positive/2.25.46630314496110811411754999084934633541.png,/head/NFS/mkuyokwa/lungcxr/lung_cxr_segmentation/tb-inference-results/segments/tb_full/2.25.46630314496110811411754999084934633541.nrrd,,tb,1,0.8121214169040059,0.6836737596424678,344.3094538347735,96.2687935002689,-0.030862308279856,0.200220109858778,0.1160585131478883,bad,val
/head/NFS/mkuyokwa/lungcxr/lung_cxr_segmentation/TB_Positive/1.2.826.0.1.3680043.2.1125.1.78701171321076456114984829919255435.png,/head/NFS/mkuyokwa/lungcxr/lung_cxr_segmentation/tb-inference-results/segments/tb_full/1.2.826.0.1.3680043.2.1125.1.78701171321076456114984829919255435.nrrd,,tb,1,0.8203327340461006,0.6953933178630378,198.1337931802649,40.460529305069706,0.2798495553622499,0.0462081539398651,0.3111508787566499,bad,val
/head/NFS/mkuyokwa/lungcxr/lung_cxr_segmentation/TB_Positive/1.2.826.0.1.3680043.2.1125.1.85999193717435869894823627256743895.png,/head/NFS/mkuyokwa/lungcxr/lung_cxr_segmentation/tb-inference-results/segments/tb_full/1.2.826.0.1.3680043.2.1125.1.85999193717435869894823627256743895.nrrd,,tb,1,0.8929007317087414,0.8065227367432733,202.4080037943164,20.395548946276705,0.1421488761584415,0.0387811808489237,0.0763248213892613,bad,val
/head/NFS/mkuyokwa/lungcxr/lung_cxr_segmentation/TB_Positive/2.25.51303617116792310451094935466033430302.png,/head/NFS/mkuyokwa/lungcxr/lung_cxr_segmentation/tb-inference-results/segments/tb_full/2.25.51303617116792310451094935466033430302.nrrd,,tb,1,0.8751016674415574,0.7779384519588063,429.8848683077831,82.11203378481778,0.2117224413576375,0.0212910034995648,0.1777641861150233,bad,val
/head/NFS/mkuyokwa/lungcxr/lung_cxr_segmentation/TB_Positive/2.25.77247285330705273156829546778837971291.png,/head/NFS/mkuyokwa/lungcxr/lung_cxr_segmentation/tb-inference-results/segments/tb_full/2.25.77247285330705273156829546778837971291.nrrd,,tb,1,0.960528599880191,0.924054860739296,378.4653220573848,30.70097724886613,0.0640948163229863,0.0076697888108495,0.1031285948789535,bad,val
/head/NFS/mkuyokwa/lungcxr/lung_cxr_segmentation/TB_Positive/2.25.193697784828896679670917630653266254440.png,/head/NFS/mkuyokwa/lungcxr/lung_cxr_segmentation/tb-inference-results/segments/tb_full/2.25.193697784828896679670917630653266254440.nrrd,,tb,1,0.92117009966899,0.8538603716733782,356.5571482946317,46.07260012836616,0.0866743884059244,0.0371005394094707,0.0955463500300883,bad,val
/head/NFS/mkuyokwa/lungcxr/lung_cxr_segmentation/TB_Positive/1.2.826.0.1.3680043.2.1125.1.23033626237516080601238741844903841.png,/head/NFS/mkuyokwa/lungcxr/lung_cxr_segmentation/tb-inference-results/segments/tb_full/1.2.826.0.1.3680043.2.1125.1.23033626237516080601238741844903841.nrrd,,tb,1,0.7161253385726382,0.5577844629914869,2330.105577007188,244.8449037060399,0.5330810099852117,0.0236334201857749,0.2753636034563423,bad,val
/head/NFS/mkuyokwa/lungcxr/lung_cxr_segmentation/TB_Positive/2.25.24773616600297914113545747173009899195.png,/head/NFS/mkuyokwa/lungcxr/lung_cxr_segmentation/tb-inference-results/segments/tb_full/2.25.24773616600297914113545747173009899195.nrrd,,tb,1,0.8929867460768607,0.806663102643269,639.0031298827886,80.122268594299,0.1416471811834214,0.0389481082009763,0.1634676356395187,bad,val
/head/NFS/mkuyokwa/lungcxr/lung_cxr_segmentation/TB_Positive/1.3.6.1.4.1.25403.158515237678667.5060.20130807020751.6.png,/head/NFS/mkuyokwa/lungcxr/lung_cxr_segmentation/tb-inference-results/segments/tb_full/1.3.6.1.4.1.25403.158515237678667.5060.20130807020751.6.nrrd,,tb,1,0.9723648390555092,0.9462160074026824,252.42028444639703,14.812778422520584,-0.0043921753269608,0.0297658801258342,0.013943278611046,bad,val
/head/NFS/mkuyokwa/lungcxr/lung_cxr_segmentation/TB_Positive/1.2.826.0.1.3680043.2.1125.1.53671994665430979354718684751278379.png,/head/NFS/mkuyokwa/lungcxr/lung_cxr_segmentation/tb-inference-results/segments/tb_full/1.2.826.0.1.3680043.2.1125.1.53671994665430979354718684751278379.nrrd,,tb,1,0.6454169531277505,0.4764690910742067,947.4518457420407,225.10107066433244,0.6223310560773115,0.0630304094828029,0.3277026502151778,bad,val
/head/NFS/mkuyokwa/lungcxr/lung_cxr_segmentation/TB_Positive/1.2.826.0.1.3680043.2.1125.1.24255494282936042649804232642162334.png,/head/NFS/mkuyokwa/lungcxr/lung_cxr_segmentation/tb-inference-results/segments/tb_full/1.2.826.0.1.3680043.2.1125.1.24255494282936042649804232642162334.nrrd,,tb,1,0.6048215299131176,0.4335083595975024,931.5175790075032,171.10404884487295,0.7557552358392038,0.0278094032068512,0.4395507845330767,bad,val
/head/NFS/mkuyokwa/lungcxr/lung_cxr_segmentation/TB_Positive/1.2.826.0.1.3680043.2.1125.1.37083588691048728297156905333582340.png,/head/NFS/mkuyokwa/lungcxr/lung_cxr_segmentation/tb-inference-results/segments/tb_full/1.2.826.0.1.3680043.2.1125.1.37083588691048728297156905333582340.nrrd,,tb,1,0.9187351677119548,0.8496856091840477,345.4750352775147,59.071319219848114,0.1375446116366607,0.0134151148508236,0.106565057956569,bad,val
/head/NFS/mkuyokwa/lungcxr/lung_cxr_segmentation/TB_Positive/1.2.826.0.1.3680043.2.1125.1.10130426241066916115685276826165986.png,/head/NFS/mkuyokwa/lungcxr/lung_cxr_segmentation/tb-inference-results/segments/tb_full/1.2.826.0.1.3680043.2.1125.1.10130426241066916115685276826165986.nrrd,,tb,1,0.951007216236168,0.9065908087793634,218.27734651126764,47.90840021979938,0.0791564609427434,0.0098025196753721,0.0752872038509031,bad,val
/head/NFS/mkuyokwa/lungcxr/lung_cxr_segmentation/TB_Positive/2.25.66654594759693710676620114924173455504.png,/head/NFS/mkuyokwa/lungcxr/lung_cxr_segmentation/tb-inference-results/segments/tb_full/2.25.66654594759693710676620114924173455504.nrrd,,tb,1,0.9540239930080198,0.9120897483601024,361.4000553403389,35.887703924495135,0.0422123647251023,0.025406049339909,0.0734756742011764,bad,val
/head/NFS/mkuyokwa/lungcxr/lung_cxr_segmentation/TB_Positive/1.2.826.0.1.3680043.2.1125.1.41170848688929891712173446166889180.png,/head/NFS/mkuyokwa/lungcxr/lung_cxr_segmentation/tb-inference-results/segments/tb_full/1.2.826.0.1.3680043.2.1125.1.41170848688929891712173446166889180.nrrd,,tb,1,0.8943491002178505,0.808889225698697,1212.4223686488135,115.3739495492674,-0.1436465067334253,0.1655815476958506,0.029333718756775,bad,val
/head/NFS/mkuyokwa/lungcxr/lung_cxr_segmentation/TB_Positive/1.2.826.0.1.3680043.2.1125.1.22870587557951434656949766437271066.png,/head/NFS/mkuyokwa/lungcxr/lung_cxr_segmentation/tb-inference-results/segments/tb_full/1.2.826.0.1.3680043.2.1125.1.22870587557951434656949766437271066.nrrd,,tb,1,0.8696909072901661,0.769427506953116,659.1206262893007,97.08533400999735,0.1039766510569818,0.0826158256173424,0.1129290218709075,bad,val
/head/NFS/mkuyokwa/lungcxr/lung_cxr_segmentation/normal_dataset/img/00003506_person1917_bacteria_4823.png,/head/NFS/mkuyokwa/lungcxr/lung_cxr_segmentation/normal-results/segments/normal_full/00003506_person1917_bacteria_4823.nrrd,/head/NFS/mkuyokwa/lungcxr/lung_cxr_segmentation/normal-results/segments/normal_ref_fixed/00003506_person1917_bacteria_4823_ref.nrrd,normal,0,0.9404877260981912,0.8876610014480604,36.89173349139343,5.098221775948166,0.0296552002583979,0.0453572123807669,0.0447608802669243,excellent,test
/head/NFS/mkuyokwa/lungcxr/lung_cxr_segmentation/normal_dataset/img/00005830_IM-0043-0001.png,/head/NFS/mkuyokwa/lungcxr/lung_cxr_segmentation/normal-results/segments/normal_full/00005830_IM-0043-0001.nrrd,/head/NFS/mkuyokwa/lungcxr/lung_cxr_segmentation/normal-results/segments/normal_ref_fixed/00005830_IM-0043-0001_ref.nrrd,normal,0,0.9715431130643364,0.9446610017451438,31.0,2.9972075437647425,0.0291865507032449,0.0140689232550024,0.0354854097102681,excellent,test
/head/NFS/mkuyokwa/lungcxr/lung_cxr_segmentation/normal_dataset/img/00005566_IM-0438-0001.png,/head/NFS/mkuyokwa/lungcxr/lung_cxr_segmentation/normal-results/segments/normal_full/00005566_IM-0438-0001.nrrd,/head/NFS/mkuyokwa/lungcxr/lung_cxr_segmentation/normal-results/segments/normal_ref_fixed/00005566_IM-0438-0001_ref.nrrd,normal,0,0.9339298847756804,0.8760492123720823,30.26549190084312,5.017304688131957,-0.0377543515567541,0.0833734359961501,0.0157425580634609,excellent,test
/head/NFS/mkuyokwa/lungcxr/lung_cxr_segmentation/normal_dataset/img/00000414_person88_virus_161.png,/head/NFS/mkuyokwa/lungcxr/lung_cxr_segmentation/normal-results/segments/normal_full/00000414_person88_virus_161.nrrd,/head/NFS/mkuyokwa/lungcxr/lung_cxr_segmentation/normal-results/segments/normal_ref_fixed/00000414_person88_virus_161_ref.nrrd,normal,0,0.9622795165559236,0.9273012645584748,30.52867504494749,3.3687347059317188,0.0129189879509152,0.0314642324888226,0.0308429811866859,excellent,test
/head/NFS/mkuyokwa/lungcxr/lung_cxr_segmentation/normal_dataset/img/00003230_person299_bacteria_1414.png,/head/NFS/mkuyokwa/lungcxr/lung_cxr_segmentation/normal-results/segments/normal_full/00003230_person299_bacteria_1414.nrrd,/head/NFS/mkuyokwa/lungcxr/lung_cxr_segmentation/normal-results/segments/normal_ref_fixed/00003230_person299_bacteria_1414_ref.nrrd,normal,0,0.943014333817874,0.8921732469883713,29.5296461204668,4.0915525523488245,-0.0520727915064309,0.0809153186758007,0.0141343745973411,excellent,test
/head/NFS/mkuyokwa/lungcxr/lung_cxr_segmentation/normal_dataset/img/00002185_person61_bacteria_297.png,/head/NFS/mkuyokwa/lungcxr/lung_cxr_segmentation/normal-results/segments/normal_full/00002185_person61_bacteria_297.nrrd,/head/NFS/mkuyokwa/lungcxr/lung_cxr_segmentation/normal-results/segments/normal_ref_fixed/00002185_person61_bacteria_297_ref.nrrd,normal,0,0.9434227726358784,0.8929047003875584,39.05124837953327,5.159472501515116,0.0242016347915562,0.0450212033287631,0.0389217815596084,excellent,test
/head/NFS/mkuyokwa/lungcxr/lung_cxr_segmentation/normal_dataset/img/00002570_person597_bacteria_2450.png,/head/NFS/mkuyokwa/lungcxr/lung_cxr_segmentation/normal-results/segments/normal_full/00002570_person597_bacteria_2450.nrrd,/head/NFS/mkuyokwa/lungcxr/lung_cxr_segmentation/normal-results/segments/normal_ref_fixed/00002570_person597_bacteria_2450_ref.nrrd,normal,0,0.9603394997285672,0.92370490124213,20.12461179749811,3.41942916512745,0.0109825865452875,0.0343578761730805,0.0259165158615069,excellent,test
/head/NFS/mkuyokwa/lungcxr/lung_cxr_segmentation/normal_dataset/img/00005908_NORMAL2-IM-0135-0001.png,/head/NFS/mkuyokwa/lungcxr/lung_cxr_segmentation/normal-results/segments/normal_full/00005908_NORMAL2-IM-0135-0001.nrrd,/head/NFS/mkuyokwa/lungcxr/lung_cxr_segmentation/normal-results/segments/normal_ref_fixed/00005908_NORMAL2-IM-0135-0001_ref.nrrd,normal,0,0.9708100805738272,0.943275932118636,16.97056274847714,2.16157094804217,-0.0181090078643915,0.0379012463740397,0.0062787735328632,excellent,test
/head/NFS/mkuyokwa/lungcxr/lung_cxr_segmentation/normal_dataset/img/00005380_IM-0552-0001.png,/head/NFS/mkuyokwa/lungcxr/lung_cxr_segmentation/normal-results/segments/normal_full/00005380_IM-0552-0001.nrrd,/head/NFS/mkuyokwa/lungcxr/lung_cxr_segmentation/normal-results/segments/normal_ref_fixed/00005380_IM-0552-0001_ref.nrrd,normal,0,0.9507232591320892,0.9060748438450058,26.40075756488817,4.309124375242422,-0.0077487907014511,0.0529460024728163,0.0222889130595718,excellent,test
/head/NFS/mkuyokwa/lungcxr/lung_cxr_segmentation/normal_dataset/img/00004203_person1345_bacteria_3427.png,/head/NFS/mkuyokwa/lungcxr/lung_cxr_segmentation/normal-results/segments/normal_full/00004203_person1345_bacteria_3427.nrrd,/head/NFS/mkuyokwa/lungcxr/lung_cxr_segmentation/normal-results/segments/normal_ref_fixed/00004203_person1345_bacteria_3427_ref.nrrd,normal,0,0.9452012715648104,0.8960963320149536,32.01562118716424,4.310536171806755,-0.0065006965031967,0.057861008259755,0.0187991079802421,excellent,test
/head/NFS/mkuyokwa/lungcxr/lung_cxr_segmentation/normal_dataset/img/00000467_person793_virus_1424.png,/head/NFS/mkuyokwa/lungcxr/lung_cxr_segmentation/normal-results/segments/normal_full/00000467_person793_virus_1424.nrrd,/head/NFS/mkuyokwa/lungcxr/lung_cxr_segmentation/normal-results/segments/normal_ref_fixed/00000467_person793_virus_1424_ref.nrrd,normal,0,0.959707297930541,0.9225358363289398,23.706539182259394,3.2968545515436696,-0.0113341258757401,0.0457007758343662,0.0171416817132539,excellent,test
/head/NFS/mkuyokwa/lungcxr/lung_cxr_segmentation/normal_dataset/img/00005802_IM-0007-0001.png,/head/NFS/mkuyokwa/lungcxr/lung_cxr_segmentation/normal-results/segments/normal_full/00005802_IM-0007-0001.nrrd,/head/NFS/mkuyokwa/lungcxr/lung_cxr_segmentation/normal-results/segments/normal_ref_fixed/00005802_IM-0007-0001_ref.nrrd,normal,0,0.9666838059829398,0.9355159742778402,39.319206502675,3.156493743460957,-0.0596184524515814,0.0612981692484957,0.0027521227212216,excellent,test
/head/NFS/mkuyokwa/lungcxr/lung_cxr_segmentation/normal_dataset/img/00005723_IM-0209-0001.png,/head/NFS/mkuyokwa/lungcxr/lung_cxr_segmentation/normal-results/segments/normal_full/00005723_IM-0209-0001.nrrd,/head/NFS/mkuyokwa/lungcxr/lung_cxr_segmentation/normal-results/segments/normal_ref_fixed/00005723_IM-0209-0001_ref.nrrd,normal,0,0.9539032988036314,0.911869139547711,30.463092423455635,3.1093476843104706,-0.0254419891993256,0.0580788747440576,0.0089863529777307,excellent,test
/head/NFS/mkuyokwa/lungcxr/lung_cxr_segmentation/normal_dataset/img/00004591_NORMAL2-IM-1188-0001.png,/head/NFS/mkuyokwa/lungcxr/lung_cxr_segmentation/normal-results/segments/normal_full/00004591_NORMAL2-IM-1188-0001.nrrd,/head/NFS/mkuyokwa/lungcxr/lung_cxr_segmentation/normal-results/segments/normal_ref_fixed/00004591_NORMAL2-IM-1188-0001_ref.nrrd,normal,0,0.9711824095211716,0.9439792034165816,11.0,2.8845949339361385,0.0178235412109692,0.0200848111025443,0.0249393878169512,excellent,test
/head/NFS/mkuyokwa/lungcxr/lung_cxr_segmentation/normal_dataset/img/00001311_person1312_virus_2261.png,/head/NFS/mkuyokwa/lungcxr/lung_cxr_segmentation/normal-results/segments/normal_full/00001311_person1312_virus_2261.nrrd,/head/NFS/mkuyokwa/lungcxr/lung_cxr_segmentation/normal-results/segments/normal_ref_fixed/00001311_person1312_virus_2261_ref.nrrd,normal,0,0.9543462942457362,0.912679110678746,28.0,3.856422179568073,-0.0009218689568575,0.0460933941980787,0.0254282256285511,excellent,test
/head/NFS/mkuyokwa/lungcxr/lung_cxr_segmentation/normal_dataset/img/00005857_IM-0097-0001.png,/head/NFS/mkuyokwa/lungcxr/lung_cxr_segmentation/normal-results/segments/normal_full/00005857_IM-0097-0001.nrrd,/head/NFS/mkuyokwa/lungcxr/lung_cxr_segmentation/normal-results/segments/normal_ref_fixed/00005857_IM-0097-0001_ref.nrrd,normal,0,0.9610743647502762,0.9250655986742162,21.095023109728988,2.9338200049183527,-0.0025539119330817,0.0401513197489467,0.0136412314538516,excellent,test
/head/NFS/mkuyokwa/lungcxr/lung_cxr_segmentation/normal_dataset/img/00005964_NORMAL2-IM-0292-0001.png,/head/NFS/mkuyokwa/lungcxr/lung_cxr_segmentation/normal-results/segments/normal_full/00005964_NORMAL2-IM-0292-0001.nrrd,/head/NFS/mkuyokwa/lungcxr/lung_cxr_segmentation/normal-results/segments/normal_ref_fixed/00005964_NORMAL2-IM-0292-0001_ref.nrrd,normal,0,0.966289071680376,0.9347768754376552,36.40054944640259,3.259037834006244,-0.0088554641598119,0.0379705370346105,0.0200582106659454,excellent,test
/head/NFS/mkuyokwa/lungcxr/lung_cxr_segmentation/normal_dataset/img/00006362_person77_virus_139.png,/head/NFS/mkuyokwa/lungcxr/lung_cxr_segmentation/normal-results/segments/normal_full/00006362_person77_virus_139.nrrd,/head/NFS/mkuyokwa/lungcxr/lung_cxr_segmentation/normal-results/segments/normal_ref_fixed/00006362_person77_virus_139_ref.nrrd,normal,0,0.9616589090753096,0.9261493332782466,19.697715603592208,3.2527494099908254,0.0313163595804465,0.023043734065503,0.0295547129054601,excellent,test
/head/NFS/mkuyokwa/lungcxr/lung_cxr_segmentation/normal_dataset/img/00000546_person621_virus_1195.png,/head/NFS/mkuyokwa/lungcxr/lung_cxr_segmentation/normal-results/segments/normal_full/00000546_person621_virus_1195.nrrd,/head/NFS/mkuyokwa/lungcxr/lung_cxr_segmentation/normal-results/segments/normal_ref_fixed/00000546_person621_virus_1195_ref.nrrd,normal,0,0.9496512462535684,0.9041294549703698,41.593268686170845,4.335371817371401,-0.0596908611724481,0.0778701171563254,0.0111258451420314,excellent,test
/head/NFS/mkuyokwa/lungcxr/lung_cxr_segmentation/normal_dataset/img/00000938_person278_virus_573.png,/head/NFS/mkuyokwa/lungcxr/lung_cxr_segmentation/normal-results/segments/normal_full/00000938_person278_virus_573.nrrd,/head/NFS/mkuyokwa/lungcxr/lung_cxr_segmentation/normal-results/segments/normal_ref_fixed/00000938_person278_virus_573_ref.nrrd,normal,0,0.8315338812066335,0.711645693300315,141.4496376806954,16.596627065737056,0.2501451700211604,0.0495967242989077,0.1721530531553216,good,test
/head/NFS/mkuyokwa/lungcxr/lung_cxr_segmentation/normal_dataset/img/00001629_person100_virus_184.png,/head/NFS/mkuyokwa/lungcxr/lung_cxr_segmentation/normal-results/segments/normal_full/00001629_person100_virus_184.nrrd,/head/NFS/mkuyokwa/lungcxr/lung_cxr_segmentation/normal-results/segments/normal_ref_fixed/00001629_person100_virus_184_ref.nrrd,normal,0,0.9450374574006516,0.8958019069304113,53.0,5.11356005902883,-0.0413057294559794,0.0740853329672377,0.0214026609726098,good,test
/head/NFS/mkuyokwa/lungcxr/lung_cxr_segmentation/normal_dataset/img/00002829_person413_bacteria_1830.png,/head/NFS/mkuyokwa/lungcxr/lung_cxr_segmentation/normal-results/segments/normal_full/00002829_person413_bacteria_1830.nrrd,/head/NFS/mkuyokwa/lungcxr/lung_cxr_segmentation/normal-results/segments/normal_ref_fixed/00002829_person413_bacteria_1830_ref.nrrd,normal,0,0.9388289013910506,0.8847102061314401,72.3394774656273,6.217168479308093,-0.0966892149678732,0.1044653688406215,0.0060311295126687,good,test
/head/NFS/mkuyokwa/lungcxr/lung_cxr_segmentation/normal_dataset/img/00002750_person510_bacteria_2149.png,/head/NFS/mkuyokwa/lungcxr/lung_cxr_segmentation/normal-results/segments/normal_full/00002750_person510_bacteria_2149.nrrd,/head/NFS/mkuyokwa/lungcxr/lung_cxr_segmentation/normal-results/segments/normal_ref_fixed/00002750_person510_bacteria_2149_ref.nrrd,normal,0,0.9032083458865462,0.8235003817717936,98.65596788841516,8.616221597045236,-0.1713602916770922,0.1680714164769627,0.006981609106893,good,test
/head/NFS/mkuyokwa/lungcxr/lung_cxr_segmentation/normal_dataset/img/00003892_person1463_bacteria_3809.png,/head/NFS/mkuyokwa/lungcxr/lung_cxr_segmentation/normal-results/segments/normal_full/00003892_person1463_bacteria_3809.nrrd,/head/NFS/mkuyokwa/lungcxr/lung_cxr_segmentation/normal-results/segments/normal_ref_fixed/00003892_person1463_bacteria_3809_ref.nrrd,normal,0,0.9040733849271722,0.8249397108282597,84.77027781009096,9.286538336016744,-0.0904511893051424,0.1350447314412708,0.0245931325488212,good,test
/head/NFS/mkuyokwa/lungcxr/lung_cxr_segmentation/normal_dataset/img/00003984_person1372_bacteria_3503.png,/head/NFS/mkuyokwa/lungcxr/lung_cxr_segmentation/normal-results/segments/normal_full/00003984_person1372_bacteria_3503.nrrd,/head/NFS/mkuyokwa/lungcxr/lung_cxr_segmentation/normal-results/segments/normal_ref_fixed/00003984_person1372_bacteria_3503_ref.nrrd,normal,0,0.9102889076651696,0.8353488498632895,48.05205510693585,7.014242426526487,0.0968856079809074,0.0433692147118844,0.047082358765553,good,test
/head/NFS/mkuyokwa/lungcxr/lung_cxr_segmentation/normal_dataset/img/00007073_SARS-10.1148rg.242035193-g04mr34g09a-Fig9a-day17.png,/head/NFS/mkuyokwa/lungcxr/lung_cxr_segmentation/normal-results/segments/normal_full/00007073_SARS-10.1148rg.242035193-g04mr34g09a-Fig9a-day17.nrrd,/head/NFS/mkuyokwa/lungcxr/lung_cxr_segmentation/normal-results/segments/normal_ref_fixed/00007073_SARS-10.1148rg.242035193-g04mr34g09a-Fig9a-day17_ref.nrrd,normal,0,0.9045792017539488,0.8257823871906841,123.8587905640936,12.442072451598834,0.1517917032392093,0.0211285131234031,0.1578293172123506,good,test
/head/NFS/mkuyokwa/lungcxr/lung_cxr_segmentation/normal_dataset/img/00002747_person509_bacteria_2146.png,/head/NFS/mkuyokwa/lungcxr/lung_cxr_segmentation/normal-results/segments/normal_full/00002747_person509_bacteria_2146.nrrd,/head/NFS/mkuyokwa/lungcxr/lung_cxr_segmentation/normal-results/segments/normal_ref_fixed/00002747_person509_bacteria_2146_ref.nrrd,normal,0,0.9358465120689472,0.8794281301360369,120.42009799032718,6.873386861171809,-0.0991012822268814,0.1083360102794731,0.0085277613703484,good,test
/head/NFS/mkuyokwa/lungcxr/lung_cxr_segmentation/normal_dataset/img/00003722_person1739_bacteria_4576.png,/head/NFS/mkuyokwa/lungcxr/lung_cxr_segmentation/normal-results/segments/normal_full/00003722_person1739_bacteria_4576.nrrd,/head/NFS/mkuyokwa/lungcxr/lung_cxr_segmentation/normal-results/segments/normal_ref_fixed/00003722_person1739_bacteria_4576_ref.nrrd,normal,0,0.9054290161695098,0.8271999071279312,115.03912377969506,12.128969141462584,-0.0547285491915245,0.1186874621216806,0.0291737684301103,good,test
/head/NFS/mkuyokwa/lungcxr/lung_cxr_segmentation/normal_dataset/img/00002079_person767_bacteria_2671.png,/head/NFS/mkuyokwa/lungcxr/lung_cxr_segmentation/normal-results/segments/normal_full/00002079_person767_bacteria_2671.nrrd,/head/NFS/mkuyokwa/lungcxr/lung_cxr_segmentation/normal-results/segments/normal_ref_fixed/00002079_person767_bacteria_2671_ref.nrrd,normal,0,0.8167504223197305,0.6902604807355596,77.89736837660179,15.564699510334652,0.3058763532824071,0.0357841661649608,0.1734661433207613,good,test
/head/NFS/mkuyokwa/lungcxr/lung_cxr_segmentation/normal_dataset/img/00006581_10.1016-slash-j.cardfail.2020.04.007-a.png,/head/NFS/mkuyokwa/lungcxr/lung_cxr_segmentation/normal-results/segments/normal_full/00006581_10.1016-slash-j.cardfail.2020.04.007-a.nrrd,/head/NFS/mkuyokwa/lungcxr/lung_cxr_segmentation/normal-results/segments/normal_ref_fixed/00006581_10.1016-slash-j.cardfail.2020.04.007-a_ref.nrrd,normal,0,0.8928231926682597,0.8063962203290135,75.0,9.697261966742484,0.0414589952994931,0.0882772527861502,0.0720895124766894,good,test
/head/NFS/mkuyokwa/lungcxr/lung_cxr_segmentation/normal_dataset/img/00001227_person1383_virus_2377.png,/head/NFS/mkuyokwa/lungcxr/lung_cxr_segmentation/normal-results/segments/normal_full/00001227_person1383_virus_2377.nrrd,/head/NFS/mkuyokwa/lungcxr/lung_cxr_segmentation/normal-results/segments/normal_ref_fixed/00001227_person1383_virus_2377_ref.nrrd,normal,0,0.8860103985655241,0.7953488950207572,69.28924880528002,9.434666962227157,0.1212242891659685,0.0568215317493072,0.0648996397323726,good,test
/head/NFS/mkuyokwa/lungcxr/lung_cxr_segmentation/normal_dataset/img/00006365_person1608_virus_2786.png,/head/NFS/mkuyokwa/lungcxr/lung_cxr_segmentation/normal-results/segments/normal_full/00006365_person1608_virus_2786.nrrd,/head/NFS/mkuyokwa/lungcxr/lung_cxr_segmentation/normal-results/segments/normal_ref_fixed/00006365_person1608_virus_2786_ref.nrrd,normal,0,0.9606284061776672,0.9242396192923804,58.7962583843564,3.992045839089743,-0.0140916010662078,0.0460926348442786,0.0164923688146398,good,test
/head/NFS/mkuyokwa/lungcxr/lung_cxr_segmentation/normal_dataset/img/00001426_person1186_virus_2021.png,/head/NFS/mkuyokwa/lungcxr/lung_cxr_segmentation/normal-results/segments/normal_full/00001426_person1186_virus_2021.nrrd,/head/NFS/mkuyokwa/lungcxr/lung_cxr_segmentation/normal-results/segments/normal_ref_fixed/00001426_person1186_virus_2021_ref.nrrd,normal,0,0.854978810375402,0.7466925661486771,110.01818031580054,13.963013590621609,0.139841503611754,0.0807462783032078,0.12671431102711,good,test
/head/NFS/mkuyokwa/lungcxr/lung_cxr_segmentation/normal_dataset/img/00002104_person808_bacteria_2716.png,/head/NFS/mkuyokwa/lungcxr/lung_cxr_segmentation/normal-results/segments/normal_full/00002104_person808_bacteria_2716.nrrd,/head/NFS/mkuyokwa/lungcxr/lung_cxr_segmentation/normal-results/segments/normal_ref_fixed/00002104_person808_bacteria_2716_ref.nrrd,normal,0,0.8899429271979575,0.8017091634320517,63.0317380372777,8.639224335630251,0.1167998762133177,0.0548610145495455,0.0773240090693036,good,test
/head/NFS/mkuyokwa/lungcxr/lung_cxr_segmentation/normal_dataset/img/00001250_person1416_virus_2427.png,/head/NFS/mkuyokwa/lungcxr/lung_cxr_segmentation/normal-results/segments/normal_full/00001250_person1416_virus_2427.nrrd,/head/NFS/mkuyokwa/lungcxr/lung_cxr_segmentation/normal-results/segments/normal_ref_fixed/00001250_person1416_virus_2427_ref.nrrd,normal,0,0.9099844828798044,0.8348362647937065,58.69412236331676,7.730505033175784,0.1234989754375341,0.0301263138484233,0.0800280540096706,good,test
/head/NFS/mkuyokwa/lungcxr/lung_cxr_segmentation/normal_dataset/img/00000515_person868_virus_1513.png,/head/NFS/mkuyokwa/lungcxr/lung_cxr_segmentation/normal-results/segments/normal_full/00000515_person868_virus_1513.nrrd,/head/NFS/mkuyokwa/lungcxr/lung_cxr_segmentation/normal-results/segments/normal_ref_fixed/00000515_person868_virus_1513_ref.nrrd,normal,0,0.9298867709093216,0.8689611020877545,56.0357029044876,5.633193857679338,-0.0540581686701132,0.0945857472854619,0.0187426527807672,good,test
/head/NFS/mkuyokwa/lungcxr/lung_cxr_segmentation/normal_dataset/img/00001233_person1395_virus_2398.png,/head/NFS/mkuyokwa/lungcxr/lung_cxr_segmentation/normal-results/segments/normal_full/00001233_person1395_virus_2398.nrrd,/head/NFS/mkuyokwa/lungcxr/lung_cxr_segmentation/normal-results/segments/normal_ref_fixed/00001233_person1395_virus_2398_ref.nrrd,normal,0,0.9048217803081404,0.8261867922854805,59.6657355607052,8.228283828690575,0.1303472653193383,0.0320964278292192,0.0846408021420839,good,test
/head/NFS/mkuyokwa/lungcxr/lung_cxr_segmentation/normal_dataset/img/00001042_person151_virus_301.png,/head/NFS/mkuyokwa/lungcxr/lung_cxr_segmentation/normal-results/segments/normal_full/00001042_person151_virus_301.nrrd,/head/NFS/mkuyokwa/lungcxr/lung_cxr_segmentation/normal-results/segments/normal_ref_fixed/00001042_person151_virus_301_ref.nrrd,normal,0,0.9220397219980738,0.8553559354776393,51.62363799656123,6.2374333965888535,0.1017257984746336,0.0285494885226119,0.0523100339291187,good,test
/head/NFS/mkuyokwa/lungcxr/lung_cxr_segmentation/normal_dataset/img/00006873_covid-19-pneumonia-20-l-on-admission.png,/head/NFS/mkuyokwa/lungcxr/lung_cxr_segmentation/normal-results/segments/normal_full/00006873_covid-19-pneumonia-20-l-on-admission.nrrd,/head/NFS/mkuyokwa/lungcxr/lung_cxr_segmentation/normal-results/segments/normal_ref_fixed/00006873_covid-19-pneumonia-20-l-on-admission_ref.nrrd,normal,0,,,,,,,,bad,test
/head/NFS/mkuyokwa/lungcxr/lung_cxr_segmentation/normal_dataset/img/00006736_16745_7_3.png,/head/NFS/mkuyokwa/lungcxr/lung_cxr_segmentation/normal-results/segments/normal_full/00006736_16745_7_3.nrrd,/head/NFS/mkuyokwa/lungcxr/lung_cxr_segmentation/normal-results/segments/normal_ref_fixed/00006736_16745_7_3_ref.nrrd,normal,0,,,,,,,,bad,test
/head/NFS/mkuyokwa/lungcxr/lung_cxr_segmentation/normal_dataset/img/00001641_person1015_virus_1702.png,/head/NFS/mkuyokwa/lungcxr/lung_cxr_segmentation/normal-results/segments/normal_full/00001641_person1015_virus_1702.nrrd,/head/NFS/mkuyokwa/lungcxr/lung_cxr_segmentation/normal-results/segments/normal_ref_fixed/00001641_person1015_virus_1702_ref.nrrd,normal,0,0.785539383953499,0.6468216207049247,157.9271984174987,20.7231117401585,0.2806535768227379,0.0862348932545386,0.1658021945115821,bad,test
/head/NFS/mkuyokwa/lungcxr/lung_cxr_segmentation/normal_dataset/img/00006933_D5ACAA93-C779-4E22-ADFA-6A220489F840.png,/head/NFS/mkuyokwa/lungcxr/lung_cxr_segmentation/normal-results/segments/normal_full/00006933_D5ACAA93-C779-4E22-ADFA-6A220489F840.nrrd,/head/NFS/mkuyokwa/lungcxr/lung_cxr_segmentation/normal-results/segments/normal_ref_fixed/00006933_D5ACAA93-C779-4E22-ADFA-6A220489F840_ref.nrrd,normal,0,,,,,,,,bad,test
/head/NFS/mkuyokwa/lungcxr/lung_cxr_segmentation/normal_dataset/img/00006628_254B82FC-817D-4E2F-AB6E-1351341F0E38.png,/head/NFS/mkuyokwa/lungcxr/lung_cxr_segmentation/normal-results/segments/normal_full/00006628_254B82FC-817D-4E2F-AB6E-1351341F0E38.nrrd,/head/NFS/mkuyokwa/lungcxr/lung_cxr_segmentation/normal-results/segments/normal_ref_fixed/00006628_254B82FC-817D-4E2F-AB6E-1351341F0E38_ref.nrrd,normal,0,,,,,,,,bad,test
/head/NFS/mkuyokwa/lungcxr/lung_cxr_segmentation/normal_dataset/img/00000440_person755_virus_1382.png,/head/NFS/mkuyokwa/lungcxr/lung_cxr_segmentation/normal-results/segments/normal_full/00000440_person755_virus_1382.nrrd,/head/NFS/mkuyokwa/lungcxr/lung_cxr_segmentation/normal-results/segments/normal_ref_fixed/00000440_person755_virus_1382_ref.nrrd,normal,0,0.7739002145922748,0.6311886061825899,152.00328943809075,21.637678054295257,0.4133941344778254,0.0244581450131307,0.2791126795486129,bad,test
/head/NFS/mkuyokwa/lungcxr/lung_cxr_segmentation/normal_dataset/img/00006586_10.1016-slash-j.crad.2020.04.002-c.png,/head/NFS/mkuyokwa/lungcxr/lung_cxr_segmentation/normal-results/segments/normal_full/00006586_10.1016-slash-j.crad.2020.04.002-c.nrrd,/head/NFS/mkuyokwa/lungcxr/lung_cxr_segmentation/normal-results/segments/normal_ref_fixed/00006586_10.1016-slash-j.crad.2020.04.002-c_ref.nrrd,normal,0,0.771647120665591,0.6281966148715451,210.6418761785035,25.57497218925504,0.3817542460439739,0.0463165204924,0.2675872202328958,bad,test
/head/NFS/mkuyokwa/lungcxr/lung_cxr_segmentation/normal_dataset/img/00006606_44C8E3D6-20DA-42E9-B33B-96FA6D6DE12F.png,/head/NFS/mkuyokwa/lungcxr/lung_cxr_segmentation/normal-results/segments/normal_full/00006606_44C8E3D6-20DA-42E9-B33B-96FA6D6DE12F.nrrd,/head/NFS/mkuyokwa/lungcxr/lung_cxr_segmentation/normal-results/segments/normal_ref_fixed/00006606_44C8E3D6-20DA-42E9-B33B-96FA6D6DE12F_ref.nrrd,normal,0,,,,,,,,bad,test
/head/NFS/mkuyokwa/lungcxr/lung_cxr_segmentation/normal_dataset/img/00006463_1-s2.0-S0929664620300449-gr3_lrg-c.png,/head/NFS/mkuyokwa/lungcxr/lung_cxr_segmentation/normal-results/segments/normal_full/00006463_1-s2.0-S0929664620300449-gr3_lrg-c.nrrd,/head/NFS/mkuyokwa/lungcxr/lung_cxr_segmentation/normal-results/segments/normal_ref_fixed/00006463_1-s2.0-S0929664620300449-gr3_lrg-c_ref.nrrd,normal,0,,,,,,,,bad,test
/head/NFS/mkuyokwa/lungcxr/lung_cxr_segmentation/normal_dataset/img/00007033_pneumocystis-pneumonia-2-L.png,/head/NFS/mkuyokwa/lungcxr/lung_cxr_segmentation/normal-results/segments/normal_full/00007033_pneumocystis-pneumonia-2-L.nrrd,/head/NFS/mkuyokwa/lungcxr/lung_cxr_segmentation/normal-results/segments/normal_ref_fixed/00007033_pneumocystis-pneumonia-2-L_ref.nrrd,normal,0,,,,,,,,bad,test
/head/NFS/mkuyokwa/lungcxr/lung_cxr_segmentation/normal_dataset/img/00006877_covid-19-pneumonia-22-day1-pa.png,/head/NFS/mkuyokwa/lungcxr/lung_cxr_segmentation/normal-results/segments/normal_full/00006877_covid-19-pneumonia-22-day1-pa.nrrd,/head/NFS/mkuyokwa/lungcxr/lung_cxr_segmentation/normal-results/segments/normal_ref_fixed/00006877_covid-19-pneumonia-22-day1-pa_ref.nrrd,normal,0,0.7941937022025786,0.6586411960638184,112.16059914247964,14.73083347153573,-0.120234012507565,0.2508433526511547,0.0388765727540998,bad,test
/head/NFS/mkuyokwa/lungcxr/lung_cxr_segmentation/normal_dataset/img/00006707_16689_2_2.png,/head/NFS/mkuyokwa/lungcxr/lung_cxr_segmentation/normal-results/segments/normal_full/00006707_16689_2_2.nrrd,/head/NFS/mkuyokwa/lungcxr/lung_cxr_segmentation/normal-results/segments/normal_ref_fixed/00006707_16689_2_2_ref.nrrd,normal,0,,,,,,,,bad,test
/head/NFS/mkuyokwa/lungcxr/lung_cxr_segmentation/normal_dataset/img/00006832_cavitating-pneumonia-4-day0-L.png,/head/NFS/mkuyokwa/lungcxr/lung_cxr_segmentation/normal-results/segments/normal_full/00006832_cavitating-pneumonia-4-day0-L.nrrd,/head/NFS/mkuyokwa/lungcxr/lung_cxr_segmentation/normal-results/segments/normal_ref_fixed/00006832_cavitating-pneumonia-4-day0-L_ref.nrrd,normal,0,,,,,,,,bad,test
/head/NFS/mkuyokwa/lungcxr/lung_cxr_segmentation/normal_dataset/img/00006735_16745_7_2.png,/head/NFS/mkuyokwa/lungcxr/lung_cxr_segmentation/normal-results/segments/normal_full/00006735_16745_7_2.nrrd,/head/NFS/mkuyokwa/lungcxr/lung_cxr_segmentation/normal-results/segments/normal_ref_fixed/00006735_16745_7_2_ref.nrrd,normal,0,,,,,,,,bad,test
/head/NFS/mkuyokwa/lungcxr/lung_cxr_segmentation/normal_dataset/img/00006434_0a7faa2a.png,/head/NFS/mkuyokwa/lungcxr/lung_cxr_segmentation/normal-results/segments/normal_full/00006434_0a7faa2a.nrrd,/head/NFS/mkuyokwa/lungcxr/lung_cxr_segmentation/normal-results/segments/normal_ref_fixed/00006434_0a7faa2a_ref.nrrd,normal,0,0.8058319660113918,0.674806177251165,171.3534359153618,26.63255838433656,-0.3552208822813792,0.3157058243889,0.007909873930796,bad,test
/head/NFS/mkuyokwa/lungcxr/lung_cxr_segmentation/normal_dataset/img/00006678_16630_6_1.png,/head/NFS/mkuyokwa/lungcxr/lung_cxr_segmentation/normal-results/segments/normal_full/00006678_16630_6_1.nrrd,/head/NFS/mkuyokwa/lungcxr/lung_cxr_segmentation/normal-results/segments/normal_ref_fixed/00006678_16630_6_1_ref.nrrd,normal,0,,,,,,,,bad,test
/head/NFS/mkuyokwa/lungcxr/lung_cxr_segmentation/normal_dataset/img/00006717_16744_2_2.png,/head/NFS/mkuyokwa/lungcxr/lung_cxr_segmentation/normal-results/segments/normal_full/00006717_16744_2_2.nrrd,/head/NFS/mkuyokwa/lungcxr/lung_cxr_segmentation/normal-results/segments/normal_ref_fixed/00006717_16744_2_2_ref.nrrd,normal,0,,,,,,,,bad,test
/head/NFS/mkuyokwa/lungcxr/lung_cxr_segmentation/normal_dataset/img/00006636_396A81A5-982C-44E9-A57E-9B1DC34E2C08.png,/head/NFS/mkuyokwa/lungcxr/lung_cxr_segmentation/normal-results/segments/normal_full/00006636_396A81A5-982C-44E9-A57E-9B1DC34E2C08.nrrd,/head/NFS/mkuyokwa/lungcxr/lung_cxr_segmentation/normal-results/segments/normal_ref_fixed/00006636_396A81A5-982C-44E9-A57E-9B1DC34E2C08_ref.nrrd,normal,0,,,,,,,,bad,test
/head/NFS/mkuyokwa/lungcxr/lung_cxr_segmentation/normal_dataset/img/00003900_person1472_bacteria_3833.png,/head/NFS/mkuyokwa/lungcxr/lung_cxr_segmentation/normal-results/segments/normal_full/00003900_person1472_bacteria_3833.nrrd,/head/NFS/mkuyokwa/lungcxr/lung_cxr_segmentation/normal-results/segments/normal_ref_fixed/00003900_person1472_bacteria_3833_ref.nrrd,normal,0,0.7293405558551525,0.5739858616058986,196.02295783912652,22.70005694266521,0.3829170724640014,0.0979552830151113,0.1354634125624655,bad,test
/head/NFS/mkuyokwa/lungcxr/lung_cxr_segmentation/TB_Positive/1.2.826.0.1.3680043.2.1125.1.29489276987968252983356730960475142.png,/head/NFS/mkuyokwa/lungcxr/lung_cxr_segmentation/tb-inference-results/segments/tb_full/1.2.826.0.1.3680043.2.1125.1.29489276987968252983356730960475142.nrrd,,tb,1,0.989719956181347,0.9796491202977812,26.90724809414742,2.257531331688619,0.0003738854555848,0.0100949882755057,0.0087109061446837,excellent,test
/head/NFS/mkuyokwa/lungcxr/lung_cxr_segmentation/TB_Positive/1.3.6.1.4.1.25403.158515237678667.5060.20130807023207.12.png,/head/NFS/mkuyokwa/lungcxr/lung_cxr_segmentation/tb-inference-results/segments/tb_full/1.3.6.1.4.1.25403.158515237678667.5060.20130807023207.12.nrrd,,tb,1,0.9870394351996058,0.974410524455218,38.91015291668744,5.726970736061663,0.0085066895094138,0.0087444130490624,0.01083036906293,excellent,test
/head/NFS/mkuyokwa/lungcxr/lung_cxr_segmentation/TB_Positive/1.2.826.0.1.3680043.2.1125.1.13202140979519357729133075938596610.png,/head/NFS/mkuyokwa/lungcxr/lung_cxr_segmentation/tb-inference-results/segments/tb_full/1.2.826.0.1.3680043.2.1125.1.13202140979519357729133075938596610.nrrd,,tb,1,0.979158171356078,0.9591673694021572,16.15549442140351,0.803735911241003,-0.0048026822527298,0.0231874887000542,0.015491778319123,excellent,test
/head/NFS/mkuyokwa/lungcxr/lung_cxr_segmentation/TB_Positive/1.2.826.0.1.3680043.2.1125.1.79340382294523335531291426489571709.png,/head/NFS/mkuyokwa/lungcxr/lung_cxr_segmentation/tb-inference-results/segments/tb_full/1.2.826.0.1.3680043.2.1125.1.79340382294523335531291426489571709.nrrd,,tb,1,0.9833788254521312,0.9673011442924924,34.655446902326915,3.1944493271958447,-0.0004335465126176,0.0168342985784571,0.0128285689941635,excellent,test
/head/NFS/mkuyokwa/lungcxr/lung_cxr_segmentation/TB_Positive/1.2.826.0.1.3680043.2.1125.1.36460430201892967849382453018662225.png,/head/NFS/mkuyokwa/lungcxr/lung_cxr_segmentation/tb-inference-results/segments/tb_full/1.2.826.0.1.3680043.2.1125.1.36460430201892967849382453018662225.nrrd,,tb,1,0.9825725696929964,0.9657421654107652,18.027756377319943,2.037028937456984,-0.0171263806471898,0.0257699476641217,0.0109955768736048,excellent,test
/head/NFS/mkuyokwa/lungcxr/lung_cxr_segmentation/TB_Positive/1.2.826.0.1.3680043.2.1125.1.637491749891688368559507562628277.png,/head/NFS/mkuyokwa/lungcxr/lung_cxr_segmentation/tb-inference-results/segments/tb_full/1.2.826.0.1.3680043.2.1125.1.637491749891688368559507562628277.nrrd,,tb,1,0.9864353426007136,0.9732337600758654,8.48528137423857,0.9224597306886348,-0.0032920426283476,0.0151856827559735,0.0185524593229848,excellent,test
/head/NFS/mkuyokwa/lungcxr/lung_cxr_segmentation/TB_Positive/1.2.826.0.1.3680043.2.1125.1.96633939217359792465209517076776782.png,/head/NFS/mkuyokwa/lungcxr/lung_cxr_segmentation/tb-inference-results/segments/tb_full/1.2.826.0.1.3680043.2.1125.1.96633939217359792465209517076776782.nrrd,,tb,1,0.9747532136730642,0.9507498357202654,32.0,5.0437701943118585,0.0272506093952422,0.0117820151760401,0.034919292660482,excellent,test
/head/NFS/mkuyokwa/lungcxr/lung_cxr_segmentation/TB_Positive/1.2.840.114062.2.192.168.196.13.2019.12.11.10.49.52.9403859.png,/head/NFS/mkuyokwa/lungcxr/lung_cxr_segmentation/tb-inference-results/segments/tb_full/1.2.840.114062.2.192.168.196.13.2019.12.11.10.49.52.9403859.nrrd,,tb,1,0.9837650697179148,0.9680488639028012,7.394468853494481,1.1835654172446497,0.0136786627238413,0.0094603010538553,0.0131894548875789,excellent,test
/head/NFS/mkuyokwa/lungcxr/lung_cxr_segmentation/TB_Positive/1.2.840.114062.2.192.168.196.14.2019.10.18.10.17.33.5577593.png,/head/NFS/mkuyokwa/lungcxr/lung_cxr_segmentation/tb-inference-results/segments/tb_full/1.2.840.114062.2.192.168.196.14.2019.10.18.10.17.33.5577593.nrrd,,tb,1,0.9852455977757184,0.97092024988127,7.8732077082612895,1.169783235736232,0.0040828482469202,0.0127389837695972,0.010817189682156,excellent,test
/head/NFS/mkuyokwa/lungcxr/lung_cxr_segmentation/TB_Positive/1.2.826.0.1.3680043.2.1125.1.22325902471483893737773153250952905.png,/head/NFS/mkuyokwa/lungcxr/lung_cxr_segmentation/tb-inference-results/segments/tb_full/1.2.826.0.1.3680043.2.1125.1.22325902471483893737773153250952905.nrrd,,tb,1,0.990724909900882,0.981620293237977,15.231546211727816,2.2903331198286256,0.003127150277587,0.0077235913757819,0.0111121661157564,excellent,test
/head/NFS/mkuyokwa/lungcxr/lung_cxr_segmentation/TB_Positive/1.3.6.1.4.1.25403.163683357445804.11044.20131119114509.12.png,/head/NFS/mkuyokwa/lungcxr/lung_cxr_segmentation/tb-inference-results/segments/tb_full/1.3.6.1.4.1.25403.163683357445804.11044.20131119114509.12.nrrd,,tb,1,0.9845803270246344,0.9696289654696504,31.0,6.962309620899359,-0.0006522351050787,0.0157406572232958,0.0077858166380641,excellent,test
/head/NFS/mkuyokwa/lungcxr/lung_cxr_segmentation/TB_Positive/2.25.186340571695654996198406929079450978796.png,/head/NFS/mkuyokwa/lungcxr/lung_cxr_segmentation/tb-inference-results/segments/tb_full/2.25.186340571695654996198406929079450978796.nrrd,,tb,1,0.9860771511464472,0.9725366700843256,23.08679276123039,2.191114694872089,0.0039072375830287,0.0119926591463068,0.0058591711034554,excellent,test
/head/NFS/mkuyokwa/lungcxr/lung_cxr_segmentation/TB_Positive/2.25.245067528039611686036093203733025702535.png,/head/NFS/mkuyokwa/lungcxr/lung_cxr_segmentation/tb-inference-results/segments/tb_full/2.25.245067528039611686036093203733025702535.nrrd,,tb,1,0.9750972008170552,0.951404564017588,32.01562118716424,3.196277220800781,0.000956128415401,0.0244364171516489,0.0479838199974718,excellent,test
/head/NFS/mkuyokwa/lungcxr/lung_cxr_segmentation/TB_Positive/1.2.826.0.1.3680043.2.1125.1.38514375752780518300720866208345918.png,/head/NFS/mkuyokwa/lungcxr/lung_cxr_segmentation/tb-inference-results/segments/tb_full/1.2.826.0.1.3680043.2.1125.1.38514375752780518300720866208345918.nrrd,,tb,1,0.979557299023604,0.9599336622098712,38.41874542459709,3.4078556534173523,-0.011945984776941,0.0262588494569301,0.0111537193236424,excellent,test
/head/NFS/mkuyokwa/lungcxr/lung_cxr_segmentation/TB_Positive/1.2.826.0.1.3680043.2.1125.1.7423771496535700455418971231950512.png,/head/NFS/mkuyokwa/lungcxr/lung_cxr_segmentation/tb-inference-results/segments/tb_full/1.2.826.0.1.3680043.2.1125.1.7423771496535700455418971231950512.nrrd,,tb,1,0.987449324491758,0.9752097829534464,21.37755832643195,2.348965333374142,-0.0173619990682644,0.0210489491248275,0.0079639013324847,excellent,test
/head/NFS/mkuyokwa/lungcxr/lung_cxr_segmentation/TB_Positive/1.2.826.0.1.3680043.2.1125.1.53220947531348985659472330826266641.png,/head/NFS/mkuyokwa/lungcxr/lung_cxr_segmentation/tb-inference-results/segments/tb_full/1.2.826.0.1.3680043.2.1125.1.53220947531348985659472330826266641.nrrd,,tb,1,0.9685355567260244,0.9389907359790236,23.600847442411894,3.5191934363571646,-0.0291297315268267,0.0453685225958954,0.0189011907248798,excellent,test
/head/NFS/mkuyokwa/lungcxr/lung_cxr_segmentation/TB_Positive/1.2.840.114062.2.192.168.196.13.2021.8.26.10.47.49.7658593.png,/head/NFS/mkuyokwa/lungcxr/lung_cxr_segmentation/tb-inference-results/segments/tb_full/1.2.840.114062.2.192.168.196.13.2021.8.26.10.47.49.7658593.nrrd,,tb,1,0.9854685490802668,0.971353375183077,8.083754126128527,1.3213649419027098,0.0086460665789952,0.0102527405690239,0.0199120299348817,excellent,test
/head/NFS/mkuyokwa/lungcxr/lung_cxr_segmentation/TB_Positive/2.25.199993010143936490894454916321693757704.png,/head/NFS/mkuyokwa/lungcxr/lung_cxr_segmentation/tb-inference-results/segments/tb_full/2.25.199993010143936490894454916321693757704.nrrd,,tb,1,0.9807957826032384,0.9623152709359606,5.0990195135927845,0.7878990638729482,0.0184260072800301,0.0100841187797709,0.0164315159960517,excellent,test
/head/NFS/mkuyokwa/lungcxr/lung_cxr_segmentation/TB_Positive/1.2.826.0.1.3680043.2.1125.1.81413653350399841166465693210439540.png,/head/NFS/mkuyokwa/lungcxr/lung_cxr_segmentation/tb-inference-results/segments/tb_full/1.2.826.0.1.3680043.2.1125.1.81413653350399841166465693210439540.nrrd,,tb,1,0.9794954534147756,0.9598148844043156,24.698178070456937,3.509995405382222,0.0088098725850584,0.0161708418207118,0.0316468197360277,excellent,test
/head/NFS/mkuyokwa/lungcxr/lung_cxr_segmentation/TB_Positive/1.3.6.1.4.1.25403.163683357445804.11044.20131119114444.3.png,/head/NFS/mkuyokwa/lungcxr/lung_cxr_segmentation/tb-inference-results/segments/tb_full/1.3.6.1.4.1.25403.163683357445804.11044.20131119114444.3.nrrd,,tb,1,0.9625104112306204,0.9277301879937936,134.61797799699713,20.49716015159437,0.0307251288931926,0.0224722558007833,0.0450806016195137,good,test
/head/NFS/mkuyokwa/lungcxr/lung_cxr_segmentation/TB_Positive/2.25.52288147371894032508129082218162387755.png,/head/NFS/mkuyokwa/lungcxr/lung_cxr_segmentation/tb-inference-results/segments/tb_full/2.25.52288147371894032508129082218162387755.nrrd,,tb,1,0.9640851932624936,0.9306606942889136,50.774009099144415,8.010198270705944,0.0379760128361365,0.0172544274995394,0.0799870489365184,good,test
/head/NFS/mkuyokwa/lungcxr/lung_cxr_segmentation/TB_Positive/2.25.198662795533991858825713332580450177999.png,/head/NFS/mkuyokwa/lungcxr/lung_cxr_segmentation/tb-inference-results/segments/tb_full/2.25.198662795533991858825713332580450177999.nrrd,,tb,1,0.9841579853602784,0.9688100818603372,86.45229898620394,9.000393049549386,0.0182062362399419,0.0068008050514446,0.0134722366257854,good,test
/head/NFS/mkuyokwa/lungcxr/lung_cxr_segmentation/TB_Positive/1.2.840.114062.2.192.168.196.13.2022.6.9.11.10.44.10973406.png,/head/NFS/mkuyokwa/lungcxr/lung_cxr_segmentation/tb-inference-results/segments/tb_full/1.2.840.114062.2.192.168.196.13.2022.6.9.11.10.44.10973406.nrrd,,tb,1,0.977874336720735,0.9567065693110968,95.85927185202274,11.293196344550545,0.0063428593469241,0.0190145368722668,0.0174370966862077,good,test
/head/NFS/mkuyokwa/lungcxr/lung_cxr_segmentation/TB_Positive/2.25.95846622757626296121122417800591386206.png,/head/NFS/mkuyokwa/lungcxr/lung_cxr_segmentation/tb-inference-results/segments/tb_full/2.25.95846622757626296121122417800591386206.nrrd,,tb,1,0.9220283624123048,0.8553363838733614,71.56814934033156,10.112569727177528,0.1210951690579746,0.018547030985036,0.2138204940888372,good,test
/head/NFS/mkuyokwa/lungcxr/lung_cxr_segmentation/TB_Positive/2.25.250959670105618500990641999478525785024.png,/head/NFS/mkuyokwa/lungcxr/lung_cxr_segmentation/tb-inference-results/segments/tb_full/2.25.250959670105618500990641999478525785024.nrrd,,tb,1,0.9850181734857596,0.9704786310003352,50.00999900019995,8.252402350923427,0.000532507848639,0.0147194917123531,0.008325054632698,good,test
/head/NFS/mkuyokwa/lungcxr/lung_cxr_segmentation/TB_Positive/1.2.840.114062.2.192.168.196.13.2022.4.18.10.56.44.9060265.png,/head/NFS/mkuyokwa/lungcxr/lung_cxr_segmentation/tb-inference-results/segments/tb_full/1.2.840.114062.2.192.168.196.13.2022.4.18.10.56.44.9060265.nrrd,,tb,1,0.969803559298622,0.9413773150277638,133.96268137059664,13.439634020873983,0.047827083090974,0.0064368264731783,0.028100104191121,good,test
/head/NFS/mkuyokwa/lungcxr/lung_cxr_segmentation/TB_Positive/1.2.826.0.1.3680043.2.1125.1.63127775116109801096849475963756171.png,/head/NFS/mkuyokwa/lungcxr/lung_cxr_segmentation/tb-inference-results/segments/tb_full/1.2.826.0.1.3680043.2.1125.1.63127775116109801096849475963756171.nrrd,,tb,1,0.9699668492372072,0.941685079280115,165.91865476793137,20.79105382950184,0.0312700771452812,0.0146268028163806,0.0895415577915133,good,test
/head/NFS/mkuyokwa/lungcxr/lung_cxr_segmentation/TB_Positive/1.2.826.0.1.3680043.2.1125.1.43325796274245006820798828073260844.png,/head/NFS/mkuyokwa/lungcxr/lung_cxr_segmentation/tb-inference-results/segments/tb_full/1.2.826.0.1.3680043.2.1125.1.43325796274245006820798828073260844.nrrd,,tb,1,0.9596612031283336,0.922450653589068,55.08175741568164,13.699784172763454,0.0533087617845843,0.0140591540258015,0.0765893674081085,good,test
/head/NFS/mkuyokwa/lungcxr/lung_cxr_segmentation/TB_Positive/1.2.826.0.1.3680043.2.1125.1.81570134928314484390293115685268824.png,/head/NFS/mkuyokwa/lungcxr/lung_cxr_segmentation/tb-inference-results/segments/tb_full/1.2.826.0.1.3680043.2.1125.1.81570134928314484390293115685268824.nrrd,,tb,1,0.9800145689993794,0.9608123206602776,138.61096637712328,15.445135144558968,0.0268863109827488,0.0066314227564906,0.0381427029183124,good,test
/head/NFS/mkuyokwa/lungcxr/lung_cxr_segmentation/TB_Positive/2.25.2491723887431101989749640712373816056.png,/head/NFS/mkuyokwa/lungcxr/lung_cxr_segmentation/tb-inference-results/segments/tb_full/2.25.2491723887431101989749640712373816056.nrrd,,tb,1,0.9762297281461716,0.953563269988714,124.10076550932313,11.858591376199334,0.0300760317379735,0.0088655766674546,0.0495139961984611,good,test
/head/NFS/mkuyokwa/lungcxr/lung_cxr_segmentation/TB_Positive/1.2.826.0.1.3680043.2.1125.1.29626823565864243161603277569470477.png,/head/NFS/mkuyokwa/lungcxr/lung_cxr_segmentation/tb-inference-results/segments/tb_full/1.2.826.0.1.3680043.2.1125.1.29626823565864243161603277569470477.nrrd,,tb,1,0.981408152648209,0.9634950006715108,98.2700361249552,13.759922867939288,-0.0096804529235433,0.0233192035872919,0.0121137587558877,good,test
/head/NFS/mkuyokwa/lungcxr/lung_cxr_segmentation/TB_Positive/2.25.179184784073498241544382913011068974571.png,/head/NFS/mkuyokwa/lungcxr/lung_cxr_segmentation/tb-inference-results/segments/tb_full/2.25.179184784073498241544382913011068974571.nrrd,,tb,1,0.9624007482398726,0.9275264478143254,130.0,16.772284684823322,0.0234657218553019,0.0261734806408277,0.0409302379109639,good,test
/head/NFS/mkuyokwa/lungcxr/lung_cxr_segmentation/TB_Positive/1.2.826.0.1.3680043.2.1125.1.28251962587359233182203304548354365.png,/head/NFS/mkuyokwa/lungcxr/lung_cxr_segmentation/tb-inference-results/segments/tb_full/1.2.826.0.1.3680043.2.1125.1.28251962587359233182203304548354365.nrrd,,tb,1,0.9889927804519,0.9782252404626351,81.70679286326198,9.198123103166353,0.009330441942558,0.0063717240776108,0.0414703691177184,good,test
/head/NFS/mkuyokwa/lungcxr/lung_cxr_segmentation/TB_Positive/2.25.225402396221838057017285809055048974422.png,/head/NFS/mkuyokwa/lungcxr/lung_cxr_segmentation/tb-inference-results/segments/tb_full/2.25.225402396221838057017285809055048974422.nrrd,,tb,1,0.96915848284789,0.9401624466245492,81.98780397107853,11.375342126507336,-0.0194894030599646,0.0401945349360046,0.0155060340748851,good,test
/head/NFS/mkuyokwa/lungcxr/lung_cxr_segmentation/TB_Positive/1.2.826.0.1.3680043.2.1125.1.32091320138965294006501986760677158.png,/head/NFS/mkuyokwa/lungcxr/lung_cxr_segmentation/tb-inference-results/segments/tb_full/1.2.826.0.1.3680043.2.1125.1.32091320138965294006501986760677158.nrrd,,tb,1,0.98196920612123,0.964577114980832,105.67875850898324,11.104476367856838,0.0073257774814698,0.014420726655334,0.0216424316654035,good,test
/head/NFS/mkuyokwa/lungcxr/lung_cxr_segmentation/TB_Positive/1.2.840.114062.2.192.168.196.13.2016.10.5.11.27.1.11120875.png,/head/NFS/mkuyokwa/lungcxr/lung_cxr_segmentation/tb-inference-results/segments/tb_full/1.2.840.114062.2.192.168.196.13.2016.10.5.11.27.1.11120875.nrrd,,tb,1,0.9773590101697582,0.9557205508963608,135.94851966829208,11.032155832948993,0.0224497235427873,0.011545727251294,0.0215145679391805,good,test
/head/NFS/mkuyokwa/lungcxr/lung_cxr_segmentation/TB_Positive/1.2.826.0.1.3680043.2.1125.1.54852158697633495991629699541866922.png,/head/NFS/mkuyokwa/lungcxr/lung_cxr_segmentation/tb-inference-results/segments/tb_full/1.2.826.0.1.3680043.2.1125.1.54852158697633495991629699541866922.nrrd,,tb,1,0.984582308082134,0.9696328081722788,50.21951811795888,7.588956653887948,-0.0046746875400687,0.0177136328385404,0.0051064317919587,good,test
/head/NFS/mkuyokwa/lungcxr/lung_cxr_segmentation/TB_Positive/1.2.826.0.1.3680043.2.1125.1.47239383358220352262183319682611025.png,/head/NFS/mkuyokwa/lungcxr/lung_cxr_segmentation/tb-inference-results/segments/tb_full/1.2.826.0.1.3680043.2.1125.1.47239383358220352262183319682611025.nrrd,,tb,1,0.9781587983798292,0.957251280168502,163.51758315239374,18.9259359142717,0.0257987860165719,0.0090586598250972,0.0333634130027572,good,test
/head/NFS/mkuyokwa/lungcxr/lung_cxr_segmentation/TB_Positive/2.25.253481507825880972452150482811404044550.png,/head/NFS/mkuyokwa/lungcxr/lung_cxr_segmentation/tb-inference-results/segments/tb_full/2.25.253481507825880972452150482811404044550.nrrd,,tb,1,0.598023529825742,0.4265574655125353,901.1353949324152,229.78144470337952,0.788615338261863,0.0126612153604833,0.1154985334203126,bad,test
/head/NFS/mkuyokwa/lungcxr/lung_cxr_segmentation/TB_Positive/1.2.826.0.1.3680043.2.1125.1.76801473447826145697160427284180547.png,/head/NFS/mkuyokwa/lungcxr/lung_cxr_segmentation/tb-inference-results/segments/tb_full/1.2.826.0.1.3680043.2.1125.1.76801473447826145697160427284180547.nrrd,,tb,1,0.5148969182774046,0.3467078646690081,293.2200538844504,85.91790224446365,0.9580515386104412,0.0116652841144753,0.2197419902049303,bad,test
/head/NFS/mkuyokwa/lungcxr/lung_cxr_segmentation/TB_Positive/1.2.826.0.1.3680043.2.1125.1.24605141368924879713012096146290193.png,/head/NFS/mkuyokwa/lungcxr/lung_cxr_segmentation/tb-inference-results/segments/tb_full/1.2.826.0.1.3680043.2.1125.1.24605141368924879713012096146290193.nrrd,,tb,1,0.9284822949092736,0.8665113889374869,460.3237990806037,63.46529948941375,0.1220989478608224,0.0111488634061845,0.1398709248199595,bad,test
/head/NFS/mkuyokwa/lungcxr/lung_cxr_segmentation/TB_Positive/1.3.6.1.4.1.25403.158515237678667.5060.20130807021719.3.png,/head/NFS/mkuyokwa/lungcxr/lung_cxr_segmentation/tb-inference-results/segments/tb_full/1.3.6.1.4.1.25403.158515237678667.5060.20130807021719.3.nrrd,,tb,1,0.920422925081644,0.8525773161228454,176.40011337864837,25.404667524689224,0.0693601245953327,0.0465099816829165,0.0417350307958865,bad,test
/head/NFS/mkuyokwa/lungcxr/lung_cxr_segmentation/TB_Positive/1.2.826.0.1.3680043.2.1125.1.37357552502789483008025773040059280.png,/head/NFS/mkuyokwa/lungcxr/lung_cxr_segmentation/tb-inference-results/segments/tb_full/1.2.826.0.1.3680043.2.1125.1.37357552502789483008025773040059280.nrrd,,tb,1,0.8201837629807786,0.6951792467723227,456.17978911828175,122.26070222599007,0.2232500848478328,0.0767594741542058,0.2190001758164763,bad,test
/head/NFS/mkuyokwa/lungcxr/lung_cxr_segmentation/TB_Positive/1.2.826.0.1.3680043.2.1125.1.64580523032512448749406167532557773.png,/head/NFS/mkuyokwa/lungcxr/lung_cxr_segmentation/tb-inference-results/segments/tb_full/1.2.826.0.1.3680043.2.1125.1.64580523032512448749406167532557773.nrrd,,tb,1,0.7643150062266004,0.6185354763373948,1212.9323971268968,155.65834549561438,0.3456991573307497,0.0759661283937187,0.3582342665526157,bad,test
/head/NFS/mkuyokwa/lungcxr/lung_cxr_segmentation/TB_Positive/1.2.826.0.1.3680043.2.1125.1.75528673568989519375328162812527635.png,/head/NFS/mkuyokwa/lungcxr/lung_cxr_segmentation/tb-inference-results/segments/tb_full/1.2.826.0.1.3680043.2.1125.1.75528673568989519375328162812527635.nrrd,,tb,1,0.850317790063653,0.739611157513459,1258.5757823826104,119.50866135454396,0.2485834101500652,0.0289942495788392,0.200198526420277,bad,test
/head/NFS/mkuyokwa/lungcxr/lung_cxr_segmentation/TB_Positive/2.25.28344906607660874390980305428859456858.png,/head/NFS/mkuyokwa/lungcxr/lung_cxr_segmentation/tb-inference-results/segments/tb_full/2.25.28344906607660874390980305428859456858.nrrd,,tb,1,0.9023509858603446,0.8220760682481124,491.58112250166806,74.52631297211545,-0.0375836997202893,0.1142930854970861,0.0408243846513062,bad,test
/head/NFS/mkuyokwa/lungcxr/lung_cxr_segmentation/TB_Positive/1.2.826.0.1.3680043.2.1125.1.65305060757460753954124912866249308.png,/head/NFS/mkuyokwa/lungcxr/lung_cxr_segmentation/tb-inference-results/segments/tb_full/1.2.826.0.1.3680043.2.1125.1.65305060757460753954124912866249308.nrrd,,tb,1,0.5213958236798782,0.3526270465280998,320.8519907994962,70.01222485901717,0.8914480747714251,0.059320881929152,0.2569375505263114,bad,test
/head/NFS/mkuyokwa/lungcxr/lung_cxr_segmentation/TB_Positive/2.25.4302966435694938975108567150918332985.png,/head/NFS/mkuyokwa/lungcxr/lung_cxr_segmentation/tb-inference-results/segments/tb_full/2.25.4302966435694938975108567150918332985.nrrd,,tb,1,0.6867330584815359,0.5229196264451013,220.9547464980103,29.30847012317649,0.5814552407900699,0.0317780894498987,0.3110730086732381,bad,test
/head/NFS/mkuyokwa/lungcxr/lung_cxr_segmentation/TB_Positive/1.2.826.0.1.3680043.2.1125.1.42180257569412532852250339359257782.png,/head/NFS/mkuyokwa/lungcxr/lung_cxr_segmentation/tb-inference-results/segments/tb_full/1.2.826.0.1.3680043.2.1125.1.42180257569412532852250339359257782.nrrd,,tb,1,0.966300670313883,0.9347985846206366,263.73471519691907,28.750112474506302,-0.0016331572830169,0.0344877463705455,0.0479091377660778,bad,test
/head/NFS/mkuyokwa/lungcxr/lung_cxr_segmentation/TB_Positive/1.2.826.0.1.3680043.2.1125.1.44187159615117513550813065053223162.png,/head/NFS/mkuyokwa/lungcxr/lung_cxr_segmentation/tb-inference-results/segments/tb_full/1.2.826.0.1.3680043.2.1125.1.44187159615117513550813065053223162.nrrd,,tb,1,0.9235380751105828,0.8579384498020737,431.7001274032705,76.90372285962144,-0.0095877061046986,0.0808681081148424,0.0623123180321623,bad,test
/head/NFS/mkuyokwa/lungcxr/lung_cxr_segmentation/TB_Positive/2.25.18423803864182440802802434767442934496.png,/head/NFS/mkuyokwa/lungcxr/lung_cxr_segmentation/tb-inference-results/segments/tb_full/2.25.18423803864182440802802434767442934496.nrrd,,tb,1,0.6443537885228516,0.4753111712094459,1606.5428721325802,230.76778832965468,0.6935792646853914,0.013558540361532,0.2792377123981461,bad,test
/head/NFS/mkuyokwa/lungcxr/lung_cxr_segmentation/TB_Positive/2.25.23631319052728880411687648009661695100.png,/head/NFS/mkuyokwa/lungcxr/lung_cxr_segmentation/tb-inference-results/segments/tb_full/2.25.23631319052728880411687648009661695100.nrrd,,tb,1,0.8695163612964864,0.7691543084105882,1080.5614281474238,100.15912745517394,-0.103616863250854,0.1733129958344535,0.0462319559796825,bad,test
/head/NFS/mkuyokwa/lungcxr/lung_cxr_segmentation/TB_Positive/1.2.826.0.1.3680043.2.1125.1.49228883745777289076688937328231943.png,/head/NFS/mkuyokwa/lungcxr/lung_cxr_segmentation/tb-inference-results/segments/tb_full/1.2.826.0.1.3680043.2.1125.1.49228883745777289076688937328231943.nrrd,,tb,1,0.9178834449887434,0.8482297408149302,397.0201506221063,77.91146399850494,0.0469524281388036,0.0600500897025998,0.1417139726906369,bad,test
/head/NFS/mkuyokwa/lungcxr/lung_cxr_segmentation/TB_Positive/2.25.187657511098058116045293450668165332759.png,/head/NFS/mkuyokwa/lungcxr/lung_cxr_segmentation/tb-inference-results/segments/tb_full/2.25.187657511098058116045293450668165332759.nrrd,,tb,1,0.962089488617946,0.9269484007218052,215.9351754578212,39.74904963811802,0.0598646449672174,0.0082243631896606,0.0592521781165506,bad,test
/head/NFS/mkuyokwa/lungcxr/lung_cxr_segmentation/TB_Positive/1.2.826.0.1.3680043.2.1125.1.80028603326451157042596308989060250.png,/head/NFS/mkuyokwa/lungcxr/lung_cxr_segmentation/tb-inference-results/segments/tb_full/1.2.826.0.1.3680043.2.1125.1.80028603326451157042596308989060250.nrrd,,tb,1,0.2810427263729608,0.1634960511729033,2316.324027419307,550.0185903816704,1.3997961424639187,0.0635090966370008,0.4962635827737039,bad,test
/head/NFS/mkuyokwa/lungcxr/lung_cxr_segmentation/TB_Positive/1.2.826.0.1.3680043.2.1125.1.29389552277455109138541214106698614.png,/head/NFS/mkuyokwa/lungcxr/lung_cxr_segmentation/tb-inference-results/segments/tb_full/1.2.826.0.1.3680043.2.1125.1.29389552277455109138541214106698614.nrrd,,tb,1,0.6272916690917133,0.4569737466928973,242.9094481488936,50.55684076070936,0.5008555564609063,0.163133783678857,0.1980710766327707,bad,test
/head/NFS/mkuyokwa/lungcxr/lung_cxr_segmentation/TB_Positive/2.25.65647847331585154295894694385749447315.png,/head/NFS/mkuyokwa/lungcxr/lung_cxr_segmentation/tb-inference-results/segments/tb_full/2.25.65647847331585154295894694385749447315.nrrd,,tb,1,0.94289465756419,0.8919590316245564,536.1212549414545,49.243920977273085,0.0887603182068523,0.0133161564754085,0.0772013181911598,bad,test
