cxr_file,pred_seg_file
/head/NFS/mkuyokwa/lungcxr/kaggle-negatives/Normal/Normal-1.png,results/segments/Normal/Normal-1.nrrd
/head/NFS/mkuyokwa/lungcxr/kaggle-negatives/Normal/Normal-10.png,results/segments/Normal/Normal-10.nrrd
/head/NFS/mkuyokwa/lungcxr/kaggle-negatives/Normal/Normal-100.png,results/segments/Normal/Normal-100.nrrd
/head/NFS/mkuyokwa/lungcxr/kaggle-negatives/Normal/Normal-1000.png,results/segments/Normal/Normal-1000.nrrd
/head/NFS/mkuyokwa/lungcxr/kaggle-negatives/Normal/Normal-1001.png,results/segments/Normal/Normal-1001.nrrd
/head/NFS/mkuyokwa/lungcxr/kaggle-negatives/Normal/Normal-1002.png,results/segments/Normal/Normal-1002.nrrd
/head/NFS/mkuyokwa/lungcxr/kaggle-negatives/Normal/Normal-1003.png,results/segments/Normal/Normal-1003.nrrd
/head/NFS/mkuyokwa/lungcxr/kaggle-negatives/Normal/Normal-1004.png,results/segments/Normal/Normal-1004.nrrd
/head/NFS/mkuyokwa/lungcxr/kaggle-negatives/Normal/Normal-1005.png,results/segments/Normal/Normal-1005.nrrd
/head/NFS/mkuyokwa/lungcxr/kaggle-negatives/Normal/Normal-1006.png,results/segments/Normal/Normal-1006.nrrd
/head/NFS/mkuyokwa/lungcxr/kaggle-negatives/Normal/Normal-1007.png,results/segments/Normal/Normal-1007.nrrd
/head/NFS/mkuyokwa/lungcxr/kaggle-negatives/Normal/Normal-1008.png,results/segments/Normal/Normal-1008.nrrd
/head/NFS/mkuyokwa/lungcxr/kaggle-negatives/Normal/Normal-1009.png,results/segments/Normal/Normal-1009.nrrd
/head/NFS/mkuyokwa/lungcxr/kaggle-negatives/Normal/Normal-101.png,results/segments/Normal/Normal-101.nrrd
/head/NFS/mkuyokwa/lungcxr/kaggle-negatives/Normal/Normal-1010.png,results/segments/Normal/Normal-1010.nrrd
/head/NFS/mkuyokwa/lungcxr/kaggle-negatives/Normal/Normal-1011.png,results/segments/Normal/Normal-1011.nrrd
/head/NFS/mkuyokwa/lungcxr/kaggle-negatives/Normal/Normal-1012.png,results/segments/Normal/Normal-1012.nrrd
/head/NFS/mkuyokwa/lungcxr/kaggle-negatives/Normal/Normal-1013.png,results/segments/Normal/Normal-1013.nrrd
/head/NFS/mkuyokwa/lungcxr/kaggle-negatives/Normal/Normal-1014.png,results/segments/Normal/Normal-1014.nrrd
/head/NFS/mkuyokwa/lungcxr/kaggle-negatives/Normal/Normal-1015.png,results/segments/Normal/Normal-1015.nrrd
/head/NFS/mkuyokwa/lungcxr/kaggle-negatives/Normal/Normal-1016.png,results/segments/Normal/Normal-1016.nrrd
/head/NFS/mkuyokwa/lungcxr/kaggle-negatives/Normal/Normal-1017.png,results/segments/Normal/Normal-1017.nrrd
/head/NFS/mkuyokwa/lungcxr/kaggle-negatives/Normal/Normal-1018.png,results/segments/Normal/Normal-1018.nrrd
/head/NFS/mkuyokwa/lungcxr/kaggle-negatives/Normal/Normal-1019.png,results/segments/Normal/Normal-1019.nrrd
/head/NFS/mkuyokwa/lungcxr/kaggle-negatives/Normal/Normal-102.png,results/segments/Normal/Normal-102.nrrd
/head/NFS/mkuyokwa/lungcxr/kaggle-negatives/Normal/Normal-1020.png,results/segments/Normal/Normal-1020.nrrd
/head/NFS/mkuyokwa/lungcxr/kaggle-negatives/Normal/Normal-1021.png,results/segments/Normal/Normal-1021.nrrd
/head/NFS/mkuyokwa/lungcxr/kaggle-negatives/Normal/Normal-1022.png,results/segments/Normal/Normal-1022.nrrd
/head/NFS/mkuyokwa/lungcxr/kaggle-negatives/Normal/Normal-1023.png,results/segments/Normal/Normal-1023.nrrd
/head/NFS/mkuyokwa/lungcxr/kaggle-negatives/Normal/Normal-1024.png,results/segments/Normal/Normal-1024.nrrd
/head/NFS/mkuyokwa/lungcxr/kaggle-negatives/Normal/Normal-1025.png,results/segments/Normal/Normal-1025.nrrd
/head/NFS/mkuyokwa/lungcxr/kaggle-negatives/Normal/Normal-1026.png,results/segments/Normal/Normal-1026.nrrd
/head/NFS/mkuyokwa/lungcxr/kaggle-negatives/Normal/Normal-1027.png,results/segments/Normal/Normal-1027.nrrd
/head/NFS/mkuyokwa/lungcxr/kaggle-negatives/Normal/Normal-1028.png,results/segments/Normal/Normal-1028.nrrd
/head/NFS/mkuyokwa/lungcxr/kaggle-negatives/Normal/Normal-1029.png,results/segments/Normal/Normal-1029.nrrd
/head/NFS/mkuyokwa/lungcxr/kaggle-negatives/Normal/Normal-103.png,results/segments/Normal/Normal-103.nrrd
/head/NFS/mkuyokwa/lungcxr/kaggle-negatives/Normal/Normal-1030.png,results/segments/Normal/Normal-1030.nrrd
/head/NFS/mkuyokwa/lungcxr/kaggle-negatives/Normal/Normal-1031.png,results/segments/Normal/Normal-1031.nrrd
/head/NFS/mkuyokwa/lungcxr/kaggle-negatives/Normal/Normal-1032.png,results/segments/Normal/Normal-1032.nrrd
/head/NFS/mkuyokwa/lungcxr/kaggle-negatives/Normal/Normal-1033.png,results/segments/Normal/Normal-1033.nrrd
/head/NFS/mkuyokwa/lungcxr/kaggle-negatives/Normal/Normal-1034.png,results/segments/Normal/Normal-1034.nrrd
/head/NFS/mkuyokwa/lungcxr/kaggle-negatives/Normal/Normal-1035.png,results/segments/Normal/Normal-1035.nrrd
/head/NFS/mkuyokwa/lungcxr/kaggle-negatives/Normal/Normal-1036.png,results/segments/Normal/Normal-1036.nrrd
/head/NFS/mkuyokwa/lungcxr/kaggle-negatives/Normal/Normal-1037.png,results/segments/Normal/Normal-1037.nrrd
/head/NFS/mkuyokwa/lungcxr/kaggle-negatives/Normal/Normal-1038.png,results/segments/Normal/Normal-1038.nrrd
/head/NFS/mkuyokwa/lungcxr/kaggle-negatives/Normal/Normal-1039.png,results/segments/Normal/Normal-1039.nrrd
/head/NFS/mkuyokwa/lungcxr/kaggle-negatives/Normal/Normal-104.png,results/segments/Normal/Normal-104.nrrd
/head/NFS/mkuyokwa/lungcxr/kaggle-negatives/Normal/Normal-1040.png,results/segments/Normal/Normal-1040.nrrd
/head/NFS/mkuyokwa/lungcxr/kaggle-negatives/Normal/Normal-1041.png,results/segments/Normal/Normal-1041.nrrd
/head/NFS/mkuyokwa/lungcxr/kaggle-negatives/Normal/Normal-1042.png,results/segments/Normal/Normal-1042.nrrd
/head/NFS/mkuyokwa/lungcxr/kaggle-negatives/Normal/Normal-1043.png,results/segments/Normal/Normal-1043.nrrd
/head/NFS/mkuyokwa/lungcxr/kaggle-negatives/Normal/Normal-1044.png,results/segments/Normal/Normal-1044.nrrd
/head/NFS/mkuyokwa/lungcxr/kaggle-negatives/Normal/Normal-1045.png,results/segments/Normal/Normal-1045.nrrd
/head/NFS/mkuyokwa/lungcxr/kaggle-negatives/Normal/Normal-1046.png,results/segments/Normal/Normal-1046.nrrd
/head/NFS/mkuyokwa/lungcxr/kaggle-negatives/Normal/Normal-1047.png,results/segments/Normal/Normal-1047.nrrd
/head/NFS/mkuyokwa/lungcxr/kaggle-negatives/Normal/Normal-1048.png,results/segments/Normal/Normal-1048.nrrd
/head/NFS/mkuyokwa/lungcxr/kaggle-negatives/Normal/Normal-1049.png,results/segments/Normal/Normal-1049.nrrd
/head/NFS/mkuyokwa/lungcxr/kaggle-negatives/Normal/Normal-105.png,results/segments/Normal/Normal-105.nrrd
/head/NFS/mkuyokwa/lungcxr/kaggle-negatives/Normal/Normal-1050.png,results/segments/Normal/Normal-1050.nrrd
/head/NFS/mkuyokwa/lungcxr/kaggle-negatives/Normal/Normal-1051.png,results/segments/Normal/Normal-1051.nrrd
/head/NFS/mkuyokwa/lungcxr/kaggle-negatives/Normal/Normal-1052.png,results/segments/Normal/Normal-1052.nrrd
/head/NFS/mkuyokwa/lungcxr/kaggle-negatives/Normal/Normal-1053.png,results/segments/Normal/Normal-1053.nrrd
/head/NFS/mkuyokwa/lungcxr/kaggle-negatives/Normal/Normal-1054.png,results/segments/Normal/Normal-1054.nrrd
/head/NFS/mkuyokwa/lungcxr/kaggle-negatives/Normal/Normal-1055.png,results/segments/Normal/Normal-1055.nrrd
/head/NFS/mkuyokwa/lungcxr/kaggle-negatives/Normal/Normal-1056.png,results/segments/Normal/Normal-1056.nrrd
/head/NFS/mkuyokwa/lungcxr/kaggle-negatives/Normal/Normal-1057.png,results/segments/Normal/Normal-1057.nrrd
/head/NFS/mkuyokwa/lungcxr/kaggle-negatives/Normal/Normal-1058.png,results/segments/Normal/Normal-1058.nrrd
/head/NFS/mkuyokwa/lungcxr/kaggle-negatives/Normal/Normal-1059.png,results/segments/Normal/Normal-1059.nrrd
/head/NFS/mkuyokwa/lungcxr/kaggle-negatives/Normal/Normal-106.png,results/segments/Normal/Normal-106.nrrd
/head/NFS/mkuyokwa/lungcxr/kaggle-negatives/Normal/Normal-1060.png,results/segments/Normal/Normal-1060.nrrd
/head/NFS/mkuyokwa/lungcxr/kaggle-negatives/Normal/Normal-1061.png,results/segments/Normal/Normal-1061.nrrd
/head/NFS/mkuyokwa/lungcxr/kaggle-negatives/Normal/Normal-1062.png,results/segments/Normal/Normal-1062.nrrd
/head/NFS/mkuyokwa/lungcxr/kaggle-negatives/Normal/Normal-1063.png,results/segments/Normal/Normal-1063.nrrd
/head/NFS/mkuyokwa/lungcxr/kaggle-negatives/Normal/Normal-1064.png,results/segments/Normal/Normal-1064.nrrd
/head/NFS/mkuyokwa/lungcxr/kaggle-negatives/Normal/Normal-1065.png,results/segments/Normal/Normal-1065.nrrd
/head/NFS/mkuyokwa/lungcxr/kaggle-negatives/Normal/Normal-1066.png,results/segments/Normal/Normal-1066.nrrd
/head/NFS/mkuyokwa/lungcxr/kaggle-negatives/Normal/Normal-1067.png,results/segments/Normal/Normal-1067.nrrd
/head/NFS/mkuyokwa/lungcxr/kaggle-negatives/Normal/Normal-1068.png,results/segments/Normal/Normal-1068.nrrd
/head/NFS/mkuyokwa/lungcxr/kaggle-negatives/Normal/Normal-1069.png,results/segments/Normal/Normal-1069.nrrd
/head/NFS/mkuyokwa/lungcxr/kaggle-negatives/Normal/Normal-107.png,results/segments/Normal/Normal-107.nrrd
/head/NFS/mkuyokwa/lungcxr/kaggle-negatives/Normal/Normal-1070.png,results/segments/Normal/Normal-1070.nrrd
/head/NFS/mkuyokwa/lungcxr/kaggle-negatives/Normal/Normal-1071.png,results/segments/Normal/Normal-1071.nrrd
/head/NFS/mkuyokwa/lungcxr/kaggle-negatives/Normal/Normal-1072.png,results/segments/Normal/Normal-1072.nrrd
/head/NFS/mkuyokwa/lungcxr/kaggle-negatives/Normal/Normal-1073.png,results/segments/Normal/Normal-1073.nrrd
/head/NFS/mkuyokwa/lungcxr/kaggle-negatives/Normal/Normal-1074.png,results/segments/Normal/Normal-1074.nrrd
/head/NFS/mkuyokwa/lungcxr/kaggle-negatives/Normal/Normal-1075.png,results/segments/Normal/Normal-1075.nrrd
/head/NFS/mkuyokwa/lungcxr/kaggle-negatives/Normal/Normal-1076.png,results/segments/Normal/Normal-1076.nrrd
/head/NFS/mkuyokwa/lungcxr/kaggle-negatives/Normal/Normal-1077.png,results/segments/Normal/Normal-1077.nrrd
/head/NFS/mkuyokwa/lungcxr/kaggle-negatives/Normal/Normal-1078.png,results/segments/Normal/Normal-1078.nrrd
/head/NFS/mkuyokwa/lungcxr/kaggle-negatives/Normal/Normal-1079.png,results/segments/Normal/Normal-1079.nrrd
/head/NFS/mkuyokwa/lungcxr/kaggle-negatives/Normal/Normal-108.png,results/segments/Normal/Normal-108.nrrd
/head/NFS/mkuyokwa/lungcxr/kaggle-negatives/Normal/Normal-1080.png,results/segments/Normal/Normal-1080.nrrd
/head/NFS/mkuyokwa/lungcxr/kaggle-negatives/Normal/Normal-1081.png,results/segments/Normal/Normal-1081.nrrd
/head/NFS/mkuyokwa/lungcxr/kaggle-negatives/Normal/Normal-1082.png,results/segments/Normal/Normal-1082.nrrd
/head/NFS/mkuyokwa/lungcxr/kaggle-negatives/Normal/Normal-1083.png,results/segments/Normal/Normal-1083.nrrd
/head/NFS/mkuyokwa/lungcxr/kaggle-negatives/Normal/Normal-1084.png,results/segments/Normal/Normal-1084.nrrd
/head/NFS/mkuyokwa/lungcxr/kaggle-negatives/Normal/Normal-1085.png,results/segments/Normal/Normal-1085.nrrd
/head/NFS/mkuyokwa/lungcxr/kaggle-negatives/Normal/Normal-1086.png,results/segments/Normal/Normal-1086.nrrd
/head/NFS/mkuyokwa/lungcxr/kaggle-negatives/Normal/Normal-1087.png,results/segments/Normal/Normal-1087.nrrd
/head/NFS/mkuyokwa/lungcxr/kaggle-negatives/Normal/Normal-1088.png,results/segments/Normal/Normal-1088.nrrd
/head/NFS/mkuyokwa/lungcxr/kaggle-negatives/Normal/Normal-1089.png,results/segments/Normal/Normal-1089.nrrd
/head/NFS/mkuyokwa/lungcxr/kaggle-negatives/Normal/Normal-109.png,results/segments/Normal/Normal-109.nrrd
/head/NFS/mkuyokwa/lungcxr/kaggle-negatives/Normal/Normal-1090.png,results/segments/Normal/Normal-1090.nrrd
/head/NFS/mkuyokwa/lungcxr/kaggle-negatives/Normal/Normal-1091.png,results/segments/Normal/Normal-1091.nrrd
/head/NFS/mkuyokwa/lungcxr/kaggle-negatives/Normal/Normal-1092.png,results/segments/Normal/Normal-1092.nrrd
/head/NFS/mkuyokwa/lungcxr/kaggle-negatives/Normal/Normal-1093.png,results/segments/Normal/Normal-1093.nrrd
/head/NFS/mkuyokwa/lungcxr/kaggle-negatives/Normal/Normal-1094.png,results/segments/Normal/Normal-1094.nrrd
/head/NFS/mkuyokwa/lungcxr/kaggle-negatives/Normal/Normal-1095.png,results/segments/Normal/Normal-1095.nrrd
/head/NFS/mkuyokwa/lungcxr/kaggle-negatives/Normal/Normal-1096.png,results/segments/Normal/Normal-1096.nrrd
/head/NFS/mkuyokwa/lungcxr/kaggle-negatives/Normal/Normal-1097.png,results/segments/Normal/Normal-1097.nrrd
/head/NFS/mkuyokwa/lungcxr/kaggle-negatives/Normal/Normal-1098.png,results/segments/Normal/Normal-1098.nrrd
/head/NFS/mkuyokwa/lungcxr/kaggle-negatives/Normal/Normal-1099.png,results/segments/Normal/Normal-1099.nrrd
/head/NFS/mkuyokwa/lungcxr/kaggle-negatives/Normal/Normal-11.png,results/segments/Normal/Normal-11.nrrd
/head/NFS/mkuyokwa/lungcxr/kaggle-negatives/Normal/Normal-110.png,results/segments/Normal/Normal-110.nrrd
/head/NFS/mkuyokwa/lungcxr/kaggle-negatives/Normal/Normal-1100.png,results/segments/Normal/Normal-1100.nrrd
/head/NFS/mkuyokwa/lungcxr/kaggle-negatives/Normal/Normal-1101.png,results/segments/Normal/Normal-1101.nrrd
/head/NFS/mkuyokwa/lungcxr/kaggle-negatives/Normal/Normal-1102.png,results/segments/Normal/Normal-1102.nrrd
/head/NFS/mkuyokwa/lungcxr/kaggle-negatives/Normal/Normal-1103.png,results/segments/Normal/Normal-1103.nrrd
/head/NFS/mkuyokwa/lungcxr/kaggle-negatives/Normal/Normal-1104.png,results/segments/Normal/Normal-1104.nrrd
/head/NFS/mkuyokwa/lungcxr/kaggle-negatives/Normal/Normal-1105.png,results/segments/Normal/Normal-1105.nrrd
/head/NFS/mkuyokwa/lungcxr/kaggle-negatives/Normal/Normal-1106.png,results/segments/Normal/Normal-1106.nrrd
/head/NFS/mkuyokwa/lungcxr/kaggle-negatives/Normal/Normal-1107.png,results/segments/Normal/Normal-1107.nrrd
/head/NFS/mkuyokwa/lungcxr/kaggle-negatives/Normal/Normal-1108.png,results/segments/Normal/Normal-1108.nrrd
/head/NFS/mkuyokwa/lungcxr/kaggle-negatives/Normal/Normal-1109.png,results/segments/Normal/Normal-1109.nrrd
/head/NFS/mkuyokwa/lungcxr/kaggle-negatives/Normal/Normal-111.png,results/segments/Normal/Normal-111.nrrd
/head/NFS/mkuyokwa/lungcxr/kaggle-negatives/Normal/Normal-1110.png,results/segments/Normal/Normal-1110.nrrd
/head/NFS/mkuyokwa/lungcxr/kaggle-negatives/Normal/Normal-1111.png,results/segments/Normal/Normal-1111.nrrd
/head/NFS/mkuyokwa/lungcxr/kaggle-negatives/Normal/Normal-1112.png,results/segments/Normal/Normal-1112.nrrd
/head/NFS/mkuyokwa/lungcxr/kaggle-negatives/Normal/Normal-1113.png,results/segments/Normal/Normal-1113.nrrd
/head/NFS/mkuyokwa/lungcxr/kaggle-negatives/Normal/Normal-1114.png,results/segments/Normal/Normal-1114.nrrd
/head/NFS/mkuyokwa/lungcxr/kaggle-negatives/Normal/Normal-1115.png,results/segments/Normal/Normal-1115.nrrd
/head/NFS/mkuyokwa/lungcxr/kaggle-negatives/Normal/Normal-1116.png,results/segments/Normal/Normal-1116.nrrd
/head/NFS/mkuyokwa/lungcxr/kaggle-negatives/Normal/Normal-1117.png,results/segments/Normal/Normal-1117.nrrd
/head/NFS/mkuyokwa/lungcxr/kaggle-negatives/Normal/Normal-1118.png,results/segments/Normal/Normal-1118.nrrd
/head/NFS/mkuyokwa/lungcxr/kaggle-negatives/Normal/Normal-1119.png,results/segments/Normal/Normal-1119.nrrd
/head/NFS/mkuyokwa/lungcxr/kaggle-negatives/Normal/Normal-112.png,results/segments/Normal/Normal-112.nrrd
/head/NFS/mkuyokwa/lungcxr/kaggle-negatives/Normal/Normal-1120.png,results/segments/Normal/Normal-1120.nrrd
/head/NFS/mkuyokwa/lungcxr/kaggle-negatives/Normal/Normal-1121.png,results/segments/Normal/Normal-1121.nrrd
/head/NFS/mkuyokwa/lungcxr/kaggle-negatives/Normal/Normal-1122.png,results/segments/Normal/Normal-1122.nrrd
/head/NFS/mkuyokwa/lungcxr/kaggle-negatives/Normal/Normal-1123.png,results/segments/Normal/Normal-1123.nrrd
/head/NFS/mkuyokwa/lungcxr/kaggle-negatives/Normal/Normal-1124.png,results/segments/Normal/Normal-1124.nrrd
/head/NFS/mkuyokwa/lungcxr/kaggle-negatives/Normal/Normal-1125.png,results/segments/Normal/Normal-1125.nrrd
/head/NFS/mkuyokwa/lungcxr/kaggle-negatives/Normal/Normal-1126.png,results/segments/Normal/Normal-1126.nrrd
/head/NFS/mkuyokwa/lungcxr/kaggle-negatives/Normal/Normal-1127.png,results/segments/Normal/Normal-1127.nrrd
/head/NFS/mkuyokwa/lungcxr/kaggle-negatives/Normal/Normal-1128.png,results/segments/Normal/Normal-1128.nrrd
/head/NFS/mkuyokwa/lungcxr/kaggle-negatives/Normal/Normal-1129.png,results/segments/Normal/Normal-1129.nrrd
/head/NFS/mkuyokwa/lungcxr/kaggle-negatives/Normal/Normal-113.png,results/segments/Normal/Normal-113.nrrd
/head/NFS/mkuyokwa/lungcxr/kaggle-negatives/Normal/Normal-1130.png,results/segments/Normal/Normal-1130.nrrd
/head/NFS/mkuyokwa/lungcxr/kaggle-negatives/Normal/Normal-1131.png,results/segments/Normal/Normal-1131.nrrd
/head/NFS/mkuyokwa/lungcxr/kaggle-negatives/Normal/Normal-1132.png,results/segments/Normal/Normal-1132.nrrd
/head/NFS/mkuyokwa/lungcxr/kaggle-negatives/Normal/Normal-1133.png,results/segments/Normal/Normal-1133.nrrd
/head/NFS/mkuyokwa/lungcxr/kaggle-negatives/Normal/Normal-1134.png,results/segments/Normal/Normal-1134.nrrd
/head/NFS/mkuyokwa/lungcxr/kaggle-negatives/Normal/Normal-1135.png,results/segments/Normal/Normal-1135.nrrd
/head/NFS/mkuyokwa/lungcxr/kaggle-negatives/Normal/Normal-1136.png,results/segments/Normal/Normal-1136.nrrd
/head/NFS/mkuyokwa/lungcxr/kaggle-negatives/Normal/Normal-1137.png,results/segments/Normal/Normal-1137.nrrd
/head/NFS/mkuyokwa/lungcxr/kaggle-negatives/Normal/Normal-1138.png,results/segments/Normal/Normal-1138.nrrd
/head/NFS/mkuyokwa/lungcxr/kaggle-negatives/Normal/Normal-1139.png,results/segments/Normal/Normal-1139.nrrd
/head/NFS/mkuyokwa/lungcxr/kaggle-negatives/Normal/Normal-114.png,results/segments/Normal/Normal-114.nrrd
/head/NFS/mkuyokwa/lungcxr/kaggle-negatives/Normal/Normal-1140.png,results/segments/Normal/Normal-1140.nrrd
/head/NFS/mkuyokwa/lungcxr/kaggle-negatives/Normal/Normal-1141.png,results/segments/Normal/Normal-1141.nrrd
/head/NFS/mkuyokwa/lungcxr/kaggle-negatives/Normal/Normal-1142.png,results/segments/Normal/Normal-1142.nrrd
/head/NFS/mkuyokwa/lungcxr/kaggle-negatives/Normal/Normal-1143.png,results/segments/Normal/Normal-1143.nrrd
/head/NFS/mkuyokwa/lungcxr/kaggle-negatives/Normal/Normal-1144.png,results/segments/Normal/Normal-1144.nrrd
/head/NFS/mkuyokwa/lungcxr/kaggle-negatives/Normal/Normal-1145.png,results/segments/Normal/Normal-1145.nrrd
/head/NFS/mkuyokwa/lungcxr/kaggle-negatives/Normal/Normal-1146.png,results/segments/Normal/Normal-1146.nrrd
/head/NFS/mkuyokwa/lungcxr/kaggle-negatives/Normal/Normal-1147.png,results/segments/Normal/Normal-1147.nrrd
/head/NFS/mkuyokwa/lungcxr/kaggle-negatives/Normal/Normal-1148.png,results/segments/Normal/Normal-1148.nrrd
/head/NFS/mkuyokwa/lungcxr/kaggle-negatives/Normal/Normal-1149.png,results/segments/Normal/Normal-1149.nrrd
/head/NFS/mkuyokwa/lungcxr/kaggle-negatives/Normal/Normal-115.png,results/segments/Normal/Normal-115.nrrd
/head/NFS/mkuyokwa/lungcxr/kaggle-negatives/Normal/Normal-1150.png,results/segments/Normal/Normal-1150.nrrd
/head/NFS/mkuyokwa/lungcxr/kaggle-negatives/Normal/Normal-1151.png,results/segments/Normal/Normal-1151.nrrd
/head/NFS/mkuyokwa/lungcxr/kaggle-negatives/Normal/Normal-1152.png,results/segments/Normal/Normal-1152.nrrd
/head/NFS/mkuyokwa/lungcxr/kaggle-negatives/Normal/Normal-1153.png,results/segments/Normal/Normal-1153.nrrd
/head/NFS/mkuyokwa/lungcxr/kaggle-negatives/Normal/Normal-1154.png,results/segments/Normal/Normal-1154.nrrd
/head/NFS/mkuyokwa/lungcxr/kaggle-negatives/Normal/Normal-1155.png,results/segments/Normal/Normal-1155.nrrd
/head/NFS/mkuyokwa/lungcxr/kaggle-negatives/Normal/Normal-1156.png,results/segments/Normal/Normal-1156.nrrd
/head/NFS/mkuyokwa/lungcxr/kaggle-negatives/Normal/Normal-1157.png,results/segments/Normal/Normal-1157.nrrd
/head/NFS/mkuyokwa/lungcxr/kaggle-negatives/Normal/Normal-1158.png,results/segments/Normal/Normal-1158.nrrd
/head/NFS/mkuyokwa/lungcxr/kaggle-negatives/Normal/Normal-1159.png,results/segments/Normal/Normal-1159.nrrd
/head/NFS/mkuyokwa/lungcxr/kaggle-negatives/Normal/Normal-116.png,results/segments/Normal/Normal-116.nrrd
/head/NFS/mkuyokwa/lungcxr/kaggle-negatives/Normal/Normal-1160.png,results/segments/Normal/Normal-1160.nrrd
/head/NFS/mkuyokwa/lungcxr/kaggle-negatives/Normal/Normal-1161.png,results/segments/Normal/Normal-1161.nrrd
/head/NFS/mkuyokwa/lungcxr/kaggle-negatives/Normal/Normal-1162.png,results/segments/Normal/Normal-1162.nrrd
/head/NFS/mkuyokwa/lungcxr/kaggle-negatives/Normal/Normal-1163.png,results/segments/Normal/Normal-1163.nrrd
/head/NFS/mkuyokwa/lungcxr/kaggle-negatives/Normal/Normal-1164.png,results/segments/Normal/Normal-1164.nrrd
/head/NFS/mkuyokwa/lungcxr/kaggle-negatives/Normal/Normal-1165.png,results/segments/Normal/Normal-1165.nrrd
/head/NFS/mkuyokwa/lungcxr/kaggle-negatives/Normal/Normal-1166.png,results/segments/Normal/Normal-1166.nrrd
/head/NFS/mkuyokwa/lungcxr/kaggle-negatives/Normal/Normal-1167.png,results/segments/Normal/Normal-1167.nrrd
/head/NFS/mkuyokwa/lungcxr/kaggle-negatives/Normal/Normal-1168.png,results/segments/Normal/Normal-1168.nrrd
/head/NFS/mkuyokwa/lungcxr/kaggle-negatives/Normal/Normal-1169.png,results/segments/Normal/Normal-1169.nrrd
/head/NFS/mkuyokwa/lungcxr/kaggle-negatives/Normal/Normal-117.png,results/segments/Normal/Normal-117.nrrd
/head/NFS/mkuyokwa/lungcxr/kaggle-negatives/Normal/Normal-1170.png,results/segments/Normal/Normal-1170.nrrd
/head/NFS/mkuyokwa/lungcxr/kaggle-negatives/Normal/Normal-1171.png,results/segments/Normal/Normal-1171.nrrd
/head/NFS/mkuyokwa/lungcxr/kaggle-negatives/Normal/Normal-1172.png,results/segments/Normal/Normal-1172.nrrd
/head/NFS/mkuyokwa/lungcxr/kaggle-negatives/Normal/Normal-1173.png,results/segments/Normal/Normal-1173.nrrd
/head/NFS/mkuyokwa/lungcxr/kaggle-negatives/Normal/Normal-1174.png,results/segments/Normal/Normal-1174.nrrd
/head/NFS/mkuyokwa/lungcxr/kaggle-negatives/Normal/Normal-1175.png,results/segments/Normal/Normal-1175.nrrd
/head/NFS/mkuyokwa/lungcxr/kaggle-negatives/Normal/Normal-1176.png,results/segments/Normal/Normal-1176.nrrd
/head/NFS/mkuyokwa/lungcxr/kaggle-negatives/Normal/Normal-1177.png,results/segments/Normal/Normal-1177.nrrd
/head/NFS/mkuyokwa/lungcxr/kaggle-negatives/Normal/Normal-1178.png,results/segments/Normal/Normal-1178.nrrd
/head/NFS/mkuyokwa/lungcxr/kaggle-negatives/Normal/Normal-1179.png,results/segments/Normal/Normal-1179.nrrd
/head/NFS/mkuyokwa/lungcxr/kaggle-negatives/Normal/Normal-118.png,results/segments/Normal/Normal-118.nrrd
/head/NFS/mkuyokwa/lungcxr/kaggle-negatives/Normal/Normal-1180.png,results/segments/Normal/Normal-1180.nrrd
/head/NFS/mkuyokwa/lungcxr/kaggle-negatives/Normal/Normal-1181.png,results/segments/Normal/Normal-1181.nrrd
/head/NFS/mkuyokwa/lungcxr/kaggle-negatives/Normal/Normal-1182.png,results/segments/Normal/Normal-1182.nrrd
/head/NFS/mkuyokwa/lungcxr/kaggle-negatives/Normal/Normal-1183.png,results/segments/Normal/Normal-1183.nrrd
/head/NFS/mkuyokwa/lungcxr/kaggle-negatives/Normal/Normal-1184.png,results/segments/Normal/Normal-1184.nrrd
/head/NFS/mkuyokwa/lungcxr/kaggle-negatives/Normal/Normal-1185.png,results/segments/Normal/Normal-1185.nrrd
/head/NFS/mkuyokwa/lungcxr/kaggle-negatives/Normal/Normal-1186.png,results/segments/Normal/Normal-1186.nrrd
/head/NFS/mkuyokwa/lungcxr/kaggle-negatives/Normal/Normal-1187.png,results/segments/Normal/Normal-1187.nrrd
/head/NFS/mkuyokwa/lungcxr/kaggle-negatives/Normal/Normal-1188.png,results/segments/Normal/Normal-1188.nrrd
/head/NFS/mkuyokwa/lungcxr/kaggle-negatives/Normal/Normal-1189.png,results/segments/Normal/Normal-1189.nrrd
/head/NFS/mkuyokwa/lungcxr/kaggle-negatives/Normal/Normal-119.png,results/segments/Normal/Normal-119.nrrd
/head/NFS/mkuyokwa/lungcxr/kaggle-negatives/Normal/Normal-1190.png,results/segments/Normal/Normal-1190.nrrd
/head/NFS/mkuyokwa/lungcxr/kaggle-negatives/Normal/Normal-1191.png,results/segments/Normal/Normal-1191.nrrd
/head/NFS/mkuyokwa/lungcxr/kaggle-negatives/Normal/Normal-1192.png,results/segments/Normal/Normal-1192.nrrd
/head/NFS/mkuyokwa/lungcxr/kaggle-negatives/Normal/Normal-1193.png,results/segments/Normal/Normal-1193.nrrd
/head/NFS/mkuyokwa/lungcxr/kaggle-negatives/Normal/Normal-1194.png,results/segments/Normal/Normal-1194.nrrd
/head/NFS/mkuyokwa/lungcxr/kaggle-negatives/Normal/Normal-1195.png,results/segments/Normal/Normal-1195.nrrd
/head/NFS/mkuyokwa/lungcxr/kaggle-negatives/Normal/Normal-1196.png,results/segments/Normal/Normal-1196.nrrd
/head/NFS/mkuyokwa/lungcxr/kaggle-negatives/Normal/Normal-1197.png,results/segments/Normal/Normal-1197.nrrd
/head/NFS/mkuyokwa/lungcxr/kaggle-negatives/Normal/Normal-1198.png,results/segments/Normal/Normal-1198.nrrd
/head/NFS/mkuyokwa/lungcxr/kaggle-negatives/Normal/Normal-1199.png,results/segments/Normal/Normal-1199.nrrd
/head/NFS/mkuyokwa/lungcxr/kaggle-negatives/Normal/Normal-12.png,results/segments/Normal/Normal-12.nrrd
/head/NFS/mkuyokwa/lungcxr/kaggle-negatives/Normal/Normal-120.png,results/segments/Normal/Normal-120.nrrd
/head/NFS/mkuyokwa/lungcxr/kaggle-negatives/Normal/Normal-1200.png,results/segments/Normal/Normal-1200.nrrd
/head/NFS/mkuyokwa/lungcxr/kaggle-negatives/Normal/Normal-1201.png,results/segments/Normal/Normal-1201.nrrd
/head/NFS/mkuyokwa/lungcxr/kaggle-negatives/Normal/Normal-1202.png,results/segments/Normal/Normal-1202.nrrd
/head/NFS/mkuyokwa/lungcxr/kaggle-negatives/Normal/Normal-1203.png,results/segments/Normal/Normal-1203.nrrd
/head/NFS/mkuyokwa/lungcxr/kaggle-negatives/Normal/Normal-1204.png,results/segments/Normal/Normal-1204.nrrd
/head/NFS/mkuyokwa/lungcxr/kaggle-negatives/Normal/Normal-1205.png,results/segments/Normal/Normal-1205.nrrd
/head/NFS/mkuyokwa/lungcxr/kaggle-negatives/Normal/Normal-1206.png,results/segments/Normal/Normal-1206.nrrd
/head/NFS/mkuyokwa/lungcxr/kaggle-negatives/Normal/Normal-1207.png,results/segments/Normal/Normal-1207.nrrd
/head/NFS/mkuyokwa/lungcxr/kaggle-negatives/Normal/Normal-1208.png,results/segments/Normal/Normal-1208.nrrd
/head/NFS/mkuyokwa/lungcxr/kaggle-negatives/Normal/Normal-1209.png,results/segments/Normal/Normal-1209.nrrd
/head/NFS/mkuyokwa/lungcxr/kaggle-negatives/Normal/Normal-121.png,results/segments/Normal/Normal-121.nrrd
/head/NFS/mkuyokwa/lungcxr/kaggle-negatives/Normal/Normal-1210.png,results/segments/Normal/Normal-1210.nrrd
/head/NFS/mkuyokwa/lungcxr/kaggle-negatives/Normal/Normal-1211.png,results/segments/Normal/Normal-1211.nrrd
/head/NFS/mkuyokwa/lungcxr/kaggle-negatives/Normal/Normal-1212.png,results/segments/Normal/Normal-1212.nrrd
/head/NFS/mkuyokwa/lungcxr/kaggle-negatives/Normal/Normal-1213.png,results/segments/Normal/Normal-1213.nrrd
/head/NFS/mkuyokwa/lungcxr/kaggle-negatives/Normal/Normal-1214.png,results/segments/Normal/Normal-1214.nrrd
/head/NFS/mkuyokwa/lungcxr/kaggle-negatives/Normal/Normal-1215.png,results/segments/Normal/Normal-1215.nrrd
/head/NFS/mkuyokwa/lungcxr/kaggle-negatives/Normal/Normal-1216.png,results/segments/Normal/Normal-1216.nrrd
/head/NFS/mkuyokwa/lungcxr/kaggle-negatives/Normal/Normal-1217.png,results/segments/Normal/Normal-1217.nrrd
/head/NFS/mkuyokwa/lungcxr/kaggle-negatives/Normal/Normal-1218.png,results/segments/Normal/Normal-1218.nrrd
/head/NFS/mkuyokwa/lungcxr/kaggle-negatives/Normal/Normal-1219.png,results/segments/Normal/Normal-1219.nrrd
/head/NFS/mkuyokwa/lungcxr/kaggle-negatives/Normal/Normal-122.png,results/segments/Normal/Normal-122.nrrd
/head/NFS/mkuyokwa/lungcxr/kaggle-negatives/Normal/Normal-1220.png,results/segments/Normal/Normal-1220.nrrd
/head/NFS/mkuyokwa/lungcxr/kaggle-negatives/Normal/Normal-1221.png,results/segments/Normal/Normal-1221.nrrd
/head/NFS/mkuyokwa/lungcxr/kaggle-negatives/Normal/Normal-1222.png,results/segments/Normal/Normal-1222.nrrd
/head/NFS/mkuyokwa/lungcxr/kaggle-negatives/Normal/Normal-1223.png,results/segments/Normal/Normal-1223.nrrd
/head/NFS/mkuyokwa/lungcxr/kaggle-negatives/Normal/Normal-1224.png,results/segments/Normal/Normal-1224.nrrd
/head/NFS/mkuyokwa/lungcxr/kaggle-negatives/Normal/Normal-1225.png,results/segments/Normal/Normal-1225.nrrd
/head/NFS/mkuyokwa/lungcxr/kaggle-negatives/Normal/Normal-1226.png,results/segments/Normal/Normal-1226.nrrd
/head/NFS/mkuyokwa/lungcxr/kaggle-negatives/Normal/Normal-1227.png,results/segments/Normal/Normal-1227.nrrd
/head/NFS/mkuyokwa/lungcxr/kaggle-negatives/Normal/Normal-1228.png,results/segments/Normal/Normal-1228.nrrd
/head/NFS/mkuyokwa/lungcxr/kaggle-negatives/Normal/Normal-1229.png,results/segments/Normal/Normal-1229.nrrd
/head/NFS/mkuyokwa/lungcxr/kaggle-negatives/Normal/Normal-123.png,results/segments/Normal/Normal-123.nrrd
/head/NFS/mkuyokwa/lungcxr/kaggle-negatives/Normal/Normal-1230.png,results/segments/Normal/Normal-1230.nrrd
/head/NFS/mkuyokwa/lungcxr/kaggle-negatives/Normal/Normal-1231.png,results/segments/Normal/Normal-1231.nrrd
/head/NFS/mkuyokwa/lungcxr/kaggle-negatives/Normal/Normal-1232.png,results/segments/Normal/Normal-1232.nrrd
/head/NFS/mkuyokwa/lungcxr/kaggle-negatives/Normal/Normal-1233.png,results/segments/Normal/Normal-1233.nrrd
/head/NFS/mkuyokwa/lungcxr/kaggle-negatives/Normal/Normal-1234.png,results/segments/Normal/Normal-1234.nrrd
/head/NFS/mkuyokwa/lungcxr/kaggle-negatives/Normal/Normal-1235.png,results/segments/Normal/Normal-1235.nrrd
/head/NFS/mkuyokwa/lungcxr/kaggle-negatives/Normal/Normal-1236.png,results/segments/Normal/Normal-1236.nrrd
/head/NFS/mkuyokwa/lungcxr/kaggle-negatives/Normal/Normal-1237.png,results/segments/Normal/Normal-1237.nrrd
/head/NFS/mkuyokwa/lungcxr/kaggle-negatives/Normal/Normal-1238.png,results/segments/Normal/Normal-1238.nrrd
/head/NFS/mkuyokwa/lungcxr/kaggle-negatives/Normal/Normal-1239.png,results/segments/Normal/Normal-1239.nrrd
/head/NFS/mkuyokwa/lungcxr/kaggle-negatives/Normal/Normal-124.png,results/segments/Normal/Normal-124.nrrd
/head/NFS/mkuyokwa/lungcxr/kaggle-negatives/Normal/Normal-1240.png,results/segments/Normal/Normal-1240.nrrd
/head/NFS/mkuyokwa/lungcxr/kaggle-negatives/Normal/Normal-1241.png,results/segments/Normal/Normal-1241.nrrd
/head/NFS/mkuyokwa/lungcxr/kaggle-negatives/Normal/Normal-1242.png,results/segments/Normal/Normal-1242.nrrd
/head/NFS/mkuyokwa/lungcxr/kaggle-negatives/Normal/Normal-1243.png,results/segments/Normal/Normal-1243.nrrd
/head/NFS/mkuyokwa/lungcxr/kaggle-negatives/Normal/Normal-1244.png,results/segments/Normal/Normal-1244.nrrd
/head/NFS/mkuyokwa/lungcxr/kaggle-negatives/Normal/Normal-1245.png,results/segments/Normal/Normal-1245.nrrd
/head/NFS/mkuyokwa/lungcxr/kaggle-negatives/Normal/Normal-1246.png,results/segments/Normal/Normal-1246.nrrd
/head/NFS/mkuyokwa/lungcxr/kaggle-negatives/Normal/Normal-1247.png,results/segments/Normal/Normal-1247.nrrd
/head/NFS/mkuyokwa/lungcxr/kaggle-negatives/Normal/Normal-1248.png,results/segments/Normal/Normal-1248.nrrd
/head/NFS/mkuyokwa/lungcxr/kaggle-negatives/Normal/Normal-1249.png,results/segments/Normal/Normal-1249.nrrd
/head/NFS/mkuyokwa/lungcxr/kaggle-negatives/Normal/Normal-125.png,results/segments/Normal/Normal-125.nrrd
/head/NFS/mkuyokwa/lungcxr/kaggle-negatives/Normal/Normal-1250.png,results/segments/Normal/Normal-1250.nrrd
/head/NFS/mkuyokwa/lungcxr/kaggle-negatives/Normal/Normal-1251.png,results/segments/Normal/Normal-1251.nrrd
/head/NFS/mkuyokwa/lungcxr/kaggle-negatives/Normal/Normal-1252.png,results/segments/Normal/Normal-1252.nrrd
/head/NFS/mkuyokwa/lungcxr/kaggle-negatives/Normal/Normal-1253.png,results/segments/Normal/Normal-1253.nrrd
/head/NFS/mkuyokwa/lungcxr/kaggle-negatives/Normal/Normal-1254.png,results/segments/Normal/Normal-1254.nrrd
/head/NFS/mkuyokwa/lungcxr/kaggle-negatives/Normal/Normal-1255.png,results/segments/Normal/Normal-1255.nrrd
/head/NFS/mkuyokwa/lungcxr/kaggle-negatives/Normal/Normal-1256.png,results/segments/Normal/Normal-1256.nrrd
/head/NFS/mkuyokwa/lungcxr/kaggle-negatives/Normal/Normal-1257.png,results/segments/Normal/Normal-1257.nrrd
/head/NFS/mkuyokwa/lungcxr/kaggle-negatives/Normal/Normal-1258.png,results/segments/Normal/Normal-1258.nrrd
/head/NFS/mkuyokwa/lungcxr/kaggle-negatives/Normal/Normal-1259.png,results/segments/Normal/Normal-1259.nrrd
/head/NFS/mkuyokwa/lungcxr/kaggle-negatives/Normal/Normal-126.png,results/segments/Normal/Normal-126.nrrd
/head/NFS/mkuyokwa/lungcxr/kaggle-negatives/Normal/Normal-1260.png,results/segments/Normal/Normal-1260.nrrd
/head/NFS/mkuyokwa/lungcxr/kaggle-negatives/Normal/Normal-1261.png,results/segments/Normal/Normal-1261.nrrd
/head/NFS/mkuyokwa/lungcxr/kaggle-negatives/Normal/Normal-1262.png,results/segments/Normal/Normal-1262.nrrd
/head/NFS/mkuyokwa/lungcxr/kaggle-negatives/Normal/Normal-1263.png,results/segments/Normal/Normal-1263.nrrd
/head/NFS/mkuyokwa/lungcxr/kaggle-negatives/Normal/Normal-1264.png,results/segments/Normal/Normal-1264.nrrd
/head/NFS/mkuyokwa/lungcxr/kaggle-negatives/Normal/Normal-1265.png,results/segments/Normal/Normal-1265.nrrd
/head/NFS/mkuyokwa/lungcxr/kaggle-negatives/Normal/Normal-1266.png,results/segments/Normal/Normal-1266.nrrd
/head/NFS/mkuyokwa/lungcxr/kaggle-negatives/Normal/Normal-1267.png,results/segments/Normal/Normal-1267.nrrd
/head/NFS/mkuyokwa/lungcxr/kaggle-negatives/Normal/Normal-1268.png,results/segments/Normal/Normal-1268.nrrd
/head/NFS/mkuyokwa/lungcxr/kaggle-negatives/Normal/Normal-1269.png,results/segments/Normal/Normal-1269.nrrd
/head/NFS/mkuyokwa/lungcxr/kaggle-negatives/Normal/Normal-127.png,results/segments/Normal/Normal-127.nrrd
/head/NFS/mkuyokwa/lungcxr/kaggle-negatives/Normal/Normal-1270.png,results/segments/Normal/Normal-1270.nrrd
/head/NFS/mkuyokwa/lungcxr/kaggle-negatives/Normal/Normal-1271.png,results/segments/Normal/Normal-1271.nrrd
/head/NFS/mkuyokwa/lungcxr/kaggle-negatives/Normal/Normal-1272.png,results/segments/Normal/Normal-1272.nrrd
/head/NFS/mkuyokwa/lungcxr/kaggle-negatives/Normal/Normal-1273.png,results/segments/Normal/Normal-1273.nrrd
/head/NFS/mkuyokwa/lungcxr/kaggle-negatives/Normal/Normal-1274.png,results/segments/Normal/Normal-1274.nrrd
/head/NFS/mkuyokwa/lungcxr/kaggle-negatives/Normal/Normal-1275.png,results/segments/Normal/Normal-1275.nrrd
/head/NFS/mkuyokwa/lungcxr/kaggle-negatives/Normal/Normal-1276.png,results/segments/Normal/Normal-1276.nrrd
/head/NFS/mkuyokwa/lungcxr/kaggle-negatives/Normal/Normal-1277.png,results/segments/Normal/Normal-1277.nrrd
/head/NFS/mkuyokwa/lungcxr/kaggle-negatives/Normal/Normal-1278.png,results/segments/Normal/Normal-1278.nrrd
/head/NFS/mkuyokwa/lungcxr/kaggle-negatives/Normal/Normal-1279.png,results/segments/Normal/Normal-1279.nrrd
/head/NFS/mkuyokwa/lungcxr/kaggle-negatives/Normal/Normal-128.png,results/segments/Normal/Normal-128.nrrd
/head/NFS/mkuyokwa/lungcxr/kaggle-negatives/Normal/Normal-1280.png,results/segments/Normal/Normal-1280.nrrd
/head/NFS/mkuyokwa/lungcxr/kaggle-negatives/Normal/Normal-1281.png,results/segments/Normal/Normal-1281.nrrd
/head/NFS/mkuyokwa/lungcxr/kaggle-negatives/Normal/Normal-1282.png,results/segments/Normal/Normal-1282.nrrd
/head/NFS/mkuyokwa/lungcxr/kaggle-negatives/Normal/Normal-1283.png,results/segments/Normal/Normal-1283.nrrd
/head/NFS/mkuyokwa/lungcxr/kaggle-negatives/Normal/Normal-1284.png,results/segments/Normal/Normal-1284.nrrd
/head/NFS/mkuyokwa/lungcxr/kaggle-negatives/Normal/Normal-1285.png,results/segments/Normal/Normal-1285.nrrd
/head/NFS/mkuyokwa/lungcxr/kaggle-negatives/Normal/Normal-1286.png,results/segments/Normal/Normal-1286.nrrd
/head/NFS/mkuyokwa/lungcxr/kaggle-negatives/Normal/Normal-1287.png,results/segments/Normal/Normal-1287.nrrd
/head/NFS/mkuyokwa/lungcxr/kaggle-negatives/Normal/Normal-1288.png,results/segments/Normal/Normal-1288.nrrd
/head/NFS/mkuyokwa/lungcxr/kaggle-negatives/Normal/Normal-1289.png,results/segments/Normal/Normal-1289.nrrd
/head/NFS/mkuyokwa/lungcxr/kaggle-negatives/Normal/Normal-129.png,results/segments/Normal/Normal-129.nrrd
/head/NFS/mkuyokwa/lungcxr/kaggle-negatives/Normal/Normal-1290.png,results/segments/Normal/Normal-1290.nrrd
/head/NFS/mkuyokwa/lungcxr/kaggle-negatives/Normal/Normal-1291.png,results/segments/Normal/Normal-1291.nrrd
/head/NFS/mkuyokwa/lungcxr/kaggle-negatives/Normal/Normal-1292.png,results/segments/Normal/Normal-1292.nrrd
/head/NFS/mkuyokwa/lungcxr/kaggle-negatives/Normal/Normal-1293.png,results/segments/Normal/Normal-1293.nrrd
/head/NFS/mkuyokwa/lungcxr/kaggle-negatives/Normal/Normal-1294.png,results/segments/Normal/Normal-1294.nrrd
/head/NFS/mkuyokwa/lungcxr/kaggle-negatives/Normal/Normal-1295.png,results/segments/Normal/Normal-1295.nrrd
/head/NFS/mkuyokwa/lungcxr/kaggle-negatives/Normal/Normal-1296.png,results/segments/Normal/Normal-1296.nrrd
/head/NFS/mkuyokwa/lungcxr/kaggle-negatives/Normal/Normal-1297.png,results/segments/Normal/Normal-1297.nrrd
/head/NFS/mkuyokwa/lungcxr/kaggle-negatives/Normal/Normal-1298.png,results/segments/Normal/Normal-1298.nrrd
/head/NFS/mkuyokwa/lungcxr/kaggle-negatives/Normal/Normal-1299.png,results/segments/Normal/Normal-1299.nrrd
/head/NFS/mkuyokwa/lungcxr/kaggle-negatives/Normal/Normal-13.png,results/segments/Normal/Normal-13.nrrd
/head/NFS/mkuyokwa/lungcxr/kaggle-negatives/Normal/Normal-130.png,results/segments/Normal/Normal-130.nrrd
/head/NFS/mkuyokwa/lungcxr/kaggle-negatives/Normal/Normal-1300.png,results/segments/Normal/Normal-1300.nrrd
/head/NFS/mkuyokwa/lungcxr/kaggle-negatives/Normal/Normal-1301.png,results/segments/Normal/Normal-1301.nrrd
/head/NFS/mkuyokwa/lungcxr/kaggle-negatives/Normal/Normal-1302.png,results/segments/Normal/Normal-1302.nrrd
/head/NFS/mkuyokwa/lungcxr/kaggle-negatives/Normal/Normal-1303.png,results/segments/Normal/Normal-1303.nrrd
/head/NFS/mkuyokwa/lungcxr/kaggle-negatives/Normal/Normal-1304.png,results/segments/Normal/Normal-1304.nrrd
/head/NFS/mkuyokwa/lungcxr/kaggle-negatives/Normal/Normal-1305.png,results/segments/Normal/Normal-1305.nrrd
/head/NFS/mkuyokwa/lungcxr/kaggle-negatives/Normal/Normal-1306.png,results/segments/Normal/Normal-1306.nrrd
/head/NFS/mkuyokwa/lungcxr/kaggle-negatives/Normal/Normal-1307.png,results/segments/Normal/Normal-1307.nrrd
/head/NFS/mkuyokwa/lungcxr/kaggle-negatives/Normal/Normal-1308.png,results/segments/Normal/Normal-1308.nrrd
/head/NFS/mkuyokwa/lungcxr/kaggle-negatives/Normal/Normal-1309.png,results/segments/Normal/Normal-1309.nrrd
/head/NFS/mkuyokwa/lungcxr/kaggle-negatives/Normal/Normal-131.png,results/segments/Normal/Normal-131.nrrd
/head/NFS/mkuyokwa/lungcxr/kaggle-negatives/Normal/Normal-1310.png,results/segments/Normal/Normal-1310.nrrd
/head/NFS/mkuyokwa/lungcxr/kaggle-negatives/Normal/Normal-1311.png,results/segments/Normal/Normal-1311.nrrd
/head/NFS/mkuyokwa/lungcxr/kaggle-negatives/Normal/Normal-1312.png,results/segments/Normal/Normal-1312.nrrd
/head/NFS/mkuyokwa/lungcxr/kaggle-negatives/Normal/Normal-1313.png,results/segments/Normal/Normal-1313.nrrd
/head/NFS/mkuyokwa/lungcxr/kaggle-negatives/Normal/Normal-1314.png,results/segments/Normal/Normal-1314.nrrd
/head/NFS/mkuyokwa/lungcxr/kaggle-negatives/Normal/Normal-1315.png,results/segments/Normal/Normal-1315.nrrd
/head/NFS/mkuyokwa/lungcxr/kaggle-negatives/Normal/Normal-1316.png,results/segments/Normal/Normal-1316.nrrd
/head/NFS/mkuyokwa/lungcxr/kaggle-negatives/Normal/Normal-1317.png,results/segments/Normal/Normal-1317.nrrd
/head/NFS/mkuyokwa/lungcxr/kaggle-negatives/Normal/Normal-1318.png,results/segments/Normal/Normal-1318.nrrd
/head/NFS/mkuyokwa/lungcxr/kaggle-negatives/Normal/Normal-1319.png,results/segments/Normal/Normal-1319.nrrd
/head/NFS/mkuyokwa/lungcxr/kaggle-negatives/Normal/Normal-132.png,results/segments/Normal/Normal-132.nrrd
/head/NFS/mkuyokwa/lungcxr/kaggle-negatives/Normal/Normal-1320.png,results/segments/Normal/Normal-1320.nrrd
/head/NFS/mkuyokwa/lungcxr/kaggle-negatives/Normal/Normal-1321.png,results/segments/Normal/Normal-1321.nrrd
/head/NFS/mkuyokwa/lungcxr/kaggle-negatives/Normal/Normal-1322.png,results/segments/Normal/Normal-1322.nrrd
/head/NFS/mkuyokwa/lungcxr/kaggle-negatives/Normal/Normal-1323.png,results/segments/Normal/Normal-1323.nrrd
/head/NFS/mkuyokwa/lungcxr/kaggle-negatives/Normal/Normal-1324.png,results/segments/Normal/Normal-1324.nrrd
/head/NFS/mkuyokwa/lungcxr/kaggle-negatives/Normal/Normal-1325.png,results/segments/Normal/Normal-1325.nrrd
/head/NFS/mkuyokwa/lungcxr/kaggle-negatives/Normal/Normal-1326.png,results/segments/Normal/Normal-1326.nrrd
/head/NFS/mkuyokwa/lungcxr/kaggle-negatives/Normal/Normal-1327.png,results/segments/Normal/Normal-1327.nrrd
/head/NFS/mkuyokwa/lungcxr/kaggle-negatives/Normal/Normal-1328.png,results/segments/Normal/Normal-1328.nrrd
/head/NFS/mkuyokwa/lungcxr/kaggle-negatives/Normal/Normal-1329.png,results/segments/Normal/Normal-1329.nrrd
/head/NFS/mkuyokwa/lungcxr/kaggle-negatives/Normal/Normal-133.png,results/segments/Normal/Normal-133.nrrd
/head/NFS/mkuyokwa/lungcxr/kaggle-negatives/Normal/Normal-1330.png,results/segments/Normal/Normal-1330.nrrd
/head/NFS/mkuyokwa/lungcxr/kaggle-negatives/Normal/Normal-1331.png,results/segments/Normal/Normal-1331.nrrd
/head/NFS/mkuyokwa/lungcxr/kaggle-negatives/Normal/Normal-1332.png,results/segments/Normal/Normal-1332.nrrd
/head/NFS/mkuyokwa/lungcxr/kaggle-negatives/Normal/Normal-1333.png,results/segments/Normal/Normal-1333.nrrd
/head/NFS/mkuyokwa/lungcxr/kaggle-negatives/Normal/Normal-1334.png,results/segments/Normal/Normal-1334.nrrd
/head/NFS/mkuyokwa/lungcxr/kaggle-negatives/Normal/Normal-1335.png,results/segments/Normal/Normal-1335.nrrd
/head/NFS/mkuyokwa/lungcxr/kaggle-negatives/Normal/Normal-1336.png,results/segments/Normal/Normal-1336.nrrd
/head/NFS/mkuyokwa/lungcxr/kaggle-negatives/Normal/Normal-1337.png,results/segments/Normal/Normal-1337.nrrd
/head/NFS/mkuyokwa/lungcxr/kaggle-negatives/Normal/Normal-1338.png,results/segments/Normal/Normal-1338.nrrd
/head/NFS/mkuyokwa/lungcxr/kaggle-negatives/Normal/Normal-1339.png,results/segments/Normal/Normal-1339.nrrd
/head/NFS/mkuyokwa/lungcxr/kaggle-negatives/Normal/Normal-134.png,results/segments/Normal/Normal-134.nrrd
/head/NFS/mkuyokwa/lungcxr/kaggle-negatives/Normal/Normal-1340.png,results/segments/Normal/Normal-1340.nrrd
/head/NFS/mkuyokwa/lungcxr/kaggle-negatives/Normal/Normal-1341.png,results/segments/Normal/Normal-1341.nrrd
/head/NFS/mkuyokwa/lungcxr/kaggle-negatives/Normal/Normal-1342.png,results/segments/Normal/Normal-1342.nrrd
/head/NFS/mkuyokwa/lungcxr/kaggle-negatives/Normal/Normal-1343.png,results/segments/Normal/Normal-1343.nrrd
/head/NFS/mkuyokwa/lungcxr/kaggle-negatives/Normal/Normal-1344.png,results/segments/Normal/Normal-1344.nrrd
/head/NFS/mkuyokwa/lungcxr/kaggle-negatives/Normal/Normal-1345.png,results/segments/Normal/Normal-1345.nrrd
/head/NFS/mkuyokwa/lungcxr/kaggle-negatives/Normal/Normal-1346.png,results/segments/Normal/Normal-1346.nrrd
/head/NFS/mkuyokwa/lungcxr/kaggle-negatives/Normal/Normal-1347.png,results/segments/Normal/Normal-1347.nrrd
/head/NFS/mkuyokwa/lungcxr/kaggle-negatives/Normal/Normal-1348.png,results/segments/Normal/Normal-1348.nrrd
/head/NFS/mkuyokwa/lungcxr/kaggle-negatives/Normal/Normal-1349.png,results/segments/Normal/Normal-1349.nrrd
/head/NFS/mkuyokwa/lungcxr/kaggle-negatives/Normal/Normal-135.png,results/segments/Normal/Normal-135.nrrd
/head/NFS/mkuyokwa/lungcxr/kaggle-negatives/Normal/Normal-1350.png,results/segments/Normal/Normal-1350.nrrd
/head/NFS/mkuyokwa/lungcxr/kaggle-negatives/Normal/Normal-1351.png,results/segments/Normal/Normal-1351.nrrd
/head/NFS/mkuyokwa/lungcxr/kaggle-negatives/Normal/Normal-1352.png,results/segments/Normal/Normal-1352.nrrd
/head/NFS/mkuyokwa/lungcxr/kaggle-negatives/Normal/Normal-1353.png,results/segments/Normal/Normal-1353.nrrd
/head/NFS/mkuyokwa/lungcxr/kaggle-negatives/Normal/Normal-1354.png,results/segments/Normal/Normal-1354.nrrd
/head/NFS/mkuyokwa/lungcxr/kaggle-negatives/Normal/Normal-1355.png,results/segments/Normal/Normal-1355.nrrd
/head/NFS/mkuyokwa/lungcxr/kaggle-negatives/Normal/Normal-1356.png,results/segments/Normal/Normal-1356.nrrd
/head/NFS/mkuyokwa/lungcxr/kaggle-negatives/Normal/Normal-1357.png,results/segments/Normal/Normal-1357.nrrd
/head/NFS/mkuyokwa/lungcxr/kaggle-negatives/Normal/Normal-1358.png,results/segments/Normal/Normal-1358.nrrd
/head/NFS/mkuyokwa/lungcxr/kaggle-negatives/Normal/Normal-1359.png,results/segments/Normal/Normal-1359.nrrd
/head/NFS/mkuyokwa/lungcxr/kaggle-negatives/Normal/Normal-136.png,results/segments/Normal/Normal-136.nrrd
/head/NFS/mkuyokwa/lungcxr/kaggle-negatives/Normal/Normal-1360.png,results/segments/Normal/Normal-1360.nrrd
/head/NFS/mkuyokwa/lungcxr/kaggle-negatives/Normal/Normal-1361.png,results/segments/Normal/Normal-1361.nrrd
/head/NFS/mkuyokwa/lungcxr/kaggle-negatives/Normal/Normal-1362.png,results/segments/Normal/Normal-1362.nrrd
/head/NFS/mkuyokwa/lungcxr/kaggle-negatives/Normal/Normal-1363.png,results/segments/Normal/Normal-1363.nrrd
/head/NFS/mkuyokwa/lungcxr/kaggle-negatives/Normal/Normal-1364.png,results/segments/Normal/Normal-1364.nrrd
/head/NFS/mkuyokwa/lungcxr/kaggle-negatives/Normal/Normal-1365.png,results/segments/Normal/Normal-1365.nrrd
/head/NFS/mkuyokwa/lungcxr/kaggle-negatives/Normal/Normal-1366.png,results/segments/Normal/Normal-1366.nrrd
/head/NFS/mkuyokwa/lungcxr/kaggle-negatives/Normal/Normal-1367.png,results/segments/Normal/Normal-1367.nrrd
/head/NFS/mkuyokwa/lungcxr/kaggle-negatives/Normal/Normal-1368.png,results/segments/Normal/Normal-1368.nrrd
/head/NFS/mkuyokwa/lungcxr/kaggle-negatives/Normal/Normal-1369.png,results/segments/Normal/Normal-1369.nrrd
/head/NFS/mkuyokwa/lungcxr/kaggle-negatives/Normal/Normal-137.png,results/segments/Normal/Normal-137.nrrd
/head/NFS/mkuyokwa/lungcxr/kaggle-negatives/Normal/Normal-1370.png,results/segments/Normal/Normal-1370.nrrd
/head/NFS/mkuyokwa/lungcxr/kaggle-negatives/Normal/Normal-1371.png,results/segments/Normal/Normal-1371.nrrd
/head/NFS/mkuyokwa/lungcxr/kaggle-negatives/Normal/Normal-1372.png,results/segments/Normal/Normal-1372.nrrd
/head/NFS/mkuyokwa/lungcxr/kaggle-negatives/Normal/Normal-1373.png,results/segments/Normal/Normal-1373.nrrd
/head/NFS/mkuyokwa/lungcxr/kaggle-negatives/Normal/Normal-1374.png,results/segments/Normal/Normal-1374.nrrd
/head/NFS/mkuyokwa/lungcxr/kaggle-negatives/Normal/Normal-1375.png,results/segments/Normal/Normal-1375.nrrd
/head/NFS/mkuyokwa/lungcxr/kaggle-negatives/Normal/Normal-1376.png,results/segments/Normal/Normal-1376.nrrd
/head/NFS/mkuyokwa/lungcxr/kaggle-negatives/Normal/Normal-1377.png,results/segments/Normal/Normal-1377.nrrd
/head/NFS/mkuyokwa/lungcxr/kaggle-negatives/Normal/Normal-1378.png,results/segments/Normal/Normal-1378.nrrd
/head/NFS/mkuyokwa/lungcxr/kaggle-negatives/Normal/Normal-1379.png,results/segments/Normal/Normal-1379.nrrd
/head/NFS/mkuyokwa/lungcxr/kaggle-negatives/Normal/Normal-138.png,results/segments/Normal/Normal-138.nrrd
/head/NFS/mkuyokwa/lungcxr/kaggle-negatives/Normal/Normal-1380.png,results/segments/Normal/Normal-1380.nrrd
/head/NFS/mkuyokwa/lungcxr/kaggle-negatives/Normal/Normal-1381.png,results/segments/Normal/Normal-1381.nrrd
/head/NFS/mkuyokwa/lungcxr/kaggle-negatives/Normal/Normal-1382.png,results/segments/Normal/Normal-1382.nrrd
/head/NFS/mkuyokwa/lungcxr/kaggle-negatives/Normal/Normal-1383.png,results/segments/Normal/Normal-1383.nrrd
/head/NFS/mkuyokwa/lungcxr/kaggle-negatives/Normal/Normal-1384.png,results/segments/Normal/Normal-1384.nrrd
/head/NFS/mkuyokwa/lungcxr/kaggle-negatives/Normal/Normal-1385.png,results/segments/Normal/Normal-1385.nrrd
/head/NFS/mkuyokwa/lungcxr/kaggle-negatives/Normal/Normal-1386.png,results/segments/Normal/Normal-1386.nrrd
/head/NFS/mkuyokwa/lungcxr/kaggle-negatives/Normal/Normal-1387.png,results/segments/Normal/Normal-1387.nrrd
/head/NFS/mkuyokwa/lungcxr/kaggle-negatives/Normal/Normal-1388.png,results/segments/Normal/Normal-1388.nrrd
/head/NFS/mkuyokwa/lungcxr/kaggle-negatives/Normal/Normal-1389.png,results/segments/Normal/Normal-1389.nrrd
/head/NFS/mkuyokwa/lungcxr/kaggle-negatives/Normal/Normal-139.png,results/segments/Normal/Normal-139.nrrd
/head/NFS/mkuyokwa/lungcxr/kaggle-negatives/Normal/Normal-1390.png,results/segments/Normal/Normal-1390.nrrd
/head/NFS/mkuyokwa/lungcxr/kaggle-negatives/Normal/Normal-1391.png,results/segments/Normal/Normal-1391.nrrd
/head/NFS/mkuyokwa/lungcxr/kaggle-negatives/Normal/Normal-1392.png,results/segments/Normal/Normal-1392.nrrd
/head/NFS/mkuyokwa/lungcxr/kaggle-negatives/Normal/Normal-1393.png,results/segments/Normal/Normal-1393.nrrd
/head/NFS/mkuyokwa/lungcxr/kaggle-negatives/Normal/Normal-1394.png,results/segments/Normal/Normal-1394.nrrd
/head/NFS/mkuyokwa/lungcxr/kaggle-negatives/Normal/Normal-1395.png,results/segments/Normal/Normal-1395.nrrd
/head/NFS/mkuyokwa/lungcxr/kaggle-negatives/Normal/Normal-1396.png,results/segments/Normal/Normal-1396.nrrd
/head/NFS/mkuyokwa/lungcxr/kaggle-negatives/Normal/Normal-1397.png,results/segments/Normal/Normal-1397.nrrd
/head/NFS/mkuyokwa/lungcxr/kaggle-negatives/Normal/Normal-1398.png,results/segments/Normal/Normal-1398.nrrd
/head/NFS/mkuyokwa/lungcxr/kaggle-negatives/Normal/Normal-1399.png,results/segments/Normal/Normal-1399.nrrd
/head/NFS/mkuyokwa/lungcxr/kaggle-negatives/Normal/Normal-14.png,results/segments/Normal/Normal-14.nrrd
/head/NFS/mkuyokwa/lungcxr/kaggle-negatives/Normal/Normal-140.png,results/segments/Normal/Normal-140.nrrd
/head/NFS/mkuyokwa/lungcxr/kaggle-negatives/Normal/Normal-1400.png,results/segments/Normal/Normal-1400.nrrd
/head/NFS/mkuyokwa/lungcxr/kaggle-negatives/Normal/Normal-1401.png,results/segments/Normal/Normal-1401.nrrd
/head/NFS/mkuyokwa/lungcxr/kaggle-negatives/Normal/Normal-1402.png,results/segments/Normal/Normal-1402.nrrd
/head/NFS/mkuyokwa/lungcxr/kaggle-negatives/Normal/Normal-1403.png,results/segments/Normal/Normal-1403.nrrd
/head/NFS/mkuyokwa/lungcxr/kaggle-negatives/Normal/Normal-1404.png,results/segments/Normal/Normal-1404.nrrd
/head/NFS/mkuyokwa/lungcxr/kaggle-negatives/Normal/Normal-1405.png,results/segments/Normal/Normal-1405.nrrd
/head/NFS/mkuyokwa/lungcxr/kaggle-negatives/Normal/Normal-1406.png,results/segments/Normal/Normal-1406.nrrd
/head/NFS/mkuyokwa/lungcxr/kaggle-negatives/Normal/Normal-1407.png,results/segments/Normal/Normal-1407.nrrd
/head/NFS/mkuyokwa/lungcxr/kaggle-negatives/Normal/Normal-1408.png,results/segments/Normal/Normal-1408.nrrd
/head/NFS/mkuyokwa/lungcxr/kaggle-negatives/Normal/Normal-1409.png,results/segments/Normal/Normal-1409.nrrd
/head/NFS/mkuyokwa/lungcxr/kaggle-negatives/Normal/Normal-141.png,results/segments/Normal/Normal-141.nrrd
/head/NFS/mkuyokwa/lungcxr/kaggle-negatives/Normal/Normal-1410.png,results/segments/Normal/Normal-1410.nrrd
/head/NFS/mkuyokwa/lungcxr/kaggle-negatives/Normal/Normal-1411.png,results/segments/Normal/Normal-1411.nrrd
/head/NFS/mkuyokwa/lungcxr/kaggle-negatives/Normal/Normal-1412.png,results/segments/Normal/Normal-1412.nrrd
/head/NFS/mkuyokwa/lungcxr/kaggle-negatives/Normal/Normal-1413.png,results/segments/Normal/Normal-1413.nrrd
/head/NFS/mkuyokwa/lungcxr/kaggle-negatives/Normal/Normal-1414.png,results/segments/Normal/Normal-1414.nrrd
/head/NFS/mkuyokwa/lungcxr/kaggle-negatives/Normal/Normal-1415.png,results/segments/Normal/Normal-1415.nrrd
/head/NFS/mkuyokwa/lungcxr/kaggle-negatives/Normal/Normal-1416.png,results/segments/Normal/Normal-1416.nrrd
/head/NFS/mkuyokwa/lungcxr/kaggle-negatives/Normal/Normal-1417.png,results/segments/Normal/Normal-1417.nrrd
/head/NFS/mkuyokwa/lungcxr/kaggle-negatives/Normal/Normal-1418.png,results/segments/Normal/Normal-1418.nrrd
/head/NFS/mkuyokwa/lungcxr/kaggle-negatives/Normal/Normal-1419.png,results/segments/Normal/Normal-1419.nrrd
/head/NFS/mkuyokwa/lungcxr/kaggle-negatives/Normal/Normal-142.png,results/segments/Normal/Normal-142.nrrd
/head/NFS/mkuyokwa/lungcxr/kaggle-negatives/Normal/Normal-1420.png,results/segments/Normal/Normal-1420.nrrd
/head/NFS/mkuyokwa/lungcxr/kaggle-negatives/Normal/Normal-1421.png,results/segments/Normal/Normal-1421.nrrd
/head/NFS/mkuyokwa/lungcxr/kaggle-negatives/Normal/Normal-1422.png,results/segments/Normal/Normal-1422.nrrd
/head/NFS/mkuyokwa/lungcxr/kaggle-negatives/Normal/Normal-1423.png,results/segments/Normal/Normal-1423.nrrd
/head/NFS/mkuyokwa/lungcxr/kaggle-negatives/Normal/Normal-1424.png,results/segments/Normal/Normal-1424.nrrd
/head/NFS/mkuyokwa/lungcxr/kaggle-negatives/Normal/Normal-1425.png,results/segments/Normal/Normal-1425.nrrd
/head/NFS/mkuyokwa/lungcxr/kaggle-negatives/Normal/Normal-1426.png,results/segments/Normal/Normal-1426.nrrd
/head/NFS/mkuyokwa/lungcxr/kaggle-negatives/Normal/Normal-1427.png,results/segments/Normal/Normal-1427.nrrd
/head/NFS/mkuyokwa/lungcxr/kaggle-negatives/Normal/Normal-1428.png,results/segments/Normal/Normal-1428.nrrd
/head/NFS/mkuyokwa/lungcxr/kaggle-negatives/Normal/Normal-1429.png,results/segments/Normal/Normal-1429.nrrd
/head/NFS/mkuyokwa/lungcxr/kaggle-negatives/Normal/Normal-143.png,results/segments/Normal/Normal-143.nrrd
/head/NFS/mkuyokwa/lungcxr/kaggle-negatives/Normal/Normal-1430.png,results/segments/Normal/Normal-1430.nrrd
/head/NFS/mkuyokwa/lungcxr/kaggle-negatives/Normal/Normal-1431.png,results/segments/Normal/Normal-1431.nrrd
/head/NFS/mkuyokwa/lungcxr/kaggle-negatives/Normal/Normal-1432.png,results/segments/Normal/Normal-1432.nrrd
/head/NFS/mkuyokwa/lungcxr/kaggle-negatives/Normal/Normal-1433.png,results/segments/Normal/Normal-1433.nrrd
/head/NFS/mkuyokwa/lungcxr/kaggle-negatives/Normal/Normal-1434.png,results/segments/Normal/Normal-1434.nrrd
/head/NFS/mkuyokwa/lungcxr/kaggle-negatives/Normal/Normal-1435.png,results/segments/Normal/Normal-1435.nrrd
/head/NFS/mkuyokwa/lungcxr/kaggle-negatives/Normal/Normal-1436.png,results/segments/Normal/Normal-1436.nrrd
/head/NFS/mkuyokwa/lungcxr/kaggle-negatives/Normal/Normal-1437.png,results/segments/Normal/Normal-1437.nrrd
/head/NFS/mkuyokwa/lungcxr/kaggle-negatives/Normal/Normal-1438.png,results/segments/Normal/Normal-1438.nrrd
/head/NFS/mkuyokwa/lungcxr/kaggle-negatives/Normal/Normal-1439.png,results/segments/Normal/Normal-1439.nrrd
/head/NFS/mkuyokwa/lungcxr/kaggle-negatives/Normal/Normal-144.png,results/segments/Normal/Normal-144.nrrd
/head/NFS/mkuyokwa/lungcxr/kaggle-negatives/Normal/Normal-1440.png,results/segments/Normal/Normal-1440.nrrd
/head/NFS/mkuyokwa/lungcxr/kaggle-negatives/Normal/Normal-1441.png,results/segments/Normal/Normal-1441.nrrd
/head/NFS/mkuyokwa/lungcxr/kaggle-negatives/Normal/Normal-1442.png,results/segments/Normal/Normal-1442.nrrd
/head/NFS/mkuyokwa/lungcxr/kaggle-negatives/Normal/Normal-1443.png,results/segments/Normal/Normal-1443.nrrd
/head/NFS/mkuyokwa/lungcxr/kaggle-negatives/Normal/Normal-1444.png,results/segments/Normal/Normal-1444.nrrd
/head/NFS/mkuyokwa/lungcxr/kaggle-negatives/Normal/Normal-1445.png,results/segments/Normal/Normal-1445.nrrd
/head/NFS/mkuyokwa/lungcxr/kaggle-negatives/Normal/Normal-1446.png,results/segments/Normal/Normal-1446.nrrd
/head/NFS/mkuyokwa/lungcxr/kaggle-negatives/Normal/Normal-1447.png,results/segments/Normal/Normal-1447.nrrd
/head/NFS/mkuyokwa/lungcxr/kaggle-negatives/Normal/Normal-1448.png,results/segments/Normal/Normal-1448.nrrd
/head/NFS/mkuyokwa/lungcxr/kaggle-negatives/Normal/Normal-1449.png,results/segments/Normal/Normal-1449.nrrd
/head/NFS/mkuyokwa/lungcxr/kaggle-negatives/Normal/Normal-145.png,results/segments/Normal/Normal-145.nrrd
/head/NFS/mkuyokwa/lungcxr/kaggle-negatives/Normal/Normal-1450.png,results/segments/Normal/Normal-1450.nrrd
/head/NFS/mkuyokwa/lungcxr/kaggle-negatives/Normal/Normal-1451.png,results/segments/Normal/Normal-1451.nrrd
/head/NFS/mkuyokwa/lungcxr/kaggle-negatives/Normal/Normal-1452.png,results/segments/Normal/Normal-1452.nrrd
/head/NFS/mkuyokwa/lungcxr/kaggle-negatives/Normal/Normal-1453.png,results/segments/Normal/Normal-1453.nrrd
/head/NFS/mkuyokwa/lungcxr/kaggle-negatives/Normal/Normal-1454.png,results/segments/Normal/Normal-1454.nrrd
/head/NFS/mkuyokwa/lungcxr/kaggle-negatives/Normal/Normal-1455.png,results/segments/Normal/Normal-1455.nrrd
/head/NFS/mkuyokwa/lungcxr/kaggle-negatives/Normal/Normal-1456.png,results/segments/Normal/Normal-1456.nrrd
/head/NFS/mkuyokwa/lungcxr/kaggle-negatives/Normal/Normal-1457.png,results/segments/Normal/Normal-1457.nrrd
/head/NFS/mkuyokwa/lungcxr/kaggle-negatives/Normal/Normal-1458.png,results/segments/Normal/Normal-1458.nrrd
/head/NFS/mkuyokwa/lungcxr/kaggle-negatives/Normal/Normal-1459.png,results/segments/Normal/Normal-1459.nrrd
/head/NFS/mkuyokwa/lungcxr/kaggle-negatives/Normal/Normal-146.png,results/segments/Normal/Normal-146.nrrd
/head/NFS/mkuyokwa/lungcxr/kaggle-negatives/Normal/Normal-1460.png,results/segments/Normal/Normal-1460.nrrd
/head/NFS/mkuyokwa/lungcxr/kaggle-negatives/Normal/Normal-1461.png,results/segments/Normal/Normal-1461.nrrd
/head/NFS/mkuyokwa/lungcxr/kaggle-negatives/Normal/Normal-1462.png,results/segments/Normal/Normal-1462.nrrd
/head/NFS/mkuyokwa/lungcxr/kaggle-negatives/Normal/Normal-1463.png,results/segments/Normal/Normal-1463.nrrd
/head/NFS/mkuyokwa/lungcxr/kaggle-negatives/Normal/Normal-1464.png,results/segments/Normal/Normal-1464.nrrd
/head/NFS/mkuyokwa/lungcxr/kaggle-negatives/Normal/Normal-1465.png,results/segments/Normal/Normal-1465.nrrd
/head/NFS/mkuyokwa/lungcxr/kaggle-negatives/Normal/Normal-1466.png,results/segments/Normal/Normal-1466.nrrd
/head/NFS/mkuyokwa/lungcxr/kaggle-negatives/Normal/Normal-1467.png,results/segments/Normal/Normal-1467.nrrd
/head/NFS/mkuyokwa/lungcxr/kaggle-negatives/Normal/Normal-1468.png,results/segments/Normal/Normal-1468.nrrd
/head/NFS/mkuyokwa/lungcxr/kaggle-negatives/Normal/Normal-1469.png,results/segments/Normal/Normal-1469.nrrd
/head/NFS/mkuyokwa/lungcxr/kaggle-negatives/Normal/Normal-147.png,results/segments/Normal/Normal-147.nrrd
/head/NFS/mkuyokwa/lungcxr/kaggle-negatives/Normal/Normal-1470.png,results/segments/Normal/Normal-1470.nrrd
/head/NFS/mkuyokwa/lungcxr/kaggle-negatives/Normal/Normal-1471.png,results/segments/Normal/Normal-1471.nrrd
/head/NFS/mkuyokwa/lungcxr/kaggle-negatives/Normal/Normal-1472.png,results/segments/Normal/Normal-1472.nrrd
/head/NFS/mkuyokwa/lungcxr/kaggle-negatives/Normal/Normal-1473.png,results/segments/Normal/Normal-1473.nrrd
/head/NFS/mkuyokwa/lungcxr/kaggle-negatives/Normal/Normal-1474.png,results/segments/Normal/Normal-1474.nrrd
/head/NFS/mkuyokwa/lungcxr/kaggle-negatives/Normal/Normal-1475.png,results/segments/Normal/Normal-1475.nrrd
/head/NFS/mkuyokwa/lungcxr/kaggle-negatives/Normal/Normal-1476.png,results/segments/Normal/Normal-1476.nrrd
/head/NFS/mkuyokwa/lungcxr/kaggle-negatives/Normal/Normal-1477.png,results/segments/Normal/Normal-1477.nrrd
/head/NFS/mkuyokwa/lungcxr/kaggle-negatives/Normal/Normal-1478.png,results/segments/Normal/Normal-1478.nrrd
/head/NFS/mkuyokwa/lungcxr/kaggle-negatives/Normal/Normal-1479.png,results/segments/Normal/Normal-1479.nrrd
/head/NFS/mkuyokwa/lungcxr/kaggle-negatives/Normal/Normal-148.png,results/segments/Normal/Normal-148.nrrd
/head/NFS/mkuyokwa/lungcxr/kaggle-negatives/Normal/Normal-1480.png,results/segments/Normal/Normal-1480.nrrd
/head/NFS/mkuyokwa/lungcxr/kaggle-negatives/Normal/Normal-1481.png,results/segments/Normal/Normal-1481.nrrd
/head/NFS/mkuyokwa/lungcxr/kaggle-negatives/Normal/Normal-1482.png,results/segments/Normal/Normal-1482.nrrd
/head/NFS/mkuyokwa/lungcxr/kaggle-negatives/Normal/Normal-1483.png,results/segments/Normal/Normal-1483.nrrd
/head/NFS/mkuyokwa/lungcxr/kaggle-negatives/Normal/Normal-1484.png,results/segments/Normal/Normal-1484.nrrd
/head/NFS/mkuyokwa/lungcxr/kaggle-negatives/Normal/Normal-1485.png,results/segments/Normal/Normal-1485.nrrd
/head/NFS/mkuyokwa/lungcxr/kaggle-negatives/Normal/Normal-1486.png,results/segments/Normal/Normal-1486.nrrd
/head/NFS/mkuyokwa/lungcxr/kaggle-negatives/Normal/Normal-1487.png,results/segments/Normal/Normal-1487.nrrd
/head/NFS/mkuyokwa/lungcxr/kaggle-negatives/Normal/Normal-1488.png,results/segments/Normal/Normal-1488.nrrd
/head/NFS/mkuyokwa/lungcxr/kaggle-negatives/Normal/Normal-1489.png,results/segments/Normal/Normal-1489.nrrd
/head/NFS/mkuyokwa/lungcxr/kaggle-negatives/Normal/Normal-149.png,results/segments/Normal/Normal-149.nrrd
/head/NFS/mkuyokwa/lungcxr/kaggle-negatives/Normal/Normal-1490.png,results/segments/Normal/Normal-1490.nrrd
/head/NFS/mkuyokwa/lungcxr/kaggle-negatives/Normal/Normal-1491.png,results/segments/Normal/Normal-1491.nrrd
/head/NFS/mkuyokwa/lungcxr/kaggle-negatives/Normal/Normal-1492.png,results/segments/Normal/Normal-1492.nrrd
/head/NFS/mkuyokwa/lungcxr/kaggle-negatives/Normal/Normal-1493.png,results/segments/Normal/Normal-1493.nrrd
/head/NFS/mkuyokwa/lungcxr/kaggle-negatives/Normal/Normal-1494.png,results/segments/Normal/Normal-1494.nrrd
/head/NFS/mkuyokwa/lungcxr/kaggle-negatives/Normal/Normal-1495.png,results/segments/Normal/Normal-1495.nrrd
/head/NFS/mkuyokwa/lungcxr/kaggle-negatives/Normal/Normal-1496.png,results/segments/Normal/Normal-1496.nrrd
/head/NFS/mkuyokwa/lungcxr/kaggle-negatives/Normal/Normal-1497.png,results/segments/Normal/Normal-1497.nrrd
/head/NFS/mkuyokwa/lungcxr/kaggle-negatives/Normal/Normal-1498.png,results/segments/Normal/Normal-1498.nrrd
/head/NFS/mkuyokwa/lungcxr/kaggle-negatives/Normal/Normal-1499.png,results/segments/Normal/Normal-1499.nrrd
/head/NFS/mkuyokwa/lungcxr/kaggle-negatives/Normal/Normal-15.png,results/segments/Normal/Normal-15.nrrd
/head/NFS/mkuyokwa/lungcxr/kaggle-negatives/Normal/Normal-150.png,results/segments/Normal/Normal-150.nrrd
/head/NFS/mkuyokwa/lungcxr/kaggle-negatives/Normal/Normal-1500.png,results/segments/Normal/Normal-1500.nrrd
/head/NFS/mkuyokwa/lungcxr/kaggle-negatives/Normal/Normal-1501.png,results/segments/Normal/Normal-1501.nrrd
/head/NFS/mkuyokwa/lungcxr/kaggle-negatives/Normal/Normal-1502.png,results/segments/Normal/Normal-1502.nrrd
/head/NFS/mkuyokwa/lungcxr/kaggle-negatives/Normal/Normal-1503.png,results/segments/Normal/Normal-1503.nrrd
/head/NFS/mkuyokwa/lungcxr/kaggle-negatives/Normal/Normal-1504.png,results/segments/Normal/Normal-1504.nrrd
/head/NFS/mkuyokwa/lungcxr/kaggle-negatives/Normal/Normal-1505.png,results/segments/Normal/Normal-1505.nrrd
/head/NFS/mkuyokwa/lungcxr/kaggle-negatives/Normal/Normal-1506.png,results/segments/Normal/Normal-1506.nrrd
/head/NFS/mkuyokwa/lungcxr/kaggle-negatives/Normal/Normal-1507.png,results/segments/Normal/Normal-1507.nrrd
/head/NFS/mkuyokwa/lungcxr/kaggle-negatives/Normal/Normal-1508.png,results/segments/Normal/Normal-1508.nrrd
/head/NFS/mkuyokwa/lungcxr/kaggle-negatives/Normal/Normal-1509.png,results/segments/Normal/Normal-1509.nrrd
/head/NFS/mkuyokwa/lungcxr/kaggle-negatives/Normal/Normal-151.png,results/segments/Normal/Normal-151.nrrd
/head/NFS/mkuyokwa/lungcxr/kaggle-negatives/Normal/Normal-1510.png,results/segments/Normal/Normal-1510.nrrd
/head/NFS/mkuyokwa/lungcxr/kaggle-negatives/Normal/Normal-1511.png,results/segments/Normal/Normal-1511.nrrd
/head/NFS/mkuyokwa/lungcxr/kaggle-negatives/Normal/Normal-1512.png,results/segments/Normal/Normal-1512.nrrd
/head/NFS/mkuyokwa/lungcxr/kaggle-negatives/Normal/Normal-1513.png,results/segments/Normal/Normal-1513.nrrd
/head/NFS/mkuyokwa/lungcxr/kaggle-negatives/Normal/Normal-1514.png,results/segments/Normal/Normal-1514.nrrd
/head/NFS/mkuyokwa/lungcxr/kaggle-negatives/Normal/Normal-1515.png,results/segments/Normal/Normal-1515.nrrd
/head/NFS/mkuyokwa/lungcxr/kaggle-negatives/Normal/Normal-1516.png,results/segments/Normal/Normal-1516.nrrd
/head/NFS/mkuyokwa/lungcxr/kaggle-negatives/Normal/Normal-1517.png,results/segments/Normal/Normal-1517.nrrd
/head/NFS/mkuyokwa/lungcxr/kaggle-negatives/Normal/Normal-1518.png,results/segments/Normal/Normal-1518.nrrd
/head/NFS/mkuyokwa/lungcxr/kaggle-negatives/Normal/Normal-1519.png,results/segments/Normal/Normal-1519.nrrd
/head/NFS/mkuyokwa/lungcxr/kaggle-negatives/Normal/Normal-152.png,results/segments/Normal/Normal-152.nrrd
/head/NFS/mkuyokwa/lungcxr/kaggle-negatives/Normal/Normal-1520.png,results/segments/Normal/Normal-1520.nrrd
/head/NFS/mkuyokwa/lungcxr/kaggle-negatives/Normal/Normal-1521.png,results/segments/Normal/Normal-1521.nrrd
/head/NFS/mkuyokwa/lungcxr/kaggle-negatives/Normal/Normal-1522.png,results/segments/Normal/Normal-1522.nrrd
/head/NFS/mkuyokwa/lungcxr/kaggle-negatives/Normal/Normal-1523.png,results/segments/Normal/Normal-1523.nrrd
/head/NFS/mkuyokwa/lungcxr/kaggle-negatives/Normal/Normal-1524.png,results/segments/Normal/Normal-1524.nrrd
/head/NFS/mkuyokwa/lungcxr/kaggle-negatives/Normal/Normal-1525.png,results/segments/Normal/Normal-1525.nrrd
/head/NFS/mkuyokwa/lungcxr/kaggle-negatives/Normal/Normal-1526.png,results/segments/Normal/Normal-1526.nrrd
/head/NFS/mkuyokwa/lungcxr/kaggle-negatives/Normal/Normal-1527.png,results/segments/Normal/Normal-1527.nrrd
/head/NFS/mkuyokwa/lungcxr/kaggle-negatives/Normal/Normal-1528.png,results/segments/Normal/Normal-1528.nrrd
/head/NFS/mkuyokwa/lungcxr/kaggle-negatives/Normal/Normal-1529.png,results/segments/Normal/Normal-1529.nrrd
/head/NFS/mkuyokwa/lungcxr/kaggle-negatives/Normal/Normal-153.png,results/segments/Normal/Normal-153.nrrd
/head/NFS/mkuyokwa/lungcxr/kaggle-negatives/Normal/Normal-1530.png,results/segments/Normal/Normal-1530.nrrd
/head/NFS/mkuyokwa/lungcxr/kaggle-negatives/Normal/Normal-1531.png,results/segments/Normal/Normal-1531.nrrd
/head/NFS/mkuyokwa/lungcxr/kaggle-negatives/Normal/Normal-1532.png,results/segments/Normal/Normal-1532.nrrd
/head/NFS/mkuyokwa/lungcxr/kaggle-negatives/Normal/Normal-1533.png,results/segments/Normal/Normal-1533.nrrd
/head/NFS/mkuyokwa/lungcxr/kaggle-negatives/Normal/Normal-1534.png,results/segments/Normal/Normal-1534.nrrd
/head/NFS/mkuyokwa/lungcxr/kaggle-negatives/Normal/Normal-1535.png,results/segments/Normal/Normal-1535.nrrd
/head/NFS/mkuyokwa/lungcxr/kaggle-negatives/Normal/Normal-1536.png,results/segments/Normal/Normal-1536.nrrd
/head/NFS/mkuyokwa/lungcxr/kaggle-negatives/Normal/Normal-1537.png,results/segments/Normal/Normal-1537.nrrd
/head/NFS/mkuyokwa/lungcxr/kaggle-negatives/Normal/Normal-1538.png,results/segments/Normal/Normal-1538.nrrd
/head/NFS/mkuyokwa/lungcxr/kaggle-negatives/Normal/Normal-1539.png,results/segments/Normal/Normal-1539.nrrd
/head/NFS/mkuyokwa/lungcxr/kaggle-negatives/Normal/Normal-154.png,results/segments/Normal/Normal-154.nrrd
/head/NFS/mkuyokwa/lungcxr/kaggle-negatives/Normal/Normal-1540.png,results/segments/Normal/Normal-1540.nrrd
/head/NFS/mkuyokwa/lungcxr/kaggle-negatives/Normal/Normal-1541.png,results/segments/Normal/Normal-1541.nrrd
/head/NFS/mkuyokwa/lungcxr/kaggle-negatives/Normal/Normal-1542.png,results/segments/Normal/Normal-1542.nrrd
/head/NFS/mkuyokwa/lungcxr/kaggle-negatives/Normal/Normal-1543.png,results/segments/Normal/Normal-1543.nrrd
/head/NFS/mkuyokwa/lungcxr/kaggle-negatives/Normal/Normal-1544.png,results/segments/Normal/Normal-1544.nrrd
/head/NFS/mkuyokwa/lungcxr/kaggle-negatives/Normal/Normal-1545.png,results/segments/Normal/Normal-1545.nrrd
/head/NFS/mkuyokwa/lungcxr/kaggle-negatives/Normal/Normal-1546.png,results/segments/Normal/Normal-1546.nrrd
/head/NFS/mkuyokwa/lungcxr/kaggle-negatives/Normal/Normal-1547.png,results/segments/Normal/Normal-1547.nrrd
/head/NFS/mkuyokwa/lungcxr/kaggle-negatives/Normal/Normal-1548.png,results/segments/Normal/Normal-1548.nrrd
/head/NFS/mkuyokwa/lungcxr/kaggle-negatives/Normal/Normal-1549.png,results/segments/Normal/Normal-1549.nrrd
/head/NFS/mkuyokwa/lungcxr/kaggle-negatives/Normal/Normal-155.png,results/segments/Normal/Normal-155.nrrd
/head/NFS/mkuyokwa/lungcxr/kaggle-negatives/Normal/Normal-1550.png,results/segments/Normal/Normal-1550.nrrd
/head/NFS/mkuyokwa/lungcxr/kaggle-negatives/Normal/Normal-1551.png,results/segments/Normal/Normal-1551.nrrd
/head/NFS/mkuyokwa/lungcxr/kaggle-negatives/Normal/Normal-1552.png,results/segments/Normal/Normal-1552.nrrd
/head/NFS/mkuyokwa/lungcxr/kaggle-negatives/Normal/Normal-1553.png,results/segments/Normal/Normal-1553.nrrd
/head/NFS/mkuyokwa/lungcxr/kaggle-negatives/Normal/Normal-1554.png,results/segments/Normal/Normal-1554.nrrd
/head/NFS/mkuyokwa/lungcxr/kaggle-negatives/Normal/Normal-1555.png,results/segments/Normal/Normal-1555.nrrd
/head/NFS/mkuyokwa/lungcxr/kaggle-negatives/Normal/Normal-1556.png,results/segments/Normal/Normal-1556.nrrd
/head/NFS/mkuyokwa/lungcxr/kaggle-negatives/Normal/Normal-1557.png,results/segments/Normal/Normal-1557.nrrd
/head/NFS/mkuyokwa/lungcxr/kaggle-negatives/Normal/Normal-1558.png,results/segments/Normal/Normal-1558.nrrd
/head/NFS/mkuyokwa/lungcxr/kaggle-negatives/Normal/Normal-1559.png,results/segments/Normal/Normal-1559.nrrd
/head/NFS/mkuyokwa/lungcxr/kaggle-negatives/Normal/Normal-156.png,results/segments/Normal/Normal-156.nrrd
/head/NFS/mkuyokwa/lungcxr/kaggle-negatives/Normal/Normal-1560.png,results/segments/Normal/Normal-1560.nrrd
/head/NFS/mkuyokwa/lungcxr/kaggle-negatives/Normal/Normal-1561.png,results/segments/Normal/Normal-1561.nrrd
/head/NFS/mkuyokwa/lungcxr/kaggle-negatives/Normal/Normal-1562.png,results/segments/Normal/Normal-1562.nrrd
/head/NFS/mkuyokwa/lungcxr/kaggle-negatives/Normal/Normal-1563.png,results/segments/Normal/Normal-1563.nrrd
/head/NFS/mkuyokwa/lungcxr/kaggle-negatives/Normal/Normal-1564.png,results/segments/Normal/Normal-1564.nrrd
/head/NFS/mkuyokwa/lungcxr/kaggle-negatives/Normal/Normal-1565.png,results/segments/Normal/Normal-1565.nrrd
/head/NFS/mkuyokwa/lungcxr/kaggle-negatives/Normal/Normal-1566.png,results/segments/Normal/Normal-1566.nrrd
/head/NFS/mkuyokwa/lungcxr/kaggle-negatives/Normal/Normal-1567.png,results/segments/Normal/Normal-1567.nrrd
/head/NFS/mkuyokwa/lungcxr/kaggle-negatives/Normal/Normal-1568.png,results/segments/Normal/Normal-1568.nrrd
/head/NFS/mkuyokwa/lungcxr/kaggle-negatives/Normal/Normal-1569.png,results/segments/Normal/Normal-1569.nrrd
/head/NFS/mkuyokwa/lungcxr/kaggle-negatives/Normal/Normal-157.png,results/segments/Normal/Normal-157.nrrd
/head/NFS/mkuyokwa/lungcxr/kaggle-negatives/Normal/Normal-1570.png,results/segments/Normal/Normal-1570.nrrd
/head/NFS/mkuyokwa/lungcxr/kaggle-negatives/Normal/Normal-1571.png,results/segments/Normal/Normal-1571.nrrd
/head/NFS/mkuyokwa/lungcxr/kaggle-negatives/Normal/Normal-1572.png,results/segments/Normal/Normal-1572.nrrd
/head/NFS/mkuyokwa/lungcxr/kaggle-negatives/Normal/Normal-1573.png,results/segments/Normal/Normal-1573.nrrd
/head/NFS/mkuyokwa/lungcxr/kaggle-negatives/Normal/Normal-1574.png,results/segments/Normal/Normal-1574.nrrd
/head/NFS/mkuyokwa/lungcxr/kaggle-negatives/Normal/Normal-1575.png,results/segments/Normal/Normal-1575.nrrd
/head/NFS/mkuyokwa/lungcxr/kaggle-negatives/Normal/Normal-1576.png,results/segments/Normal/Normal-1576.nrrd
/head/NFS/mkuyokwa/lungcxr/kaggle-negatives/Normal/Normal-1577.png,results/segments/Normal/Normal-1577.nrrd
/head/NFS/mkuyokwa/lungcxr/kaggle-negatives/Normal/Normal-1578.png,results/segments/Normal/Normal-1578.nrrd
/head/NFS/mkuyokwa/lungcxr/kaggle-negatives/Normal/Normal-1579.png,results/segments/Normal/Normal-1579.nrrd
/head/NFS/mkuyokwa/lungcxr/kaggle-negatives/Normal/Normal-158.png,results/segments/Normal/Normal-158.nrrd
/head/NFS/mkuyokwa/lungcxr/kaggle-negatives/Normal/Normal-1580.png,results/segments/Normal/Normal-1580.nrrd
/head/NFS/mkuyokwa/lungcxr/kaggle-negatives/Normal/Normal-1581.png,results/segments/Normal/Normal-1581.nrrd
/head/NFS/mkuyokwa/lungcxr/kaggle-negatives/Normal/Normal-1582.png,results/segments/Normal/Normal-1582.nrrd
/head/NFS/mkuyokwa/lungcxr/kaggle-negatives/Normal/Normal-1583.png,results/segments/Normal/Normal-1583.nrrd
/head/NFS/mkuyokwa/lungcxr/kaggle-negatives/Normal/Normal-1584.png,results/segments/Normal/Normal-1584.nrrd
/head/NFS/mkuyokwa/lungcxr/kaggle-negatives/Normal/Normal-1585.png,results/segments/Normal/Normal-1585.nrrd
/head/NFS/mkuyokwa/lungcxr/kaggle-negatives/Normal/Normal-1586.png,results/segments/Normal/Normal-1586.nrrd
/head/NFS/mkuyokwa/lungcxr/kaggle-negatives/Normal/Normal-1587.png,results/segments/Normal/Normal-1587.nrrd
/head/NFS/mkuyokwa/lungcxr/kaggle-negatives/Normal/Normal-1588.png,results/segments/Normal/Normal-1588.nrrd
/head/NFS/mkuyokwa/lungcxr/kaggle-negatives/Normal/Normal-1589.png,results/segments/Normal/Normal-1589.nrrd
/head/NFS/mkuyokwa/lungcxr/kaggle-negatives/Normal/Normal-159.png,results/segments/Normal/Normal-159.nrrd
/head/NFS/mkuyokwa/lungcxr/kaggle-negatives/Normal/Normal-1590.png,results/segments/Normal/Normal-1590.nrrd
/head/NFS/mkuyokwa/lungcxr/kaggle-negatives/Normal/Normal-1591.png,results/segments/Normal/Normal-1591.nrrd
/head/NFS/mkuyokwa/lungcxr/kaggle-negatives/Normal/Normal-1592.png,results/segments/Normal/Normal-1592.nrrd
/head/NFS/mkuyokwa/lungcxr/kaggle-negatives/Normal/Normal-1593.png,results/segments/Normal/Normal-1593.nrrd
/head/NFS/mkuyokwa/lungcxr/kaggle-negatives/Normal/Normal-1594.png,results/segments/Normal/Normal-1594.nrrd
/head/NFS/mkuyokwa/lungcxr/kaggle-negatives/Normal/Normal-1595.png,results/segments/Normal/Normal-1595.nrrd
/head/NFS/mkuyokwa/lungcxr/kaggle-negatives/Normal/Normal-1596.png,results/segments/Normal/Normal-1596.nrrd
/head/NFS/mkuyokwa/lungcxr/kaggle-negatives/Normal/Normal-1597.png,results/segments/Normal/Normal-1597.nrrd
/head/NFS/mkuyokwa/lungcxr/kaggle-negatives/Normal/Normal-1598.png,results/segments/Normal/Normal-1598.nrrd
/head/NFS/mkuyokwa/lungcxr/kaggle-negatives/Normal/Normal-1599.png,results/segments/Normal/Normal-1599.nrrd
/head/NFS/mkuyokwa/lungcxr/kaggle-negatives/Normal/Normal-16.png,results/segments/Normal/Normal-16.nrrd
/head/NFS/mkuyokwa/lungcxr/kaggle-negatives/Normal/Normal-160.png,results/segments/Normal/Normal-160.nrrd
/head/NFS/mkuyokwa/lungcxr/kaggle-negatives/Normal/Normal-1600.png,results/segments/Normal/Normal-1600.nrrd
/head/NFS/mkuyokwa/lungcxr/kaggle-negatives/Normal/Normal-1601.png,results/segments/Normal/Normal-1601.nrrd
/head/NFS/mkuyokwa/lungcxr/kaggle-negatives/Normal/Normal-1602.png,results/segments/Normal/Normal-1602.nrrd
/head/NFS/mkuyokwa/lungcxr/kaggle-negatives/Normal/Normal-1603.png,results/segments/Normal/Normal-1603.nrrd
/head/NFS/mkuyokwa/lungcxr/kaggle-negatives/Normal/Normal-1604.png,results/segments/Normal/Normal-1604.nrrd
/head/NFS/mkuyokwa/lungcxr/kaggle-negatives/Normal/Normal-1605.png,results/segments/Normal/Normal-1605.nrrd
/head/NFS/mkuyokwa/lungcxr/kaggle-negatives/Normal/Normal-1606.png,results/segments/Normal/Normal-1606.nrrd
/head/NFS/mkuyokwa/lungcxr/kaggle-negatives/Normal/Normal-1607.png,results/segments/Normal/Normal-1607.nrrd
/head/NFS/mkuyokwa/lungcxr/kaggle-negatives/Normal/Normal-1608.png,results/segments/Normal/Normal-1608.nrrd
/head/NFS/mkuyokwa/lungcxr/kaggle-negatives/Normal/Normal-1609.png,results/segments/Normal/Normal-1609.nrrd
/head/NFS/mkuyokwa/lungcxr/kaggle-negatives/Normal/Normal-161.png,results/segments/Normal/Normal-161.nrrd
/head/NFS/mkuyokwa/lungcxr/kaggle-negatives/Normal/Normal-1610.png,results/segments/Normal/Normal-1610.nrrd
/head/NFS/mkuyokwa/lungcxr/kaggle-negatives/Normal/Normal-1611.png,results/segments/Normal/Normal-1611.nrrd
/head/NFS/mkuyokwa/lungcxr/kaggle-negatives/Normal/Normal-1612.png,results/segments/Normal/Normal-1612.nrrd
/head/NFS/mkuyokwa/lungcxr/kaggle-negatives/Normal/Normal-1613.png,results/segments/Normal/Normal-1613.nrrd
/head/NFS/mkuyokwa/lungcxr/kaggle-negatives/Normal/Normal-1614.png,results/segments/Normal/Normal-1614.nrrd
/head/NFS/mkuyokwa/lungcxr/kaggle-negatives/Normal/Normal-1615.png,results/segments/Normal/Normal-1615.nrrd
/head/NFS/mkuyokwa/lungcxr/kaggle-negatives/Normal/Normal-1616.png,results/segments/Normal/Normal-1616.nrrd
/head/NFS/mkuyokwa/lungcxr/kaggle-negatives/Normal/Normal-1617.png,results/segments/Normal/Normal-1617.nrrd
/head/NFS/mkuyokwa/lungcxr/kaggle-negatives/Normal/Normal-1618.png,results/segments/Normal/Normal-1618.nrrd
/head/NFS/mkuyokwa/lungcxr/kaggle-negatives/Normal/Normal-1619.png,results/segments/Normal/Normal-1619.nrrd
/head/NFS/mkuyokwa/lungcxr/kaggle-negatives/Normal/Normal-162.png,results/segments/Normal/Normal-162.nrrd
/head/NFS/mkuyokwa/lungcxr/kaggle-negatives/Normal/Normal-1620.png,results/segments/Normal/Normal-1620.nrrd
/head/NFS/mkuyokwa/lungcxr/kaggle-negatives/Normal/Normal-1621.png,results/segments/Normal/Normal-1621.nrrd
/head/NFS/mkuyokwa/lungcxr/kaggle-negatives/Normal/Normal-1622.png,results/segments/Normal/Normal-1622.nrrd
/head/NFS/mkuyokwa/lungcxr/kaggle-negatives/Normal/Normal-1623.png,results/segments/Normal/Normal-1623.nrrd
/head/NFS/mkuyokwa/lungcxr/kaggle-negatives/Normal/Normal-1624.png,results/segments/Normal/Normal-1624.nrrd
/head/NFS/mkuyokwa/lungcxr/kaggle-negatives/Normal/Normal-1625.png,results/segments/Normal/Normal-1625.nrrd
/head/NFS/mkuyokwa/lungcxr/kaggle-negatives/Normal/Normal-1626.png,results/segments/Normal/Normal-1626.nrrd
/head/NFS/mkuyokwa/lungcxr/kaggle-negatives/Normal/Normal-1627.png,results/segments/Normal/Normal-1627.nrrd
/head/NFS/mkuyokwa/lungcxr/kaggle-negatives/Normal/Normal-1628.png,results/segments/Normal/Normal-1628.nrrd
/head/NFS/mkuyokwa/lungcxr/kaggle-negatives/Normal/Normal-1629.png,results/segments/Normal/Normal-1629.nrrd
/head/NFS/mkuyokwa/lungcxr/kaggle-negatives/Normal/Normal-163.png,results/segments/Normal/Normal-163.nrrd
/head/NFS/mkuyokwa/lungcxr/kaggle-negatives/Normal/Normal-1630.png,results/segments/Normal/Normal-1630.nrrd
/head/NFS/mkuyokwa/lungcxr/kaggle-negatives/Normal/Normal-1631.png,results/segments/Normal/Normal-1631.nrrd
/head/NFS/mkuyokwa/lungcxr/kaggle-negatives/Normal/Normal-1632.png,results/segments/Normal/Normal-1632.nrrd
/head/NFS/mkuyokwa/lungcxr/kaggle-negatives/Normal/Normal-1633.png,results/segments/Normal/Normal-1633.nrrd
/head/NFS/mkuyokwa/lungcxr/kaggle-negatives/Normal/Normal-1634.png,results/segments/Normal/Normal-1634.nrrd
/head/NFS/mkuyokwa/lungcxr/kaggle-negatives/Normal/Normal-1635.png,results/segments/Normal/Normal-1635.nrrd
/head/NFS/mkuyokwa/lungcxr/kaggle-negatives/Normal/Normal-1636.png,results/segments/Normal/Normal-1636.nrrd
/head/NFS/mkuyokwa/lungcxr/kaggle-negatives/Normal/Normal-1637.png,results/segments/Normal/Normal-1637.nrrd
/head/NFS/mkuyokwa/lungcxr/kaggle-negatives/Normal/Normal-1638.png,results/segments/Normal/Normal-1638.nrrd
/head/NFS/mkuyokwa/lungcxr/kaggle-negatives/Normal/Normal-1639.png,results/segments/Normal/Normal-1639.nrrd
/head/NFS/mkuyokwa/lungcxr/kaggle-negatives/Normal/Normal-164.png,results/segments/Normal/Normal-164.nrrd
/head/NFS/mkuyokwa/lungcxr/kaggle-negatives/Normal/Normal-1640.png,results/segments/Normal/Normal-1640.nrrd
/head/NFS/mkuyokwa/lungcxr/kaggle-negatives/Normal/Normal-1641.png,results/segments/Normal/Normal-1641.nrrd
/head/NFS/mkuyokwa/lungcxr/kaggle-negatives/Normal/Normal-1642.png,results/segments/Normal/Normal-1642.nrrd
/head/NFS/mkuyokwa/lungcxr/kaggle-negatives/Normal/Normal-1643.png,results/segments/Normal/Normal-1643.nrrd
/head/NFS/mkuyokwa/lungcxr/kaggle-negatives/Normal/Normal-1644.png,results/segments/Normal/Normal-1644.nrrd
/head/NFS/mkuyokwa/lungcxr/kaggle-negatives/Normal/Normal-1645.png,results/segments/Normal/Normal-1645.nrrd
/head/NFS/mkuyokwa/lungcxr/kaggle-negatives/Normal/Normal-1646.png,results/segments/Normal/Normal-1646.nrrd
/head/NFS/mkuyokwa/lungcxr/kaggle-negatives/Normal/Normal-1647.png,results/segments/Normal/Normal-1647.nrrd
/head/NFS/mkuyokwa/lungcxr/kaggle-negatives/Normal/Normal-1648.png,results/segments/Normal/Normal-1648.nrrd
/head/NFS/mkuyokwa/lungcxr/kaggle-negatives/Normal/Normal-1649.png,results/segments/Normal/Normal-1649.nrrd
/head/NFS/mkuyokwa/lungcxr/kaggle-negatives/Normal/Normal-165.png,results/segments/Normal/Normal-165.nrrd
/head/NFS/mkuyokwa/lungcxr/kaggle-negatives/Normal/Normal-1650.png,results/segments/Normal/Normal-1650.nrrd
/head/NFS/mkuyokwa/lungcxr/kaggle-negatives/Normal/Normal-1651.png,results/segments/Normal/Normal-1651.nrrd
/head/NFS/mkuyokwa/lungcxr/kaggle-negatives/Normal/Normal-1652.png,results/segments/Normal/Normal-1652.nrrd
/head/NFS/mkuyokwa/lungcxr/kaggle-negatives/Normal/Normal-1653.png,results/segments/Normal/Normal-1653.nrrd
/head/NFS/mkuyokwa/lungcxr/kaggle-negatives/Normal/Normal-1654.png,results/segments/Normal/Normal-1654.nrrd
/head/NFS/mkuyokwa/lungcxr/kaggle-negatives/Normal/Normal-1655.png,results/segments/Normal/Normal-1655.nrrd
/head/NFS/mkuyokwa/lungcxr/kaggle-negatives/Normal/Normal-1656.png,results/segments/Normal/Normal-1656.nrrd
/head/NFS/mkuyokwa/lungcxr/kaggle-negatives/Normal/Normal-1657.png,results/segments/Normal/Normal-1657.nrrd
/head/NFS/mkuyokwa/lungcxr/kaggle-negatives/Normal/Normal-1658.png,results/segments/Normal/Normal-1658.nrrd
/head/NFS/mkuyokwa/lungcxr/kaggle-negatives/Normal/Normal-1659.png,results/segments/Normal/Normal-1659.nrrd
/head/NFS/mkuyokwa/lungcxr/kaggle-negatives/Normal/Normal-166.png,results/segments/Normal/Normal-166.nrrd
/head/NFS/mkuyokwa/lungcxr/kaggle-negatives/Normal/Normal-1660.png,results/segments/Normal/Normal-1660.nrrd
/head/NFS/mkuyokwa/lungcxr/kaggle-negatives/Normal/Normal-1661.png,results/segments/Normal/Normal-1661.nrrd
/head/NFS/mkuyokwa/lungcxr/kaggle-negatives/Normal/Normal-1662.png,results/segments/Normal/Normal-1662.nrrd
/head/NFS/mkuyokwa/lungcxr/kaggle-negatives/Normal/Normal-1663.png,results/segments/Normal/Normal-1663.nrrd
/head/NFS/mkuyokwa/lungcxr/kaggle-negatives/Normal/Normal-1664.png,results/segments/Normal/Normal-1664.nrrd
/head/NFS/mkuyokwa/lungcxr/kaggle-negatives/Normal/Normal-1665.png,results/segments/Normal/Normal-1665.nrrd
/head/NFS/mkuyokwa/lungcxr/kaggle-negatives/Normal/Normal-1666.png,results/segments/Normal/Normal-1666.nrrd
/head/NFS/mkuyokwa/lungcxr/kaggle-negatives/Normal/Normal-1667.png,results/segments/Normal/Normal-1667.nrrd
/head/NFS/mkuyokwa/lungcxr/kaggle-negatives/Normal/Normal-1668.png,results/segments/Normal/Normal-1668.nrrd
/head/NFS/mkuyokwa/lungcxr/kaggle-negatives/Normal/Normal-1669.png,results/segments/Normal/Normal-1669.nrrd
/head/NFS/mkuyokwa/lungcxr/kaggle-negatives/Normal/Normal-167.png,results/segments/Normal/Normal-167.nrrd
/head/NFS/mkuyokwa/lungcxr/kaggle-negatives/Normal/Normal-1670.png,results/segments/Normal/Normal-1670.nrrd
/head/NFS/mkuyokwa/lungcxr/kaggle-negatives/Normal/Normal-1671.png,results/segments/Normal/Normal-1671.nrrd
/head/NFS/mkuyokwa/lungcxr/kaggle-negatives/Normal/Normal-1672.png,results/segments/Normal/Normal-1672.nrrd
/head/NFS/mkuyokwa/lungcxr/kaggle-negatives/Normal/Normal-1673.png,results/segments/Normal/Normal-1673.nrrd
/head/NFS/mkuyokwa/lungcxr/kaggle-negatives/Normal/Normal-1674.png,results/segments/Normal/Normal-1674.nrrd
/head/NFS/mkuyokwa/lungcxr/kaggle-negatives/Normal/Normal-1675.png,results/segments/Normal/Normal-1675.nrrd
/head/NFS/mkuyokwa/lungcxr/kaggle-negatives/Normal/Normal-1676.png,results/segments/Normal/Normal-1676.nrrd
/head/NFS/mkuyokwa/lungcxr/kaggle-negatives/Normal/Normal-1677.png,results/segments/Normal/Normal-1677.nrrd
/head/NFS/mkuyokwa/lungcxr/kaggle-negatives/Normal/Normal-1678.png,results/segments/Normal/Normal-1678.nrrd
/head/NFS/mkuyokwa/lungcxr/kaggle-negatives/Normal/Normal-1679.png,results/segments/Normal/Normal-1679.nrrd
/head/NFS/mkuyokwa/lungcxr/kaggle-negatives/Normal/Normal-168.png,results/segments/Normal/Normal-168.nrrd
/head/NFS/mkuyokwa/lungcxr/kaggle-negatives/Normal/Normal-1680.png,results/segments/Normal/Normal-1680.nrrd
/head/NFS/mkuyokwa/lungcxr/kaggle-negatives/Normal/Normal-1681.png,results/segments/Normal/Normal-1681.nrrd
/head/NFS/mkuyokwa/lungcxr/kaggle-negatives/Normal/Normal-1682.png,results/segments/Normal/Normal-1682.nrrd
/head/NFS/mkuyokwa/lungcxr/kaggle-negatives/Normal/Normal-1683.png,results/segments/Normal/Normal-1683.nrrd
/head/NFS/mkuyokwa/lungcxr/kaggle-negatives/Normal/Normal-1684.png,results/segments/Normal/Normal-1684.nrrd
/head/NFS/mkuyokwa/lungcxr/kaggle-negatives/Normal/Normal-1685.png,results/segments/Normal/Normal-1685.nrrd
/head/NFS/mkuyokwa/lungcxr/kaggle-negatives/Normal/Normal-1686.png,results/segments/Normal/Normal-1686.nrrd
/head/NFS/mkuyokwa/lungcxr/kaggle-negatives/Normal/Normal-1687.png,results/segments/Normal/Normal-1687.nrrd
/head/NFS/mkuyokwa/lungcxr/kaggle-negatives/Normal/Normal-1688.png,results/segments/Normal/Normal-1688.nrrd
/head/NFS/mkuyokwa/lungcxr/kaggle-negatives/Normal/Normal-1689.png,results/segments/Normal/Normal-1689.nrrd
/head/NFS/mkuyokwa/lungcxr/kaggle-negatives/Normal/Normal-169.png,results/segments/Normal/Normal-169.nrrd
/head/NFS/mkuyokwa/lungcxr/kaggle-negatives/Normal/Normal-1690.png,results/segments/Normal/Normal-1690.nrrd
/head/NFS/mkuyokwa/lungcxr/kaggle-negatives/Normal/Normal-1691.png,results/segments/Normal/Normal-1691.nrrd
/head/NFS/mkuyokwa/lungcxr/kaggle-negatives/Normal/Normal-1692.png,results/segments/Normal/Normal-1692.nrrd
/head/NFS/mkuyokwa/lungcxr/kaggle-negatives/Normal/Normal-1693.png,results/segments/Normal/Normal-1693.nrrd
/head/NFS/mkuyokwa/lungcxr/kaggle-negatives/Normal/Normal-1694.png,results/segments/Normal/Normal-1694.nrrd
/head/NFS/mkuyokwa/lungcxr/kaggle-negatives/Normal/Normal-1695.png,results/segments/Normal/Normal-1695.nrrd
/head/NFS/mkuyokwa/lungcxr/kaggle-negatives/Normal/Normal-1696.png,results/segments/Normal/Normal-1696.nrrd
/head/NFS/mkuyokwa/lungcxr/kaggle-negatives/Normal/Normal-1697.png,results/segments/Normal/Normal-1697.nrrd
/head/NFS/mkuyokwa/lungcxr/kaggle-negatives/Normal/Normal-1698.png,results/segments/Normal/Normal-1698.nrrd
/head/NFS/mkuyokwa/lungcxr/kaggle-negatives/Normal/Normal-1699.png,results/segments/Normal/Normal-1699.nrrd
/head/NFS/mkuyokwa/lungcxr/kaggle-negatives/Normal/Normal-17.png,results/segments/Normal/Normal-17.nrrd
/head/NFS/mkuyokwa/lungcxr/kaggle-negatives/Normal/Normal-170.png,results/segments/Normal/Normal-170.nrrd
/head/NFS/mkuyokwa/lungcxr/kaggle-negatives/Normal/Normal-1700.png,results/segments/Normal/Normal-1700.nrrd
/head/NFS/mkuyokwa/lungcxr/kaggle-negatives/Normal/Normal-1701.png,results/segments/Normal/Normal-1701.nrrd
/head/NFS/mkuyokwa/lungcxr/kaggle-negatives/Normal/Normal-1702.png,results/segments/Normal/Normal-1702.nrrd
/head/NFS/mkuyokwa/lungcxr/kaggle-negatives/Normal/Normal-1703.png,results/segments/Normal/Normal-1703.nrrd
/head/NFS/mkuyokwa/lungcxr/kaggle-negatives/Normal/Normal-1704.png,results/segments/Normal/Normal-1704.nrrd
/head/NFS/mkuyokwa/lungcxr/kaggle-negatives/Normal/Normal-1705.png,results/segments/Normal/Normal-1705.nrrd
/head/NFS/mkuyokwa/lungcxr/kaggle-negatives/Normal/Normal-1706.png,results/segments/Normal/Normal-1706.nrrd
/head/NFS/mkuyokwa/lungcxr/kaggle-negatives/Normal/Normal-1707.png,results/segments/Normal/Normal-1707.nrrd
/head/NFS/mkuyokwa/lungcxr/kaggle-negatives/Normal/Normal-1708.png,results/segments/Normal/Normal-1708.nrrd
/head/NFS/mkuyokwa/lungcxr/kaggle-negatives/Normal/Normal-1709.png,results/segments/Normal/Normal-1709.nrrd
/head/NFS/mkuyokwa/lungcxr/kaggle-negatives/Normal/Normal-171.png,results/segments/Normal/Normal-171.nrrd
/head/NFS/mkuyokwa/lungcxr/kaggle-negatives/Normal/Normal-1710.png,results/segments/Normal/Normal-1710.nrrd
/head/NFS/mkuyokwa/lungcxr/kaggle-negatives/Normal/Normal-1711.png,results/segments/Normal/Normal-1711.nrrd
/head/NFS/mkuyokwa/lungcxr/kaggle-negatives/Normal/Normal-1712.png,results/segments/Normal/Normal-1712.nrrd
/head/NFS/mkuyokwa/lungcxr/kaggle-negatives/Normal/Normal-1713.png,results/segments/Normal/Normal-1713.nrrd
/head/NFS/mkuyokwa/lungcxr/kaggle-negatives/Normal/Normal-1714.png,results/segments/Normal/Normal-1714.nrrd
/head/NFS/mkuyokwa/lungcxr/kaggle-negatives/Normal/Normal-1715.png,results/segments/Normal/Normal-1715.nrrd
/head/NFS/mkuyokwa/lungcxr/kaggle-negatives/Normal/Normal-1716.png,results/segments/Normal/Normal-1716.nrrd
/head/NFS/mkuyokwa/lungcxr/kaggle-negatives/Normal/Normal-1717.png,results/segments/Normal/Normal-1717.nrrd
/head/NFS/mkuyokwa/lungcxr/kaggle-negatives/Normal/Normal-1718.png,results/segments/Normal/Normal-1718.nrrd
/head/NFS/mkuyokwa/lungcxr/kaggle-negatives/Normal/Normal-1719.png,results/segments/Normal/Normal-1719.nrrd
/head/NFS/mkuyokwa/lungcxr/kaggle-negatives/Normal/Normal-172.png,results/segments/Normal/Normal-172.nrrd
/head/NFS/mkuyokwa/lungcxr/kaggle-negatives/Normal/Normal-1720.png,results/segments/Normal/Normal-1720.nrrd
/head/NFS/mkuyokwa/lungcxr/kaggle-negatives/Normal/Normal-1721.png,results/segments/Normal/Normal-1721.nrrd
/head/NFS/mkuyokwa/lungcxr/kaggle-negatives/Normal/Normal-1722.png,results/segments/Normal/Normal-1722.nrrd
/head/NFS/mkuyokwa/lungcxr/kaggle-negatives/Normal/Normal-1723.png,results/segments/Normal/Normal-1723.nrrd
/head/NFS/mkuyokwa/lungcxr/kaggle-negatives/Normal/Normal-1724.png,results/segments/Normal/Normal-1724.nrrd
/head/NFS/mkuyokwa/lungcxr/kaggle-negatives/Normal/Normal-1725.png,results/segments/Normal/Normal-1725.nrrd
/head/NFS/mkuyokwa/lungcxr/kaggle-negatives/Normal/Normal-1726.png,results/segments/Normal/Normal-1726.nrrd
/head/NFS/mkuyokwa/lungcxr/kaggle-negatives/Normal/Normal-1727.png,results/segments/Normal/Normal-1727.nrrd
/head/NFS/mkuyokwa/lungcxr/kaggle-negatives/Normal/Normal-1728.png,results/segments/Normal/Normal-1728.nrrd
/head/NFS/mkuyokwa/lungcxr/kaggle-negatives/Normal/Normal-1729.png,results/segments/Normal/Normal-1729.nrrd
/head/NFS/mkuyokwa/lungcxr/kaggle-negatives/Normal/Normal-173.png,results/segments/Normal/Normal-173.nrrd
/head/NFS/mkuyokwa/lungcxr/kaggle-negatives/Normal/Normal-1730.png,results/segments/Normal/Normal-1730.nrrd
/head/NFS/mkuyokwa/lungcxr/kaggle-negatives/Normal/Normal-1731.png,results/segments/Normal/Normal-1731.nrrd
/head/NFS/mkuyokwa/lungcxr/kaggle-negatives/Normal/Normal-1732.png,results/segments/Normal/Normal-1732.nrrd
/head/NFS/mkuyokwa/lungcxr/kaggle-negatives/Normal/Normal-1733.png,results/segments/Normal/Normal-1733.nrrd
/head/NFS/mkuyokwa/lungcxr/kaggle-negatives/Normal/Normal-1734.png,results/segments/Normal/Normal-1734.nrrd
/head/NFS/mkuyokwa/lungcxr/kaggle-negatives/Normal/Normal-1735.png,results/segments/Normal/Normal-1735.nrrd
/head/NFS/mkuyokwa/lungcxr/kaggle-negatives/Normal/Normal-1736.png,results/segments/Normal/Normal-1736.nrrd
/head/NFS/mkuyokwa/lungcxr/kaggle-negatives/Normal/Normal-1737.png,results/segments/Normal/Normal-1737.nrrd
/head/NFS/mkuyokwa/lungcxr/kaggle-negatives/Normal/Normal-1738.png,results/segments/Normal/Normal-1738.nrrd
/head/NFS/mkuyokwa/lungcxr/kaggle-negatives/Normal/Normal-1739.png,results/segments/Normal/Normal-1739.nrrd
/head/NFS/mkuyokwa/lungcxr/kaggle-negatives/Normal/Normal-174.png,results/segments/Normal/Normal-174.nrrd
/head/NFS/mkuyokwa/lungcxr/kaggle-negatives/Normal/Normal-1740.png,results/segments/Normal/Normal-1740.nrrd
/head/NFS/mkuyokwa/lungcxr/kaggle-negatives/Normal/Normal-1741.png,results/segments/Normal/Normal-1741.nrrd
/head/NFS/mkuyokwa/lungcxr/kaggle-negatives/Normal/Normal-1742.png,results/segments/Normal/Normal-1742.nrrd
/head/NFS/mkuyokwa/lungcxr/kaggle-negatives/Normal/Normal-1743.png,results/segments/Normal/Normal-1743.nrrd
/head/NFS/mkuyokwa/lungcxr/kaggle-negatives/Normal/Normal-1744.png,results/segments/Normal/Normal-1744.nrrd
/head/NFS/mkuyokwa/lungcxr/kaggle-negatives/Normal/Normal-1745.png,results/segments/Normal/Normal-1745.nrrd
/head/NFS/mkuyokwa/lungcxr/kaggle-negatives/Normal/Normal-1746.png,results/segments/Normal/Normal-1746.nrrd
/head/NFS/mkuyokwa/lungcxr/kaggle-negatives/Normal/Normal-1747.png,results/segments/Normal/Normal-1747.nrrd
/head/NFS/mkuyokwa/lungcxr/kaggle-negatives/Normal/Normal-1748.png,results/segments/Normal/Normal-1748.nrrd
/head/NFS/mkuyokwa/lungcxr/kaggle-negatives/Normal/Normal-1749.png,results/segments/Normal/Normal-1749.nrrd
/head/NFS/mkuyokwa/lungcxr/kaggle-negatives/Normal/Normal-175.png,results/segments/Normal/Normal-175.nrrd
/head/NFS/mkuyokwa/lungcxr/kaggle-negatives/Normal/Normal-1750.png,results/segments/Normal/Normal-1750.nrrd
/head/NFS/mkuyokwa/lungcxr/kaggle-negatives/Normal/Normal-1751.png,results/segments/Normal/Normal-1751.nrrd
/head/NFS/mkuyokwa/lungcxr/kaggle-negatives/Normal/Normal-1752.png,results/segments/Normal/Normal-1752.nrrd
/head/NFS/mkuyokwa/lungcxr/kaggle-negatives/Normal/Normal-1753.png,results/segments/Normal/Normal-1753.nrrd
/head/NFS/mkuyokwa/lungcxr/kaggle-negatives/Normal/Normal-1754.png,results/segments/Normal/Normal-1754.nrrd
/head/NFS/mkuyokwa/lungcxr/kaggle-negatives/Normal/Normal-1755.png,results/segments/Normal/Normal-1755.nrrd
/head/NFS/mkuyokwa/lungcxr/kaggle-negatives/Normal/Normal-1756.png,results/segments/Normal/Normal-1756.nrrd
/head/NFS/mkuyokwa/lungcxr/kaggle-negatives/Normal/Normal-1757.png,results/segments/Normal/Normal-1757.nrrd
/head/NFS/mkuyokwa/lungcxr/kaggle-negatives/Normal/Normal-1758.png,results/segments/Normal/Normal-1758.nrrd
/head/NFS/mkuyokwa/lungcxr/kaggle-negatives/Normal/Normal-1759.png,results/segments/Normal/Normal-1759.nrrd
/head/NFS/mkuyokwa/lungcxr/kaggle-negatives/Normal/Normal-176.png,results/segments/Normal/Normal-176.nrrd
/head/NFS/mkuyokwa/lungcxr/kaggle-negatives/Normal/Normal-1760.png,results/segments/Normal/Normal-1760.nrrd
/head/NFS/mkuyokwa/lungcxr/kaggle-negatives/Normal/Normal-1761.png,results/segments/Normal/Normal-1761.nrrd
/head/NFS/mkuyokwa/lungcxr/kaggle-negatives/Normal/Normal-1762.png,results/segments/Normal/Normal-1762.nrrd
/head/NFS/mkuyokwa/lungcxr/kaggle-negatives/Normal/Normal-1763.png,results/segments/Normal/Normal-1763.nrrd
/head/NFS/mkuyokwa/lungcxr/kaggle-negatives/Normal/Normal-1764.png,results/segments/Normal/Normal-1764.nrrd
/head/NFS/mkuyokwa/lungcxr/kaggle-negatives/Normal/Normal-1765.png,results/segments/Normal/Normal-1765.nrrd
/head/NFS/mkuyokwa/lungcxr/kaggle-negatives/Normal/Normal-1766.png,results/segments/Normal/Normal-1766.nrrd
/head/NFS/mkuyokwa/lungcxr/kaggle-negatives/Normal/Normal-1767.png,results/segments/Normal/Normal-1767.nrrd
/head/NFS/mkuyokwa/lungcxr/kaggle-negatives/Normal/Normal-1768.png,results/segments/Normal/Normal-1768.nrrd
/head/NFS/mkuyokwa/lungcxr/kaggle-negatives/Normal/Normal-1769.png,results/segments/Normal/Normal-1769.nrrd
/head/NFS/mkuyokwa/lungcxr/kaggle-negatives/Normal/Normal-177.png,results/segments/Normal/Normal-177.nrrd
/head/NFS/mkuyokwa/lungcxr/kaggle-negatives/Normal/Normal-1770.png,results/segments/Normal/Normal-1770.nrrd
/head/NFS/mkuyokwa/lungcxr/kaggle-negatives/Normal/Normal-1771.png,results/segments/Normal/Normal-1771.nrrd
/head/NFS/mkuyokwa/lungcxr/kaggle-negatives/Normal/Normal-1772.png,results/segments/Normal/Normal-1772.nrrd
/head/NFS/mkuyokwa/lungcxr/kaggle-negatives/Normal/Normal-1773.png,results/segments/Normal/Normal-1773.nrrd
/head/NFS/mkuyokwa/lungcxr/kaggle-negatives/Normal/Normal-1774.png,results/segments/Normal/Normal-1774.nrrd
/head/NFS/mkuyokwa/lungcxr/kaggle-negatives/Normal/Normal-1775.png,results/segments/Normal/Normal-1775.nrrd
/head/NFS/mkuyokwa/lungcxr/kaggle-negatives/Normal/Normal-1776.png,results/segments/Normal/Normal-1776.nrrd
/head/NFS/mkuyokwa/lungcxr/kaggle-negatives/Normal/Normal-1777.png,results/segments/Normal/Normal-1777.nrrd
/head/NFS/mkuyokwa/lungcxr/kaggle-negatives/Normal/Normal-1778.png,results/segments/Normal/Normal-1778.nrrd
/head/NFS/mkuyokwa/lungcxr/kaggle-negatives/Normal/Normal-1779.png,results/segments/Normal/Normal-1779.nrrd
/head/NFS/mkuyokwa/lungcxr/kaggle-negatives/Normal/Normal-178.png,results/segments/Normal/Normal-178.nrrd
/head/NFS/mkuyokwa/lungcxr/kaggle-negatives/Normal/Normal-1780.png,results/segments/Normal/Normal-1780.nrrd
/head/NFS/mkuyokwa/lungcxr/kaggle-negatives/Normal/Normal-1781.png,results/segments/Normal/Normal-1781.nrrd
/head/NFS/mkuyokwa/lungcxr/kaggle-negatives/Normal/Normal-1782.png,results/segments/Normal/Normal-1782.nrrd
/head/NFS/mkuyokwa/lungcxr/kaggle-negatives/Normal/Normal-1783.png,results/segments/Normal/Normal-1783.nrrd
/head/NFS/mkuyokwa/lungcxr/kaggle-negatives/Normal/Normal-1784.png,results/segments/Normal/Normal-1784.nrrd
/head/NFS/mkuyokwa/lungcxr/kaggle-negatives/Normal/Normal-1785.png,results/segments/Normal/Normal-1785.nrrd
/head/NFS/mkuyokwa/lungcxr/kaggle-negatives/Normal/Normal-1786.png,results/segments/Normal/Normal-1786.nrrd
/head/NFS/mkuyokwa/lungcxr/kaggle-negatives/Normal/Normal-1787.png,results/segments/Normal/Normal-1787.nrrd
/head/NFS/mkuyokwa/lungcxr/kaggle-negatives/Normal/Normal-1788.png,results/segments/Normal/Normal-1788.nrrd
/head/NFS/mkuyokwa/lungcxr/kaggle-negatives/Normal/Normal-1789.png,results/segments/Normal/Normal-1789.nrrd
/head/NFS/mkuyokwa/lungcxr/kaggle-negatives/Normal/Normal-179.png,results/segments/Normal/Normal-179.nrrd
/head/NFS/mkuyokwa/lungcxr/kaggle-negatives/Normal/Normal-1790.png,results/segments/Normal/Normal-1790.nrrd
/head/NFS/mkuyokwa/lungcxr/kaggle-negatives/Normal/Normal-1791.png,results/segments/Normal/Normal-1791.nrrd
/head/NFS/mkuyokwa/lungcxr/kaggle-negatives/Normal/Normal-1792.png,results/segments/Normal/Normal-1792.nrrd
/head/NFS/mkuyokwa/lungcxr/kaggle-negatives/Normal/Normal-1793.png,results/segments/Normal/Normal-1793.nrrd
/head/NFS/mkuyokwa/lungcxr/kaggle-negatives/Normal/Normal-1794.png,results/segments/Normal/Normal-1794.nrrd
/head/NFS/mkuyokwa/lungcxr/kaggle-negatives/Normal/Normal-1795.png,results/segments/Normal/Normal-1795.nrrd
/head/NFS/mkuyokwa/lungcxr/kaggle-negatives/Normal/Normal-1796.png,results/segments/Normal/Normal-1796.nrrd
/head/NFS/mkuyokwa/lungcxr/kaggle-negatives/Normal/Normal-1797.png,results/segments/Normal/Normal-1797.nrrd
/head/NFS/mkuyokwa/lungcxr/kaggle-negatives/Normal/Normal-1798.png,results/segments/Normal/Normal-1798.nrrd
/head/NFS/mkuyokwa/lungcxr/kaggle-negatives/Normal/Normal-1799.png,results/segments/Normal/Normal-1799.nrrd
/head/NFS/mkuyokwa/lungcxr/kaggle-negatives/Normal/Normal-18.png,results/segments/Normal/Normal-18.nrrd
/head/NFS/mkuyokwa/lungcxr/kaggle-negatives/Normal/Normal-180.png,results/segments/Normal/Normal-180.nrrd
/head/NFS/mkuyokwa/lungcxr/kaggle-negatives/Normal/Normal-1800.png,results/segments/Normal/Normal-1800.nrrd
/head/NFS/mkuyokwa/lungcxr/kaggle-negatives/Normal/Normal-1801.png,results/segments/Normal/Normal-1801.nrrd
/head/NFS/mkuyokwa/lungcxr/kaggle-negatives/Normal/Normal-1802.png,results/segments/Normal/Normal-1802.nrrd
/head/NFS/mkuyokwa/lungcxr/kaggle-negatives/Normal/Normal-1803.png,results/segments/Normal/Normal-1803.nrrd
/head/NFS/mkuyokwa/lungcxr/kaggle-negatives/Normal/Normal-1804.png,results/segments/Normal/Normal-1804.nrrd
/head/NFS/mkuyokwa/lungcxr/kaggle-negatives/Normal/Normal-1805.png,results/segments/Normal/Normal-1805.nrrd
/head/NFS/mkuyokwa/lungcxr/kaggle-negatives/Normal/Normal-1806.png,results/segments/Normal/Normal-1806.nrrd
/head/NFS/mkuyokwa/lungcxr/kaggle-negatives/Normal/Normal-1807.png,results/segments/Normal/Normal-1807.nrrd
/head/NFS/mkuyokwa/lungcxr/kaggle-negatives/Normal/Normal-1808.png,results/segments/Normal/Normal-1808.nrrd
/head/NFS/mkuyokwa/lungcxr/kaggle-negatives/Normal/Normal-1809.png,results/segments/Normal/Normal-1809.nrrd
/head/NFS/mkuyokwa/lungcxr/kaggle-negatives/Normal/Normal-181.png,results/segments/Normal/Normal-181.nrrd
/head/NFS/mkuyokwa/lungcxr/kaggle-negatives/Normal/Normal-1810.png,results/segments/Normal/Normal-1810.nrrd
/head/NFS/mkuyokwa/lungcxr/kaggle-negatives/Normal/Normal-1811.png,results/segments/Normal/Normal-1811.nrrd
/head/NFS/mkuyokwa/lungcxr/kaggle-negatives/Normal/Normal-1812.png,results/segments/Normal/Normal-1812.nrrd
/head/NFS/mkuyokwa/lungcxr/kaggle-negatives/Normal/Normal-1813.png,results/segments/Normal/Normal-1813.nrrd
/head/NFS/mkuyokwa/lungcxr/kaggle-negatives/Normal/Normal-1814.png,results/segments/Normal/Normal-1814.nrrd
/head/NFS/mkuyokwa/lungcxr/kaggle-negatives/Normal/Normal-1815.png,results/segments/Normal/Normal-1815.nrrd
/head/NFS/mkuyokwa/lungcxr/kaggle-negatives/Normal/Normal-1816.png,results/segments/Normal/Normal-1816.nrrd
/head/NFS/mkuyokwa/lungcxr/kaggle-negatives/Normal/Normal-1817.png,results/segments/Normal/Normal-1817.nrrd
/head/NFS/mkuyokwa/lungcxr/kaggle-negatives/Normal/Normal-1818.png,results/segments/Normal/Normal-1818.nrrd
/head/NFS/mkuyokwa/lungcxr/kaggle-negatives/Normal/Normal-1819.png,results/segments/Normal/Normal-1819.nrrd
/head/NFS/mkuyokwa/lungcxr/kaggle-negatives/Normal/Normal-182.png,results/segments/Normal/Normal-182.nrrd
/head/NFS/mkuyokwa/lungcxr/kaggle-negatives/Normal/Normal-1820.png,results/segments/Normal/Normal-1820.nrrd
/head/NFS/mkuyokwa/lungcxr/kaggle-negatives/Normal/Normal-1821.png,results/segments/Normal/Normal-1821.nrrd
/head/NFS/mkuyokwa/lungcxr/kaggle-negatives/Normal/Normal-1822.png,results/segments/Normal/Normal-1822.nrrd
/head/NFS/mkuyokwa/lungcxr/kaggle-negatives/Normal/Normal-1823.png,results/segments/Normal/Normal-1823.nrrd
/head/NFS/mkuyokwa/lungcxr/kaggle-negatives/Normal/Normal-1824.png,results/segments/Normal/Normal-1824.nrrd
/head/NFS/mkuyokwa/lungcxr/kaggle-negatives/Normal/Normal-1825.png,results/segments/Normal/Normal-1825.nrrd
/head/NFS/mkuyokwa/lungcxr/kaggle-negatives/Normal/Normal-1826.png,results/segments/Normal/Normal-1826.nrrd
/head/NFS/mkuyokwa/lungcxr/kaggle-negatives/Normal/Normal-1827.png,results/segments/Normal/Normal-1827.nrrd
/head/NFS/mkuyokwa/lungcxr/kaggle-negatives/Normal/Normal-1828.png,results/segments/Normal/Normal-1828.nrrd
/head/NFS/mkuyokwa/lungcxr/kaggle-negatives/Normal/Normal-1829.png,results/segments/Normal/Normal-1829.nrrd
/head/NFS/mkuyokwa/lungcxr/kaggle-negatives/Normal/Normal-183.png,results/segments/Normal/Normal-183.nrrd
/head/NFS/mkuyokwa/lungcxr/kaggle-negatives/Normal/Normal-1830.png,results/segments/Normal/Normal-1830.nrrd
/head/NFS/mkuyokwa/lungcxr/kaggle-negatives/Normal/Normal-1831.png,results/segments/Normal/Normal-1831.nrrd
/head/NFS/mkuyokwa/lungcxr/kaggle-negatives/Normal/Normal-1832.png,results/segments/Normal/Normal-1832.nrrd
/head/NFS/mkuyokwa/lungcxr/kaggle-negatives/Normal/Normal-1833.png,results/segments/Normal/Normal-1833.nrrd
/head/NFS/mkuyokwa/lungcxr/kaggle-negatives/Normal/Normal-1834.png,results/segments/Normal/Normal-1834.nrrd
/head/NFS/mkuyokwa/lungcxr/kaggle-negatives/Normal/Normal-1835.png,results/segments/Normal/Normal-1835.nrrd
/head/NFS/mkuyokwa/lungcxr/kaggle-negatives/Normal/Normal-1836.png,results/segments/Normal/Normal-1836.nrrd
/head/NFS/mkuyokwa/lungcxr/kaggle-negatives/Normal/Normal-1837.png,results/segments/Normal/Normal-1837.nrrd
/head/NFS/mkuyokwa/lungcxr/kaggle-negatives/Normal/Normal-1838.png,results/segments/Normal/Normal-1838.nrrd
/head/NFS/mkuyokwa/lungcxr/kaggle-negatives/Normal/Normal-1839.png,results/segments/Normal/Normal-1839.nrrd
/head/NFS/mkuyokwa/lungcxr/kaggle-negatives/Normal/Normal-184.png,results/segments/Normal/Normal-184.nrrd
/head/NFS/mkuyokwa/lungcxr/kaggle-negatives/Normal/Normal-1840.png,results/segments/Normal/Normal-1840.nrrd
/head/NFS/mkuyokwa/lungcxr/kaggle-negatives/Normal/Normal-1841.png,results/segments/Normal/Normal-1841.nrrd
/head/NFS/mkuyokwa/lungcxr/kaggle-negatives/Normal/Normal-1842.png,results/segments/Normal/Normal-1842.nrrd
/head/NFS/mkuyokwa/lungcxr/kaggle-negatives/Normal/Normal-1843.png,results/segments/Normal/Normal-1843.nrrd
/head/NFS/mkuyokwa/lungcxr/kaggle-negatives/Normal/Normal-1844.png,results/segments/Normal/Normal-1844.nrrd
/head/NFS/mkuyokwa/lungcxr/kaggle-negatives/Normal/Normal-1845.png,results/segments/Normal/Normal-1845.nrrd
/head/NFS/mkuyokwa/lungcxr/kaggle-negatives/Normal/Normal-1846.png,results/segments/Normal/Normal-1846.nrrd
/head/NFS/mkuyokwa/lungcxr/kaggle-negatives/Normal/Normal-1847.png,results/segments/Normal/Normal-1847.nrrd
/head/NFS/mkuyokwa/lungcxr/kaggle-negatives/Normal/Normal-1848.png,results/segments/Normal/Normal-1848.nrrd
/head/NFS/mkuyokwa/lungcxr/kaggle-negatives/Normal/Normal-1849.png,results/segments/Normal/Normal-1849.nrrd
/head/NFS/mkuyokwa/lungcxr/kaggle-negatives/Normal/Normal-185.png,results/segments/Normal/Normal-185.nrrd
/head/NFS/mkuyokwa/lungcxr/kaggle-negatives/Normal/Normal-1850.png,results/segments/Normal/Normal-1850.nrrd
/head/NFS/mkuyokwa/lungcxr/kaggle-negatives/Normal/Normal-1851.png,results/segments/Normal/Normal-1851.nrrd
/head/NFS/mkuyokwa/lungcxr/kaggle-negatives/Normal/Normal-1852.png,results/segments/Normal/Normal-1852.nrrd
/head/NFS/mkuyokwa/lungcxr/kaggle-negatives/Normal/Normal-1853.png,results/segments/Normal/Normal-1853.nrrd
/head/NFS/mkuyokwa/lungcxr/kaggle-negatives/Normal/Normal-1854.png,results/segments/Normal/Normal-1854.nrrd
/head/NFS/mkuyokwa/lungcxr/kaggle-negatives/Normal/Normal-1855.png,results/segments/Normal/Normal-1855.nrrd
/head/NFS/mkuyokwa/lungcxr/kaggle-negatives/Normal/Normal-1856.png,results/segments/Normal/Normal-1856.nrrd
/head/NFS/mkuyokwa/lungcxr/kaggle-negatives/Normal/Normal-1857.png,results/segments/Normal/Normal-1857.nrrd
/head/NFS/mkuyokwa/lungcxr/kaggle-negatives/Normal/Normal-1858.png,results/segments/Normal/Normal-1858.nrrd
/head/NFS/mkuyokwa/lungcxr/kaggle-negatives/Normal/Normal-1859.png,results/segments/Normal/Normal-1859.nrrd
/head/NFS/mkuyokwa/lungcxr/kaggle-negatives/Normal/Normal-186.png,results/segments/Normal/Normal-186.nrrd
/head/NFS/mkuyokwa/lungcxr/kaggle-negatives/Normal/Normal-1860.png,results/segments/Normal/Normal-1860.nrrd
/head/NFS/mkuyokwa/lungcxr/kaggle-negatives/Normal/Normal-1861.png,results/segments/Normal/Normal-1861.nrrd
/head/NFS/mkuyokwa/lungcxr/kaggle-negatives/Normal/Normal-1862.png,results/segments/Normal/Normal-1862.nrrd
/head/NFS/mkuyokwa/lungcxr/kaggle-negatives/Normal/Normal-1863.png,results/segments/Normal/Normal-1863.nrrd
/head/NFS/mkuyokwa/lungcxr/kaggle-negatives/Normal/Normal-1864.png,results/segments/Normal/Normal-1864.nrrd
/head/NFS/mkuyokwa/lungcxr/kaggle-negatives/Normal/Normal-1865.png,results/segments/Normal/Normal-1865.nrrd
/head/NFS/mkuyokwa/lungcxr/kaggle-negatives/Normal/Normal-1866.png,results/segments/Normal/Normal-1866.nrrd
/head/NFS/mkuyokwa/lungcxr/kaggle-negatives/Normal/Normal-1867.png,results/segments/Normal/Normal-1867.nrrd
/head/NFS/mkuyokwa/lungcxr/kaggle-negatives/Normal/Normal-1868.png,results/segments/Normal/Normal-1868.nrrd
/head/NFS/mkuyokwa/lungcxr/kaggle-negatives/Normal/Normal-1869.png,results/segments/Normal/Normal-1869.nrrd
/head/NFS/mkuyokwa/lungcxr/kaggle-negatives/Normal/Normal-187.png,results/segments/Normal/Normal-187.nrrd
/head/NFS/mkuyokwa/lungcxr/kaggle-negatives/Normal/Normal-1870.png,results/segments/Normal/Normal-1870.nrrd
/head/NFS/mkuyokwa/lungcxr/kaggle-negatives/Normal/Normal-1871.png,results/segments/Normal/Normal-1871.nrrd
/head/NFS/mkuyokwa/lungcxr/kaggle-negatives/Normal/Normal-1872.png,results/segments/Normal/Normal-1872.nrrd
/head/NFS/mkuyokwa/lungcxr/kaggle-negatives/Normal/Normal-1873.png,results/segments/Normal/Normal-1873.nrrd
/head/NFS/mkuyokwa/lungcxr/kaggle-negatives/Normal/Normal-1874.png,results/segments/Normal/Normal-1874.nrrd
/head/NFS/mkuyokwa/lungcxr/kaggle-negatives/Normal/Normal-1875.png,results/segments/Normal/Normal-1875.nrrd
/head/NFS/mkuyokwa/lungcxr/kaggle-negatives/Normal/Normal-1876.png,results/segments/Normal/Normal-1876.nrrd
/head/NFS/mkuyokwa/lungcxr/kaggle-negatives/Normal/Normal-1877.png,results/segments/Normal/Normal-1877.nrrd
/head/NFS/mkuyokwa/lungcxr/kaggle-negatives/Normal/Normal-1878.png,results/segments/Normal/Normal-1878.nrrd
/head/NFS/mkuyokwa/lungcxr/kaggle-negatives/Normal/Normal-1879.png,results/segments/Normal/Normal-1879.nrrd
/head/NFS/mkuyokwa/lungcxr/kaggle-negatives/Normal/Normal-188.png,results/segments/Normal/Normal-188.nrrd
/head/NFS/mkuyokwa/lungcxr/kaggle-negatives/Normal/Normal-1880.png,results/segments/Normal/Normal-1880.nrrd
/head/NFS/mkuyokwa/lungcxr/kaggle-negatives/Normal/Normal-1881.png,results/segments/Normal/Normal-1881.nrrd
/head/NFS/mkuyokwa/lungcxr/kaggle-negatives/Normal/Normal-1882.png,results/segments/Normal/Normal-1882.nrrd
/head/NFS/mkuyokwa/lungcxr/kaggle-negatives/Normal/Normal-1883.png,results/segments/Normal/Normal-1883.nrrd
/head/NFS/mkuyokwa/lungcxr/kaggle-negatives/Normal/Normal-1884.png,results/segments/Normal/Normal-1884.nrrd
/head/NFS/mkuyokwa/lungcxr/kaggle-negatives/Normal/Normal-1885.png,results/segments/Normal/Normal-1885.nrrd
/head/NFS/mkuyokwa/lungcxr/kaggle-negatives/Normal/Normal-1886.png,results/segments/Normal/Normal-1886.nrrd
/head/NFS/mkuyokwa/lungcxr/kaggle-negatives/Normal/Normal-1887.png,results/segments/Normal/Normal-1887.nrrd
/head/NFS/mkuyokwa/lungcxr/kaggle-negatives/Normal/Normal-1888.png,results/segments/Normal/Normal-1888.nrrd
/head/NFS/mkuyokwa/lungcxr/kaggle-negatives/Normal/Normal-1889.png,results/segments/Normal/Normal-1889.nrrd
/head/NFS/mkuyokwa/lungcxr/kaggle-negatives/Normal/Normal-189.png,results/segments/Normal/Normal-189.nrrd
/head/NFS/mkuyokwa/lungcxr/kaggle-negatives/Normal/Normal-1890.png,results/segments/Normal/Normal-1890.nrrd
/head/NFS/mkuyokwa/lungcxr/kaggle-negatives/Normal/Normal-1891.png,results/segments/Normal/Normal-1891.nrrd
/head/NFS/mkuyokwa/lungcxr/kaggle-negatives/Normal/Normal-1892.png,results/segments/Normal/Normal-1892.nrrd
/head/NFS/mkuyokwa/lungcxr/kaggle-negatives/Normal/Normal-1893.png,results/segments/Normal/Normal-1893.nrrd
/head/NFS/mkuyokwa/lungcxr/kaggle-negatives/Normal/Normal-1894.png,results/segments/Normal/Normal-1894.nrrd
/head/NFS/mkuyokwa/lungcxr/kaggle-negatives/Normal/Normal-1895.png,results/segments/Normal/Normal-1895.nrrd
/head/NFS/mkuyokwa/lungcxr/kaggle-negatives/Normal/Normal-1896.png,results/segments/Normal/Normal-1896.nrrd
/head/NFS/mkuyokwa/lungcxr/kaggle-negatives/Normal/Normal-1897.png,results/segments/Normal/Normal-1897.nrrd
/head/NFS/mkuyokwa/lungcxr/kaggle-negatives/Normal/Normal-1898.png,results/segments/Normal/Normal-1898.nrrd
/head/NFS/mkuyokwa/lungcxr/kaggle-negatives/Normal/Normal-1899.png,results/segments/Normal/Normal-1899.nrrd
/head/NFS/mkuyokwa/lungcxr/kaggle-negatives/Normal/Normal-19.png,results/segments/Normal/Normal-19.nrrd
/head/NFS/mkuyokwa/lungcxr/kaggle-negatives/Normal/Normal-190.png,results/segments/Normal/Normal-190.nrrd
/head/NFS/mkuyokwa/lungcxr/kaggle-negatives/Normal/Normal-1900.png,results/segments/Normal/Normal-1900.nrrd
/head/NFS/mkuyokwa/lungcxr/kaggle-negatives/Normal/Normal-1901.png,results/segments/Normal/Normal-1901.nrrd
/head/NFS/mkuyokwa/lungcxr/kaggle-negatives/Normal/Normal-1902.png,results/segments/Normal/Normal-1902.nrrd
/head/NFS/mkuyokwa/lungcxr/kaggle-negatives/Normal/Normal-1903.png,results/segments/Normal/Normal-1903.nrrd
/head/NFS/mkuyokwa/lungcxr/kaggle-negatives/Normal/Normal-1904.png,results/segments/Normal/Normal-1904.nrrd
/head/NFS/mkuyokwa/lungcxr/kaggle-negatives/Normal/Normal-1905.png,results/segments/Normal/Normal-1905.nrrd
/head/NFS/mkuyokwa/lungcxr/kaggle-negatives/Normal/Normal-1906.png,results/segments/Normal/Normal-1906.nrrd
/head/NFS/mkuyokwa/lungcxr/kaggle-negatives/Normal/Normal-1907.png,results/segments/Normal/Normal-1907.nrrd
/head/NFS/mkuyokwa/lungcxr/kaggle-negatives/Normal/Normal-1908.png,results/segments/Normal/Normal-1908.nrrd
/head/NFS/mkuyokwa/lungcxr/kaggle-negatives/Normal/Normal-1909.png,results/segments/Normal/Normal-1909.nrrd
/head/NFS/mkuyokwa/lungcxr/kaggle-negatives/Normal/Normal-191.png,results/segments/Normal/Normal-191.nrrd
/head/NFS/mkuyokwa/lungcxr/kaggle-negatives/Normal/Normal-1910.png,results/segments/Normal/Normal-1910.nrrd
/head/NFS/mkuyokwa/lungcxr/kaggle-negatives/Normal/Normal-1911.png,results/segments/Normal/Normal-1911.nrrd
/head/NFS/mkuyokwa/lungcxr/kaggle-negatives/Normal/Normal-1912.png,results/segments/Normal/Normal-1912.nrrd
/head/NFS/mkuyokwa/lungcxr/kaggle-negatives/Normal/Normal-1913.png,results/segments/Normal/Normal-1913.nrrd
/head/NFS/mkuyokwa/lungcxr/kaggle-negatives/Normal/Normal-1914.png,results/segments/Normal/Normal-1914.nrrd
/head/NFS/mkuyokwa/lungcxr/kaggle-negatives/Normal/Normal-1915.png,results/segments/Normal/Normal-1915.nrrd
/head/NFS/mkuyokwa/lungcxr/kaggle-negatives/Normal/Normal-1916.png,results/segments/Normal/Normal-1916.nrrd
/head/NFS/mkuyokwa/lungcxr/kaggle-negatives/Normal/Normal-1917.png,results/segments/Normal/Normal-1917.nrrd
/head/NFS/mkuyokwa/lungcxr/kaggle-negatives/Normal/Normal-1918.png,results/segments/Normal/Normal-1918.nrrd
/head/NFS/mkuyokwa/lungcxr/kaggle-negatives/Normal/Normal-1919.png,results/segments/Normal/Normal-1919.nrrd
/head/NFS/mkuyokwa/lungcxr/kaggle-negatives/Normal/Normal-192.png,results/segments/Normal/Normal-192.nrrd
/head/NFS/mkuyokwa/lungcxr/kaggle-negatives/Normal/Normal-1920.png,results/segments/Normal/Normal-1920.nrrd
/head/NFS/mkuyokwa/lungcxr/kaggle-negatives/Normal/Normal-1921.png,results/segments/Normal/Normal-1921.nrrd
/head/NFS/mkuyokwa/lungcxr/kaggle-negatives/Normal/Normal-1922.png,results/segments/Normal/Normal-1922.nrrd
/head/NFS/mkuyokwa/lungcxr/kaggle-negatives/Normal/Normal-1923.png,results/segments/Normal/Normal-1923.nrrd
/head/NFS/mkuyokwa/lungcxr/kaggle-negatives/Normal/Normal-1924.png,results/segments/Normal/Normal-1924.nrrd
/head/NFS/mkuyokwa/lungcxr/kaggle-negatives/Normal/Normal-1925.png,results/segments/Normal/Normal-1925.nrrd
/head/NFS/mkuyokwa/lungcxr/kaggle-negatives/Normal/Normal-1926.png,results/segments/Normal/Normal-1926.nrrd
/head/NFS/mkuyokwa/lungcxr/kaggle-negatives/Normal/Normal-1927.png,results/segments/Normal/Normal-1927.nrrd
/head/NFS/mkuyokwa/lungcxr/kaggle-negatives/Normal/Normal-1928.png,results/segments/Normal/Normal-1928.nrrd
/head/NFS/mkuyokwa/lungcxr/kaggle-negatives/Normal/Normal-1929.png,results/segments/Normal/Normal-1929.nrrd
/head/NFS/mkuyokwa/lungcxr/kaggle-negatives/Normal/Normal-193.png,results/segments/Normal/Normal-193.nrrd
/head/NFS/mkuyokwa/lungcxr/kaggle-negatives/Normal/Normal-1930.png,results/segments/Normal/Normal-1930.nrrd
/head/NFS/mkuyokwa/lungcxr/kaggle-negatives/Normal/Normal-1931.png,results/segments/Normal/Normal-1931.nrrd
/head/NFS/mkuyokwa/lungcxr/kaggle-negatives/Normal/Normal-1932.png,results/segments/Normal/Normal-1932.nrrd
/head/NFS/mkuyokwa/lungcxr/kaggle-negatives/Normal/Normal-1933.png,results/segments/Normal/Normal-1933.nrrd
/head/NFS/mkuyokwa/lungcxr/kaggle-negatives/Normal/Normal-1934.png,results/segments/Normal/Normal-1934.nrrd
/head/NFS/mkuyokwa/lungcxr/kaggle-negatives/Normal/Normal-1935.png,results/segments/Normal/Normal-1935.nrrd
/head/NFS/mkuyokwa/lungcxr/kaggle-negatives/Normal/Normal-1936.png,results/segments/Normal/Normal-1936.nrrd
/head/NFS/mkuyokwa/lungcxr/kaggle-negatives/Normal/Normal-1937.png,results/segments/Normal/Normal-1937.nrrd
/head/NFS/mkuyokwa/lungcxr/kaggle-negatives/Normal/Normal-1938.png,results/segments/Normal/Normal-1938.nrrd
/head/NFS/mkuyokwa/lungcxr/kaggle-negatives/Normal/Normal-1939.png,results/segments/Normal/Normal-1939.nrrd
/head/NFS/mkuyokwa/lungcxr/kaggle-negatives/Normal/Normal-194.png,results/segments/Normal/Normal-194.nrrd
/head/NFS/mkuyokwa/lungcxr/kaggle-negatives/Normal/Normal-1940.png,results/segments/Normal/Normal-1940.nrrd
/head/NFS/mkuyokwa/lungcxr/kaggle-negatives/Normal/Normal-1941.png,results/segments/Normal/Normal-1941.nrrd
/head/NFS/mkuyokwa/lungcxr/kaggle-negatives/Normal/Normal-1942.png,results/segments/Normal/Normal-1942.nrrd
/head/NFS/mkuyokwa/lungcxr/kaggle-negatives/Normal/Normal-1943.png,results/segments/Normal/Normal-1943.nrrd
/head/NFS/mkuyokwa/lungcxr/kaggle-negatives/Normal/Normal-1944.png,results/segments/Normal/Normal-1944.nrrd
/head/NFS/mkuyokwa/lungcxr/kaggle-negatives/Normal/Normal-1945.png,results/segments/Normal/Normal-1945.nrrd
/head/NFS/mkuyokwa/lungcxr/kaggle-negatives/Normal/Normal-1946.png,results/segments/Normal/Normal-1946.nrrd
/head/NFS/mkuyokwa/lungcxr/kaggle-negatives/Normal/Normal-1947.png,results/segments/Normal/Normal-1947.nrrd
/head/NFS/mkuyokwa/lungcxr/kaggle-negatives/Normal/Normal-1948.png,results/segments/Normal/Normal-1948.nrrd
/head/NFS/mkuyokwa/lungcxr/kaggle-negatives/Normal/Normal-1949.png,results/segments/Normal/Normal-1949.nrrd
/head/NFS/mkuyokwa/lungcxr/kaggle-negatives/Normal/Normal-195.png,results/segments/Normal/Normal-195.nrrd
/head/NFS/mkuyokwa/lungcxr/kaggle-negatives/Normal/Normal-1950.png,results/segments/Normal/Normal-1950.nrrd
/head/NFS/mkuyokwa/lungcxr/kaggle-negatives/Normal/Normal-1951.png,results/segments/Normal/Normal-1951.nrrd
/head/NFS/mkuyokwa/lungcxr/kaggle-negatives/Normal/Normal-1952.png,results/segments/Normal/Normal-1952.nrrd
/head/NFS/mkuyokwa/lungcxr/kaggle-negatives/Normal/Normal-1953.png,results/segments/Normal/Normal-1953.nrrd
/head/NFS/mkuyokwa/lungcxr/kaggle-negatives/Normal/Normal-1954.png,results/segments/Normal/Normal-1954.nrrd
/head/NFS/mkuyokwa/lungcxr/kaggle-negatives/Normal/Normal-1955.png,results/segments/Normal/Normal-1955.nrrd
/head/NFS/mkuyokwa/lungcxr/kaggle-negatives/Normal/Normal-1956.png,results/segments/Normal/Normal-1956.nrrd
/head/NFS/mkuyokwa/lungcxr/kaggle-negatives/Normal/Normal-1957.png,results/segments/Normal/Normal-1957.nrrd
/head/NFS/mkuyokwa/lungcxr/kaggle-negatives/Normal/Normal-1958.png,results/segments/Normal/Normal-1958.nrrd
/head/NFS/mkuyokwa/lungcxr/kaggle-negatives/Normal/Normal-1959.png,results/segments/Normal/Normal-1959.nrrd
/head/NFS/mkuyokwa/lungcxr/kaggle-negatives/Normal/Normal-196.png,results/segments/Normal/Normal-196.nrrd
/head/NFS/mkuyokwa/lungcxr/kaggle-negatives/Normal/Normal-1960.png,results/segments/Normal/Normal-1960.nrrd
/head/NFS/mkuyokwa/lungcxr/kaggle-negatives/Normal/Normal-1961.png,results/segments/Normal/Normal-1961.nrrd
/head/NFS/mkuyokwa/lungcxr/kaggle-negatives/Normal/Normal-1962.png,results/segments/Normal/Normal-1962.nrrd
/head/NFS/mkuyokwa/lungcxr/kaggle-negatives/Normal/Normal-1963.png,results/segments/Normal/Normal-1963.nrrd
/head/NFS/mkuyokwa/lungcxr/kaggle-negatives/Normal/Normal-1964.png,results/segments/Normal/Normal-1964.nrrd
/head/NFS/mkuyokwa/lungcxr/kaggle-negatives/Normal/Normal-1965.png,results/segments/Normal/Normal-1965.nrrd
/head/NFS/mkuyokwa/lungcxr/kaggle-negatives/Normal/Normal-1966.png,results/segments/Normal/Normal-1966.nrrd
/head/NFS/mkuyokwa/lungcxr/kaggle-negatives/Normal/Normal-1967.png,results/segments/Normal/Normal-1967.nrrd
/head/NFS/mkuyokwa/lungcxr/kaggle-negatives/Normal/Normal-1968.png,results/segments/Normal/Normal-1968.nrrd
/head/NFS/mkuyokwa/lungcxr/kaggle-negatives/Normal/Normal-1969.png,results/segments/Normal/Normal-1969.nrrd
/head/NFS/mkuyokwa/lungcxr/kaggle-negatives/Normal/Normal-197.png,results/segments/Normal/Normal-197.nrrd
/head/NFS/mkuyokwa/lungcxr/kaggle-negatives/Normal/Normal-1970.png,results/segments/Normal/Normal-1970.nrrd
/head/NFS/mkuyokwa/lungcxr/kaggle-negatives/Normal/Normal-1971.png,results/segments/Normal/Normal-1971.nrrd
/head/NFS/mkuyokwa/lungcxr/kaggle-negatives/Normal/Normal-1972.png,results/segments/Normal/Normal-1972.nrrd
/head/NFS/mkuyokwa/lungcxr/kaggle-negatives/Normal/Normal-1973.png,results/segments/Normal/Normal-1973.nrrd
/head/NFS/mkuyokwa/lungcxr/kaggle-negatives/Normal/Normal-1974.png,results/segments/Normal/Normal-1974.nrrd
/head/NFS/mkuyokwa/lungcxr/kaggle-negatives/Normal/Normal-1975.png,results/segments/Normal/Normal-1975.nrrd
/head/NFS/mkuyokwa/lungcxr/kaggle-negatives/Normal/Normal-1976.png,results/segments/Normal/Normal-1976.nrrd
/head/NFS/mkuyokwa/lungcxr/kaggle-negatives/Normal/Normal-1977.png,results/segments/Normal/Normal-1977.nrrd
/head/NFS/mkuyokwa/lungcxr/kaggle-negatives/Normal/Normal-1978.png,results/segments/Normal/Normal-1978.nrrd
/head/NFS/mkuyokwa/lungcxr/kaggle-negatives/Normal/Normal-1979.png,results/segments/Normal/Normal-1979.nrrd
/head/NFS/mkuyokwa/lungcxr/kaggle-negatives/Normal/Normal-198.png,results/segments/Normal/Normal-198.nrrd
/head/NFS/mkuyokwa/lungcxr/kaggle-negatives/Normal/Normal-1980.png,results/segments/Normal/Normal-1980.nrrd
/head/NFS/mkuyokwa/lungcxr/kaggle-negatives/Normal/Normal-1981.png,results/segments/Normal/Normal-1981.nrrd
/head/NFS/mkuyokwa/lungcxr/kaggle-negatives/Normal/Normal-1982.png,results/segments/Normal/Normal-1982.nrrd
/head/NFS/mkuyokwa/lungcxr/kaggle-negatives/Normal/Normal-1983.png,results/segments/Normal/Normal-1983.nrrd
/head/NFS/mkuyokwa/lungcxr/kaggle-negatives/Normal/Normal-1984.png,results/segments/Normal/Normal-1984.nrrd
/head/NFS/mkuyokwa/lungcxr/kaggle-negatives/Normal/Normal-1985.png,results/segments/Normal/Normal-1985.nrrd
/head/NFS/mkuyokwa/lungcxr/kaggle-negatives/Normal/Normal-1986.png,results/segments/Normal/Normal-1986.nrrd
/head/NFS/mkuyokwa/lungcxr/kaggle-negatives/Normal/Normal-1987.png,results/segments/Normal/Normal-1987.nrrd
/head/NFS/mkuyokwa/lungcxr/kaggle-negatives/Normal/Normal-1988.png,results/segments/Normal/Normal-1988.nrrd
/head/NFS/mkuyokwa/lungcxr/kaggle-negatives/Normal/Normal-1989.png,results/segments/Normal/Normal-1989.nrrd
/head/NFS/mkuyokwa/lungcxr/kaggle-negatives/Normal/Normal-199.png,results/segments/Normal/Normal-199.nrrd
/head/NFS/mkuyokwa/lungcxr/kaggle-negatives/Normal/Normal-1990.png,results/segments/Normal/Normal-1990.nrrd
/head/NFS/mkuyokwa/lungcxr/kaggle-negatives/Normal/Normal-1991.png,results/segments/Normal/Normal-1991.nrrd
/head/NFS/mkuyokwa/lungcxr/kaggle-negatives/Normal/Normal-1992.png,results/segments/Normal/Normal-1992.nrrd
/head/NFS/mkuyokwa/lungcxr/kaggle-negatives/Normal/Normal-1993.png,results/segments/Normal/Normal-1993.nrrd
/head/NFS/mkuyokwa/lungcxr/kaggle-negatives/Normal/Normal-1994.png,results/segments/Normal/Normal-1994.nrrd
/head/NFS/mkuyokwa/lungcxr/kaggle-negatives/Normal/Normal-1995.png,results/segments/Normal/Normal-1995.nrrd
/head/NFS/mkuyokwa/lungcxr/kaggle-negatives/Normal/Normal-1996.png,results/segments/Normal/Normal-1996.nrrd
/head/NFS/mkuyokwa/lungcxr/kaggle-negatives/Normal/Normal-1997.png,results/segments/Normal/Normal-1997.nrrd
/head/NFS/mkuyokwa/lungcxr/kaggle-negatives/Normal/Normal-1998.png,results/segments/Normal/Normal-1998.nrrd
/head/NFS/mkuyokwa/lungcxr/kaggle-negatives/Normal/Normal-1999.png,results/segments/Normal/Normal-1999.nrrd
/head/NFS/mkuyokwa/lungcxr/kaggle-negatives/Normal/Normal-2.png,results/segments/Normal/Normal-2.nrrd
/head/NFS/mkuyokwa/lungcxr/kaggle-negatives/Normal/Normal-20.png,results/segments/Normal/Normal-20.nrrd
/head/NFS/mkuyokwa/lungcxr/kaggle-negatives/Normal/Normal-200.png,results/segments/Normal/Normal-200.nrrd
/head/NFS/mkuyokwa/lungcxr/kaggle-negatives/Normal/Normal-2000.png,results/segments/Normal/Normal-2000.nrrd
/head/NFS/mkuyokwa/lungcxr/kaggle-negatives/Normal/Normal-2001.png,results/segments/Normal/Normal-2001.nrrd
/head/NFS/mkuyokwa/lungcxr/kaggle-negatives/Normal/Normal-2002.png,results/segments/Normal/Normal-2002.nrrd
/head/NFS/mkuyokwa/lungcxr/kaggle-negatives/Normal/Normal-2003.png,results/segments/Normal/Normal-2003.nrrd
/head/NFS/mkuyokwa/lungcxr/kaggle-negatives/Normal/Normal-2004.png,results/segments/Normal/Normal-2004.nrrd
/head/NFS/mkuyokwa/lungcxr/kaggle-negatives/Normal/Normal-2005.png,results/segments/Normal/Normal-2005.nrrd
/head/NFS/mkuyokwa/lungcxr/kaggle-negatives/Normal/Normal-2006.png,results/segments/Normal/Normal-2006.nrrd
/head/NFS/mkuyokwa/lungcxr/kaggle-negatives/Normal/Normal-2007.png,results/segments/Normal/Normal-2007.nrrd
/head/NFS/mkuyokwa/lungcxr/kaggle-negatives/Normal/Normal-2008.png,results/segments/Normal/Normal-2008.nrrd
/head/NFS/mkuyokwa/lungcxr/kaggle-negatives/Normal/Normal-2009.png,results/segments/Normal/Normal-2009.nrrd
/head/NFS/mkuyokwa/lungcxr/kaggle-negatives/Normal/Normal-201.png,results/segments/Normal/Normal-201.nrrd
/head/NFS/mkuyokwa/lungcxr/kaggle-negatives/Normal/Normal-2010.png,results/segments/Normal/Normal-2010.nrrd
/head/NFS/mkuyokwa/lungcxr/kaggle-negatives/Normal/Normal-2011.png,results/segments/Normal/Normal-2011.nrrd
/head/NFS/mkuyokwa/lungcxr/kaggle-negatives/Normal/Normal-2012.png,results/segments/Normal/Normal-2012.nrrd
/head/NFS/mkuyokwa/lungcxr/kaggle-negatives/Normal/Normal-2013.png,results/segments/Normal/Normal-2013.nrrd
/head/NFS/mkuyokwa/lungcxr/kaggle-negatives/Normal/Normal-2014.png,results/segments/Normal/Normal-2014.nrrd
/head/NFS/mkuyokwa/lungcxr/kaggle-negatives/Normal/Normal-2015.png,results/segments/Normal/Normal-2015.nrrd
/head/NFS/mkuyokwa/lungcxr/kaggle-negatives/Normal/Normal-2016.png,results/segments/Normal/Normal-2016.nrrd
/head/NFS/mkuyokwa/lungcxr/kaggle-negatives/Normal/Normal-2017.png,results/segments/Normal/Normal-2017.nrrd
/head/NFS/mkuyokwa/lungcxr/kaggle-negatives/Normal/Normal-2018.png,results/segments/Normal/Normal-2018.nrrd
/head/NFS/mkuyokwa/lungcxr/kaggle-negatives/Normal/Normal-2019.png,results/segments/Normal/Normal-2019.nrrd
/head/NFS/mkuyokwa/lungcxr/kaggle-negatives/Normal/Normal-202.png,results/segments/Normal/Normal-202.nrrd
/head/NFS/mkuyokwa/lungcxr/kaggle-negatives/Normal/Normal-2020.png,results/segments/Normal/Normal-2020.nrrd
/head/NFS/mkuyokwa/lungcxr/kaggle-negatives/Normal/Normal-2021.png,results/segments/Normal/Normal-2021.nrrd
/head/NFS/mkuyokwa/lungcxr/kaggle-negatives/Normal/Normal-2022.png,results/segments/Normal/Normal-2022.nrrd
/head/NFS/mkuyokwa/lungcxr/kaggle-negatives/Normal/Normal-2023.png,results/segments/Normal/Normal-2023.nrrd
/head/NFS/mkuyokwa/lungcxr/kaggle-negatives/Normal/Normal-2024.png,results/segments/Normal/Normal-2024.nrrd
/head/NFS/mkuyokwa/lungcxr/kaggle-negatives/Normal/Normal-2025.png,results/segments/Normal/Normal-2025.nrrd
/head/NFS/mkuyokwa/lungcxr/kaggle-negatives/Normal/Normal-2026.png,results/segments/Normal/Normal-2026.nrrd
/head/NFS/mkuyokwa/lungcxr/kaggle-negatives/Normal/Normal-2027.png,results/segments/Normal/Normal-2027.nrrd
/head/NFS/mkuyokwa/lungcxr/kaggle-negatives/Normal/Normal-2028.png,results/segments/Normal/Normal-2028.nrrd
/head/NFS/mkuyokwa/lungcxr/kaggle-negatives/Normal/Normal-2029.png,results/segments/Normal/Normal-2029.nrrd
/head/NFS/mkuyokwa/lungcxr/kaggle-negatives/Normal/Normal-203.png,results/segments/Normal/Normal-203.nrrd
/head/NFS/mkuyokwa/lungcxr/kaggle-negatives/Normal/Normal-2030.png,results/segments/Normal/Normal-2030.nrrd
/head/NFS/mkuyokwa/lungcxr/kaggle-negatives/Normal/Normal-2031.png,results/segments/Normal/Normal-2031.nrrd
/head/NFS/mkuyokwa/lungcxr/kaggle-negatives/Normal/Normal-2032.png,results/segments/Normal/Normal-2032.nrrd
/head/NFS/mkuyokwa/lungcxr/kaggle-negatives/Normal/Normal-2033.png,results/segments/Normal/Normal-2033.nrrd
/head/NFS/mkuyokwa/lungcxr/kaggle-negatives/Normal/Normal-2034.png,results/segments/Normal/Normal-2034.nrrd
/head/NFS/mkuyokwa/lungcxr/kaggle-negatives/Normal/Normal-2035.png,results/segments/Normal/Normal-2035.nrrd
/head/NFS/mkuyokwa/lungcxr/kaggle-negatives/Normal/Normal-2036.png,results/segments/Normal/Normal-2036.nrrd
/head/NFS/mkuyokwa/lungcxr/kaggle-negatives/Normal/Normal-2037.png,results/segments/Normal/Normal-2037.nrrd
/head/NFS/mkuyokwa/lungcxr/kaggle-negatives/Normal/Normal-2038.png,results/segments/Normal/Normal-2038.nrrd
/head/NFS/mkuyokwa/lungcxr/kaggle-negatives/Normal/Normal-2039.png,results/segments/Normal/Normal-2039.nrrd
/head/NFS/mkuyokwa/lungcxr/kaggle-negatives/Normal/Normal-204.png,results/segments/Normal/Normal-204.nrrd
/head/NFS/mkuyokwa/lungcxr/kaggle-negatives/Normal/Normal-2040.png,results/segments/Normal/Normal-2040.nrrd
/head/NFS/mkuyokwa/lungcxr/kaggle-negatives/Normal/Normal-2041.png,results/segments/Normal/Normal-2041.nrrd
/head/NFS/mkuyokwa/lungcxr/kaggle-negatives/Normal/Normal-2042.png,results/segments/Normal/Normal-2042.nrrd
/head/NFS/mkuyokwa/lungcxr/kaggle-negatives/Normal/Normal-2043.png,results/segments/Normal/Normal-2043.nrrd
/head/NFS/mkuyokwa/lungcxr/kaggle-negatives/Normal/Normal-2044.png,results/segments/Normal/Normal-2044.nrrd
/head/NFS/mkuyokwa/lungcxr/kaggle-negatives/Normal/Normal-2045.png,results/segments/Normal/Normal-2045.nrrd
/head/NFS/mkuyokwa/lungcxr/kaggle-negatives/Normal/Normal-2046.png,results/segments/Normal/Normal-2046.nrrd
/head/NFS/mkuyokwa/lungcxr/kaggle-negatives/Normal/Normal-2047.png,results/segments/Normal/Normal-2047.nrrd
/head/NFS/mkuyokwa/lungcxr/kaggle-negatives/Normal/Normal-2048.png,results/segments/Normal/Normal-2048.nrrd
/head/NFS/mkuyokwa/lungcxr/kaggle-negatives/Normal/Normal-2049.png,results/segments/Normal/Normal-2049.nrrd
/head/NFS/mkuyokwa/lungcxr/kaggle-negatives/Normal/Normal-205.png,results/segments/Normal/Normal-205.nrrd
/head/NFS/mkuyokwa/lungcxr/kaggle-negatives/Normal/Normal-2050.png,results/segments/Normal/Normal-2050.nrrd
/head/NFS/mkuyokwa/lungcxr/kaggle-negatives/Normal/Normal-2051.png,results/segments/Normal/Normal-2051.nrrd
/head/NFS/mkuyokwa/lungcxr/kaggle-negatives/Normal/Normal-2052.png,results/segments/Normal/Normal-2052.nrrd
/head/NFS/mkuyokwa/lungcxr/kaggle-negatives/Normal/Normal-2053.png,results/segments/Normal/Normal-2053.nrrd
/head/NFS/mkuyokwa/lungcxr/kaggle-negatives/Normal/Normal-2054.png,results/segments/Normal/Normal-2054.nrrd
/head/NFS/mkuyokwa/lungcxr/kaggle-negatives/Normal/Normal-2055.png,results/segments/Normal/Normal-2055.nrrd
/head/NFS/mkuyokwa/lungcxr/kaggle-negatives/Normal/Normal-2056.png,results/segments/Normal/Normal-2056.nrrd
/head/NFS/mkuyokwa/lungcxr/kaggle-negatives/Normal/Normal-2057.png,results/segments/Normal/Normal-2057.nrrd
/head/NFS/mkuyokwa/lungcxr/kaggle-negatives/Normal/Normal-2058.png,results/segments/Normal/Normal-2058.nrrd
/head/NFS/mkuyokwa/lungcxr/kaggle-negatives/Normal/Normal-2059.png,results/segments/Normal/Normal-2059.nrrd
/head/NFS/mkuyokwa/lungcxr/kaggle-negatives/Normal/Normal-206.png,results/segments/Normal/Normal-206.nrrd
/head/NFS/mkuyokwa/lungcxr/kaggle-negatives/Normal/Normal-2060.png,results/segments/Normal/Normal-2060.nrrd
/head/NFS/mkuyokwa/lungcxr/kaggle-negatives/Normal/Normal-2061.png,results/segments/Normal/Normal-2061.nrrd
/head/NFS/mkuyokwa/lungcxr/kaggle-negatives/Normal/Normal-2062.png,results/segments/Normal/Normal-2062.nrrd
/head/NFS/mkuyokwa/lungcxr/kaggle-negatives/Normal/Normal-2063.png,results/segments/Normal/Normal-2063.nrrd
/head/NFS/mkuyokwa/lungcxr/kaggle-negatives/Normal/Normal-2064.png,results/segments/Normal/Normal-2064.nrrd
/head/NFS/mkuyokwa/lungcxr/kaggle-negatives/Normal/Normal-2065.png,results/segments/Normal/Normal-2065.nrrd
/head/NFS/mkuyokwa/lungcxr/kaggle-negatives/Normal/Normal-2066.png,results/segments/Normal/Normal-2066.nrrd
/head/NFS/mkuyokwa/lungcxr/kaggle-negatives/Normal/Normal-2067.png,results/segments/Normal/Normal-2067.nrrd
/head/NFS/mkuyokwa/lungcxr/kaggle-negatives/Normal/Normal-2068.png,results/segments/Normal/Normal-2068.nrrd
/head/NFS/mkuyokwa/lungcxr/kaggle-negatives/Normal/Normal-2069.png,results/segments/Normal/Normal-2069.nrrd
/head/NFS/mkuyokwa/lungcxr/kaggle-negatives/Normal/Normal-207.png,results/segments/Normal/Normal-207.nrrd
/head/NFS/mkuyokwa/lungcxr/kaggle-negatives/Normal/Normal-2070.png,results/segments/Normal/Normal-2070.nrrd
/head/NFS/mkuyokwa/lungcxr/kaggle-negatives/Normal/Normal-2071.png,results/segments/Normal/Normal-2071.nrrd
/head/NFS/mkuyokwa/lungcxr/kaggle-negatives/Normal/Normal-2072.png,results/segments/Normal/Normal-2072.nrrd
/head/NFS/mkuyokwa/lungcxr/kaggle-negatives/Normal/Normal-2073.png,results/segments/Normal/Normal-2073.nrrd
/head/NFS/mkuyokwa/lungcxr/kaggle-negatives/Normal/Normal-2074.png,results/segments/Normal/Normal-2074.nrrd
/head/NFS/mkuyokwa/lungcxr/kaggle-negatives/Normal/Normal-2075.png,results/segments/Normal/Normal-2075.nrrd
/head/NFS/mkuyokwa/lungcxr/kaggle-negatives/Normal/Normal-2076.png,results/segments/Normal/Normal-2076.nrrd
/head/NFS/mkuyokwa/lungcxr/kaggle-negatives/Normal/Normal-2077.png,results/segments/Normal/Normal-2077.nrrd
/head/NFS/mkuyokwa/lungcxr/kaggle-negatives/Normal/Normal-2078.png,results/segments/Normal/Normal-2078.nrrd
/head/NFS/mkuyokwa/lungcxr/kaggle-negatives/Normal/Normal-2079.png,results/segments/Normal/Normal-2079.nrrd
/head/NFS/mkuyokwa/lungcxr/kaggle-negatives/Normal/Normal-208.png,results/segments/Normal/Normal-208.nrrd
/head/NFS/mkuyokwa/lungcxr/kaggle-negatives/Normal/Normal-2080.png,results/segments/Normal/Normal-2080.nrrd
/head/NFS/mkuyokwa/lungcxr/kaggle-negatives/Normal/Normal-2081.png,results/segments/Normal/Normal-2081.nrrd
/head/NFS/mkuyokwa/lungcxr/kaggle-negatives/Normal/Normal-2082.png,results/segments/Normal/Normal-2082.nrrd
/head/NFS/mkuyokwa/lungcxr/kaggle-negatives/Normal/Normal-2083.png,results/segments/Normal/Normal-2083.nrrd
/head/NFS/mkuyokwa/lungcxr/kaggle-negatives/Normal/Normal-2084.png,results/segments/Normal/Normal-2084.nrrd
/head/NFS/mkuyokwa/lungcxr/kaggle-negatives/Normal/Normal-2085.png,results/segments/Normal/Normal-2085.nrrd
/head/NFS/mkuyokwa/lungcxr/kaggle-negatives/Normal/Normal-2086.png,results/segments/Normal/Normal-2086.nrrd
/head/NFS/mkuyokwa/lungcxr/kaggle-negatives/Normal/Normal-2087.png,results/segments/Normal/Normal-2087.nrrd
/head/NFS/mkuyokwa/lungcxr/kaggle-negatives/Normal/Normal-2088.png,results/segments/Normal/Normal-2088.nrrd
/head/NFS/mkuyokwa/lungcxr/kaggle-negatives/Normal/Normal-2089.png,results/segments/Normal/Normal-2089.nrrd
/head/NFS/mkuyokwa/lungcxr/kaggle-negatives/Normal/Normal-209.png,results/segments/Normal/Normal-209.nrrd
/head/NFS/mkuyokwa/lungcxr/kaggle-negatives/Normal/Normal-2090.png,results/segments/Normal/Normal-2090.nrrd
/head/NFS/mkuyokwa/lungcxr/kaggle-negatives/Normal/Normal-2091.png,results/segments/Normal/Normal-2091.nrrd
/head/NFS/mkuyokwa/lungcxr/kaggle-negatives/Normal/Normal-2092.png,results/segments/Normal/Normal-2092.nrrd
/head/NFS/mkuyokwa/lungcxr/kaggle-negatives/Normal/Normal-2093.png,results/segments/Normal/Normal-2093.nrrd
/head/NFS/mkuyokwa/lungcxr/kaggle-negatives/Normal/Normal-2094.png,results/segments/Normal/Normal-2094.nrrd
/head/NFS/mkuyokwa/lungcxr/kaggle-negatives/Normal/Normal-2095.png,results/segments/Normal/Normal-2095.nrrd
/head/NFS/mkuyokwa/lungcxr/kaggle-negatives/Normal/Normal-2096.png,results/segments/Normal/Normal-2096.nrrd
/head/NFS/mkuyokwa/lungcxr/kaggle-negatives/Normal/Normal-2097.png,results/segments/Normal/Normal-2097.nrrd
/head/NFS/mkuyokwa/lungcxr/kaggle-negatives/Normal/Normal-2098.png,results/segments/Normal/Normal-2098.nrrd
/head/NFS/mkuyokwa/lungcxr/kaggle-negatives/Normal/Normal-2099.png,results/segments/Normal/Normal-2099.nrrd
/head/NFS/mkuyokwa/lungcxr/kaggle-negatives/Normal/Normal-21.png,results/segments/Normal/Normal-21.nrrd
/head/NFS/mkuyokwa/lungcxr/kaggle-negatives/Normal/Normal-210.png,results/segments/Normal/Normal-210.nrrd
/head/NFS/mkuyokwa/lungcxr/kaggle-negatives/Normal/Normal-2100.png,results/segments/Normal/Normal-2100.nrrd
/head/NFS/mkuyokwa/lungcxr/kaggle-negatives/Normal/Normal-2101.png,results/segments/Normal/Normal-2101.nrrd
/head/NFS/mkuyokwa/lungcxr/kaggle-negatives/Normal/Normal-2102.png,results/segments/Normal/Normal-2102.nrrd
/head/NFS/mkuyokwa/lungcxr/kaggle-negatives/Normal/Normal-2103.png,results/segments/Normal/Normal-2103.nrrd
/head/NFS/mkuyokwa/lungcxr/kaggle-negatives/Normal/Normal-2104.png,results/segments/Normal/Normal-2104.nrrd
/head/NFS/mkuyokwa/lungcxr/kaggle-negatives/Normal/Normal-2105.png,results/segments/Normal/Normal-2105.nrrd
/head/NFS/mkuyokwa/lungcxr/kaggle-negatives/Normal/Normal-2106.png,results/segments/Normal/Normal-2106.nrrd
/head/NFS/mkuyokwa/lungcxr/kaggle-negatives/Normal/Normal-2107.png,results/segments/Normal/Normal-2107.nrrd
/head/NFS/mkuyokwa/lungcxr/kaggle-negatives/Normal/Normal-2108.png,results/segments/Normal/Normal-2108.nrrd
/head/NFS/mkuyokwa/lungcxr/kaggle-negatives/Normal/Normal-2109.png,results/segments/Normal/Normal-2109.nrrd
/head/NFS/mkuyokwa/lungcxr/kaggle-negatives/Normal/Normal-211.png,results/segments/Normal/Normal-211.nrrd
/head/NFS/mkuyokwa/lungcxr/kaggle-negatives/Normal/Normal-2110.png,results/segments/Normal/Normal-2110.nrrd
/head/NFS/mkuyokwa/lungcxr/kaggle-negatives/Normal/Normal-2111.png,results/segments/Normal/Normal-2111.nrrd
/head/NFS/mkuyokwa/lungcxr/kaggle-negatives/Normal/Normal-2112.png,results/segments/Normal/Normal-2112.nrrd
/head/NFS/mkuyokwa/lungcxr/kaggle-negatives/Normal/Normal-2113.png,results/segments/Normal/Normal-2113.nrrd
/head/NFS/mkuyokwa/lungcxr/kaggle-negatives/Normal/Normal-2114.png,results/segments/Normal/Normal-2114.nrrd
/head/NFS/mkuyokwa/lungcxr/kaggle-negatives/Normal/Normal-2115.png,results/segments/Normal/Normal-2115.nrrd
/head/NFS/mkuyokwa/lungcxr/kaggle-negatives/Normal/Normal-2116.png,results/segments/Normal/Normal-2116.nrrd
/head/NFS/mkuyokwa/lungcxr/kaggle-negatives/Normal/Normal-2117.png,results/segments/Normal/Normal-2117.nrrd
/head/NFS/mkuyokwa/lungcxr/kaggle-negatives/Normal/Normal-2118.png,results/segments/Normal/Normal-2118.nrrd
/head/NFS/mkuyokwa/lungcxr/kaggle-negatives/Normal/Normal-2119.png,results/segments/Normal/Normal-2119.nrrd
/head/NFS/mkuyokwa/lungcxr/kaggle-negatives/Normal/Normal-212.png,results/segments/Normal/Normal-212.nrrd
/head/NFS/mkuyokwa/lungcxr/kaggle-negatives/Normal/Normal-2120.png,results/segments/Normal/Normal-2120.nrrd
/head/NFS/mkuyokwa/lungcxr/kaggle-negatives/Normal/Normal-2121.png,results/segments/Normal/Normal-2121.nrrd
/head/NFS/mkuyokwa/lungcxr/kaggle-negatives/Normal/Normal-2122.png,results/segments/Normal/Normal-2122.nrrd
/head/NFS/mkuyokwa/lungcxr/kaggle-negatives/Normal/Normal-2123.png,results/segments/Normal/Normal-2123.nrrd
/head/NFS/mkuyokwa/lungcxr/kaggle-negatives/Normal/Normal-2124.png,results/segments/Normal/Normal-2124.nrrd
/head/NFS/mkuyokwa/lungcxr/kaggle-negatives/Normal/Normal-2125.png,results/segments/Normal/Normal-2125.nrrd
/head/NFS/mkuyokwa/lungcxr/kaggle-negatives/Normal/Normal-2126.png,results/segments/Normal/Normal-2126.nrrd
/head/NFS/mkuyokwa/lungcxr/kaggle-negatives/Normal/Normal-2127.png,results/segments/Normal/Normal-2127.nrrd
/head/NFS/mkuyokwa/lungcxr/kaggle-negatives/Normal/Normal-2128.png,results/segments/Normal/Normal-2128.nrrd
/head/NFS/mkuyokwa/lungcxr/kaggle-negatives/Normal/Normal-2129.png,results/segments/Normal/Normal-2129.nrrd
/head/NFS/mkuyokwa/lungcxr/kaggle-negatives/Normal/Normal-213.png,results/segments/Normal/Normal-213.nrrd
/head/NFS/mkuyokwa/lungcxr/kaggle-negatives/Normal/Normal-2130.png,results/segments/Normal/Normal-2130.nrrd
/head/NFS/mkuyokwa/lungcxr/kaggle-negatives/Normal/Normal-2131.png,results/segments/Normal/Normal-2131.nrrd
/head/NFS/mkuyokwa/lungcxr/kaggle-negatives/Normal/Normal-2132.png,results/segments/Normal/Normal-2132.nrrd
/head/NFS/mkuyokwa/lungcxr/kaggle-negatives/Normal/Normal-2133.png,results/segments/Normal/Normal-2133.nrrd
/head/NFS/mkuyokwa/lungcxr/kaggle-negatives/Normal/Normal-2134.png,results/segments/Normal/Normal-2134.nrrd
/head/NFS/mkuyokwa/lungcxr/kaggle-negatives/Normal/Normal-2135.png,results/segments/Normal/Normal-2135.nrrd
/head/NFS/mkuyokwa/lungcxr/kaggle-negatives/Normal/Normal-2136.png,results/segments/Normal/Normal-2136.nrrd
/head/NFS/mkuyokwa/lungcxr/kaggle-negatives/Normal/Normal-2137.png,results/segments/Normal/Normal-2137.nrrd
/head/NFS/mkuyokwa/lungcxr/kaggle-negatives/Normal/Normal-2138.png,results/segments/Normal/Normal-2138.nrrd
/head/NFS/mkuyokwa/lungcxr/kaggle-negatives/Normal/Normal-2139.png,results/segments/Normal/Normal-2139.nrrd
/head/NFS/mkuyokwa/lungcxr/kaggle-negatives/Normal/Normal-214.png,results/segments/Normal/Normal-214.nrrd
/head/NFS/mkuyokwa/lungcxr/kaggle-negatives/Normal/Normal-2140.png,results/segments/Normal/Normal-2140.nrrd
/head/NFS/mkuyokwa/lungcxr/kaggle-negatives/Normal/Normal-2141.png,results/segments/Normal/Normal-2141.nrrd
/head/NFS/mkuyokwa/lungcxr/kaggle-negatives/Normal/Normal-2142.png,results/segments/Normal/Normal-2142.nrrd
/head/NFS/mkuyokwa/lungcxr/kaggle-negatives/Normal/Normal-2143.png,results/segments/Normal/Normal-2143.nrrd
/head/NFS/mkuyokwa/lungcxr/kaggle-negatives/Normal/Normal-2144.png,results/segments/Normal/Normal-2144.nrrd
/head/NFS/mkuyokwa/lungcxr/kaggle-negatives/Normal/Normal-2145.png,results/segments/Normal/Normal-2145.nrrd
/head/NFS/mkuyokwa/lungcxr/kaggle-negatives/Normal/Normal-2146.png,results/segments/Normal/Normal-2146.nrrd
/head/NFS/mkuyokwa/lungcxr/kaggle-negatives/Normal/Normal-2147.png,results/segments/Normal/Normal-2147.nrrd
/head/NFS/mkuyokwa/lungcxr/kaggle-negatives/Normal/Normal-2148.png,results/segments/Normal/Normal-2148.nrrd
/head/NFS/mkuyokwa/lungcxr/kaggle-negatives/Normal/Normal-2149.png,results/segments/Normal/Normal-2149.nrrd
/head/NFS/mkuyokwa/lungcxr/kaggle-negatives/Normal/Normal-215.png,results/segments/Normal/Normal-215.nrrd
/head/NFS/mkuyokwa/lungcxr/kaggle-negatives/Normal/Normal-2150.png,results/segments/Normal/Normal-2150.nrrd
/head/NFS/mkuyokwa/lungcxr/kaggle-negatives/Normal/Normal-2151.png,results/segments/Normal/Normal-2151.nrrd
/head/NFS/mkuyokwa/lungcxr/kaggle-negatives/Normal/Normal-2152.png,results/segments/Normal/Normal-2152.nrrd
/head/NFS/mkuyokwa/lungcxr/kaggle-negatives/Normal/Normal-2153.png,results/segments/Normal/Normal-2153.nrrd
/head/NFS/mkuyokwa/lungcxr/kaggle-negatives/Normal/Normal-2154.png,results/segments/Normal/Normal-2154.nrrd
/head/NFS/mkuyokwa/lungcxr/kaggle-negatives/Normal/Normal-2155.png,results/segments/Normal/Normal-2155.nrrd
/head/NFS/mkuyokwa/lungcxr/kaggle-negatives/Normal/Normal-2156.png,results/segments/Normal/Normal-2156.nrrd
/head/NFS/mkuyokwa/lungcxr/kaggle-negatives/Normal/Normal-2157.png,results/segments/Normal/Normal-2157.nrrd
/head/NFS/mkuyokwa/lungcxr/kaggle-negatives/Normal/Normal-2158.png,results/segments/Normal/Normal-2158.nrrd
/head/NFS/mkuyokwa/lungcxr/kaggle-negatives/Normal/Normal-2159.png,results/segments/Normal/Normal-2159.nrrd
/head/NFS/mkuyokwa/lungcxr/kaggle-negatives/Normal/Normal-216.png,results/segments/Normal/Normal-216.nrrd
/head/NFS/mkuyokwa/lungcxr/kaggle-negatives/Normal/Normal-2160.png,results/segments/Normal/Normal-2160.nrrd
/head/NFS/mkuyokwa/lungcxr/kaggle-negatives/Normal/Normal-2161.png,results/segments/Normal/Normal-2161.nrrd
/head/NFS/mkuyokwa/lungcxr/kaggle-negatives/Normal/Normal-2162.png,results/segments/Normal/Normal-2162.nrrd
/head/NFS/mkuyokwa/lungcxr/kaggle-negatives/Normal/Normal-2163.png,results/segments/Normal/Normal-2163.nrrd
/head/NFS/mkuyokwa/lungcxr/kaggle-negatives/Normal/Normal-2164.png,results/segments/Normal/Normal-2164.nrrd
/head/NFS/mkuyokwa/lungcxr/kaggle-negatives/Normal/Normal-2165.png,results/segments/Normal/Normal-2165.nrrd
/head/NFS/mkuyokwa/lungcxr/kaggle-negatives/Normal/Normal-2166.png,results/segments/Normal/Normal-2166.nrrd
/head/NFS/mkuyokwa/lungcxr/kaggle-negatives/Normal/Normal-2167.png,results/segments/Normal/Normal-2167.nrrd
/head/NFS/mkuyokwa/lungcxr/kaggle-negatives/Normal/Normal-2168.png,results/segments/Normal/Normal-2168.nrrd
/head/NFS/mkuyokwa/lungcxr/kaggle-negatives/Normal/Normal-2169.png,results/segments/Normal/Normal-2169.nrrd
/head/NFS/mkuyokwa/lungcxr/kaggle-negatives/Normal/Normal-217.png,results/segments/Normal/Normal-217.nrrd
/head/NFS/mkuyokwa/lungcxr/kaggle-negatives/Normal/Normal-2170.png,results/segments/Normal/Normal-2170.nrrd
/head/NFS/mkuyokwa/lungcxr/kaggle-negatives/Normal/Normal-2171.png,results/segments/Normal/Normal-2171.nrrd
/head/NFS/mkuyokwa/lungcxr/kaggle-negatives/Normal/Normal-2172.png,results/segments/Normal/Normal-2172.nrrd
/head/NFS/mkuyokwa/lungcxr/kaggle-negatives/Normal/Normal-2173.png,results/segments/Normal/Normal-2173.nrrd
/head/NFS/mkuyokwa/lungcxr/kaggle-negatives/Normal/Normal-2174.png,results/segments/Normal/Normal-2174.nrrd
/head/NFS/mkuyokwa/lungcxr/kaggle-negatives/Normal/Normal-2175.png,results/segments/Normal/Normal-2175.nrrd
/head/NFS/mkuyokwa/lungcxr/kaggle-negatives/Normal/Normal-2176.png,results/segments/Normal/Normal-2176.nrrd
/head/NFS/mkuyokwa/lungcxr/kaggle-negatives/Normal/Normal-2177.png,results/segments/Normal/Normal-2177.nrrd
/head/NFS/mkuyokwa/lungcxr/kaggle-negatives/Normal/Normal-2178.png,results/segments/Normal/Normal-2178.nrrd
/head/NFS/mkuyokwa/lungcxr/kaggle-negatives/Normal/Normal-2179.png,results/segments/Normal/Normal-2179.nrrd
/head/NFS/mkuyokwa/lungcxr/kaggle-negatives/Normal/Normal-218.png,results/segments/Normal/Normal-218.nrrd
/head/NFS/mkuyokwa/lungcxr/kaggle-negatives/Normal/Normal-2180.png,results/segments/Normal/Normal-2180.nrrd
/head/NFS/mkuyokwa/lungcxr/kaggle-negatives/Normal/Normal-2181.png,results/segments/Normal/Normal-2181.nrrd
/head/NFS/mkuyokwa/lungcxr/kaggle-negatives/Normal/Normal-2182.png,results/segments/Normal/Normal-2182.nrrd
/head/NFS/mkuyokwa/lungcxr/kaggle-negatives/Normal/Normal-2183.png,results/segments/Normal/Normal-2183.nrrd
/head/NFS/mkuyokwa/lungcxr/kaggle-negatives/Normal/Normal-2184.png,results/segments/Normal/Normal-2184.nrrd
/head/NFS/mkuyokwa/lungcxr/kaggle-negatives/Normal/Normal-2185.png,results/segments/Normal/Normal-2185.nrrd
/head/NFS/mkuyokwa/lungcxr/kaggle-negatives/Normal/Normal-2186.png,results/segments/Normal/Normal-2186.nrrd
/head/NFS/mkuyokwa/lungcxr/kaggle-negatives/Normal/Normal-2187.png,results/segments/Normal/Normal-2187.nrrd
/head/NFS/mkuyokwa/lungcxr/kaggle-negatives/Normal/Normal-2188.png,results/segments/Normal/Normal-2188.nrrd
/head/NFS/mkuyokwa/lungcxr/kaggle-negatives/Normal/Normal-2189.png,results/segments/Normal/Normal-2189.nrrd
/head/NFS/mkuyokwa/lungcxr/kaggle-negatives/Normal/Normal-219.png,results/segments/Normal/Normal-219.nrrd
/head/NFS/mkuyokwa/lungcxr/kaggle-negatives/Normal/Normal-2190.png,results/segments/Normal/Normal-2190.nrrd
/head/NFS/mkuyokwa/lungcxr/kaggle-negatives/Normal/Normal-2191.png,results/segments/Normal/Normal-2191.nrrd
/head/NFS/mkuyokwa/lungcxr/kaggle-negatives/Normal/Normal-2192.png,results/segments/Normal/Normal-2192.nrrd
/head/NFS/mkuyokwa/lungcxr/kaggle-negatives/Normal/Normal-2193.png,results/segments/Normal/Normal-2193.nrrd
/head/NFS/mkuyokwa/lungcxr/kaggle-negatives/Normal/Normal-2194.png,results/segments/Normal/Normal-2194.nrrd
/head/NFS/mkuyokwa/lungcxr/kaggle-negatives/Normal/Normal-2195.png,results/segments/Normal/Normal-2195.nrrd
/head/NFS/mkuyokwa/lungcxr/kaggle-negatives/Normal/Normal-2196.png,results/segments/Normal/Normal-2196.nrrd
/head/NFS/mkuyokwa/lungcxr/kaggle-negatives/Normal/Normal-2197.png,results/segments/Normal/Normal-2197.nrrd
/head/NFS/mkuyokwa/lungcxr/kaggle-negatives/Normal/Normal-2198.png,results/segments/Normal/Normal-2198.nrrd
/head/NFS/mkuyokwa/lungcxr/kaggle-negatives/Normal/Normal-2199.png,results/segments/Normal/Normal-2199.nrrd
/head/NFS/mkuyokwa/lungcxr/kaggle-negatives/Normal/Normal-22.png,results/segments/Normal/Normal-22.nrrd
/head/NFS/mkuyokwa/lungcxr/kaggle-negatives/Normal/Normal-220.png,results/segments/Normal/Normal-220.nrrd
/head/NFS/mkuyokwa/lungcxr/kaggle-negatives/Normal/Normal-2200.png,results/segments/Normal/Normal-2200.nrrd
/head/NFS/mkuyokwa/lungcxr/kaggle-negatives/Normal/Normal-2201.png,results/segments/Normal/Normal-2201.nrrd
/head/NFS/mkuyokwa/lungcxr/kaggle-negatives/Normal/Normal-2202.png,results/segments/Normal/Normal-2202.nrrd
/head/NFS/mkuyokwa/lungcxr/kaggle-negatives/Normal/Normal-2203.png,results/segments/Normal/Normal-2203.nrrd
/head/NFS/mkuyokwa/lungcxr/kaggle-negatives/Normal/Normal-2204.png,results/segments/Normal/Normal-2204.nrrd
/head/NFS/mkuyokwa/lungcxr/kaggle-negatives/Normal/Normal-2205.png,results/segments/Normal/Normal-2205.nrrd
/head/NFS/mkuyokwa/lungcxr/kaggle-negatives/Normal/Normal-2206.png,results/segments/Normal/Normal-2206.nrrd
/head/NFS/mkuyokwa/lungcxr/kaggle-negatives/Normal/Normal-2207.png,results/segments/Normal/Normal-2207.nrrd
/head/NFS/mkuyokwa/lungcxr/kaggle-negatives/Normal/Normal-2208.png,results/segments/Normal/Normal-2208.nrrd
/head/NFS/mkuyokwa/lungcxr/kaggle-negatives/Normal/Normal-2209.png,results/segments/Normal/Normal-2209.nrrd
/head/NFS/mkuyokwa/lungcxr/kaggle-negatives/Normal/Normal-221.png,results/segments/Normal/Normal-221.nrrd
/head/NFS/mkuyokwa/lungcxr/kaggle-negatives/Normal/Normal-2210.png,results/segments/Normal/Normal-2210.nrrd
/head/NFS/mkuyokwa/lungcxr/kaggle-negatives/Normal/Normal-2211.png,results/segments/Normal/Normal-2211.nrrd
/head/NFS/mkuyokwa/lungcxr/kaggle-negatives/Normal/Normal-2212.png,results/segments/Normal/Normal-2212.nrrd
/head/NFS/mkuyokwa/lungcxr/kaggle-negatives/Normal/Normal-2213.png,results/segments/Normal/Normal-2213.nrrd
/head/NFS/mkuyokwa/lungcxr/kaggle-negatives/Normal/Normal-2214.png,results/segments/Normal/Normal-2214.nrrd
/head/NFS/mkuyokwa/lungcxr/kaggle-negatives/Normal/Normal-2215.png,results/segments/Normal/Normal-2215.nrrd
/head/NFS/mkuyokwa/lungcxr/kaggle-negatives/Normal/Normal-2216.png,results/segments/Normal/Normal-2216.nrrd
/head/NFS/mkuyokwa/lungcxr/kaggle-negatives/Normal/Normal-2217.png,results/segments/Normal/Normal-2217.nrrd
/head/NFS/mkuyokwa/lungcxr/kaggle-negatives/Normal/Normal-2218.png,results/segments/Normal/Normal-2218.nrrd
/head/NFS/mkuyokwa/lungcxr/kaggle-negatives/Normal/Normal-2219.png,results/segments/Normal/Normal-2219.nrrd
/head/NFS/mkuyokwa/lungcxr/kaggle-negatives/Normal/Normal-222.png,results/segments/Normal/Normal-222.nrrd
/head/NFS/mkuyokwa/lungcxr/kaggle-negatives/Normal/Normal-2220.png,results/segments/Normal/Normal-2220.nrrd
/head/NFS/mkuyokwa/lungcxr/kaggle-negatives/Normal/Normal-2221.png,results/segments/Normal/Normal-2221.nrrd
/head/NFS/mkuyokwa/lungcxr/kaggle-negatives/Normal/Normal-2222.png,results/segments/Normal/Normal-2222.nrrd
/head/NFS/mkuyokwa/lungcxr/kaggle-negatives/Normal/Normal-2223.png,results/segments/Normal/Normal-2223.nrrd
/head/NFS/mkuyokwa/lungcxr/kaggle-negatives/Normal/Normal-2224.png,results/segments/Normal/Normal-2224.nrrd
/head/NFS/mkuyokwa/lungcxr/kaggle-negatives/Normal/Normal-2225.png,results/segments/Normal/Normal-2225.nrrd
/head/NFS/mkuyokwa/lungcxr/kaggle-negatives/Normal/Normal-2226.png,results/segments/Normal/Normal-2226.nrrd
/head/NFS/mkuyokwa/lungcxr/kaggle-negatives/Normal/Normal-2227.png,results/segments/Normal/Normal-2227.nrrd
/head/NFS/mkuyokwa/lungcxr/kaggle-negatives/Normal/Normal-2228.png,results/segments/Normal/Normal-2228.nrrd
/head/NFS/mkuyokwa/lungcxr/kaggle-negatives/Normal/Normal-2229.png,results/segments/Normal/Normal-2229.nrrd
/head/NFS/mkuyokwa/lungcxr/kaggle-negatives/Normal/Normal-223.png,results/segments/Normal/Normal-223.nrrd
/head/NFS/mkuyokwa/lungcxr/kaggle-negatives/Normal/Normal-2230.png,results/segments/Normal/Normal-2230.nrrd
/head/NFS/mkuyokwa/lungcxr/kaggle-negatives/Normal/Normal-2231.png,results/segments/Normal/Normal-2231.nrrd
/head/NFS/mkuyokwa/lungcxr/kaggle-negatives/Normal/Normal-2232.png,results/segments/Normal/Normal-2232.nrrd
/head/NFS/mkuyokwa/lungcxr/kaggle-negatives/Normal/Normal-2233.png,results/segments/Normal/Normal-2233.nrrd
/head/NFS/mkuyokwa/lungcxr/kaggle-negatives/Normal/Normal-2234.png,results/segments/Normal/Normal-2234.nrrd
/head/NFS/mkuyokwa/lungcxr/kaggle-negatives/Normal/Normal-2235.png,results/segments/Normal/Normal-2235.nrrd
/head/NFS/mkuyokwa/lungcxr/kaggle-negatives/Normal/Normal-2236.png,results/segments/Normal/Normal-2236.nrrd
/head/NFS/mkuyokwa/lungcxr/kaggle-negatives/Normal/Normal-2237.png,results/segments/Normal/Normal-2237.nrrd
/head/NFS/mkuyokwa/lungcxr/kaggle-negatives/Normal/Normal-2238.png,results/segments/Normal/Normal-2238.nrrd
/head/NFS/mkuyokwa/lungcxr/kaggle-negatives/Normal/Normal-2239.png,results/segments/Normal/Normal-2239.nrrd
/head/NFS/mkuyokwa/lungcxr/kaggle-negatives/Normal/Normal-224.png,results/segments/Normal/Normal-224.nrrd
/head/NFS/mkuyokwa/lungcxr/kaggle-negatives/Normal/Normal-2240.png,results/segments/Normal/Normal-2240.nrrd
/head/NFS/mkuyokwa/lungcxr/kaggle-negatives/Normal/Normal-2241.png,results/segments/Normal/Normal-2241.nrrd
/head/NFS/mkuyokwa/lungcxr/kaggle-negatives/Normal/Normal-2242.png,results/segments/Normal/Normal-2242.nrrd
/head/NFS/mkuyokwa/lungcxr/kaggle-negatives/Normal/Normal-2243.png,results/segments/Normal/Normal-2243.nrrd
/head/NFS/mkuyokwa/lungcxr/kaggle-negatives/Normal/Normal-2244.png,results/segments/Normal/Normal-2244.nrrd
/head/NFS/mkuyokwa/lungcxr/kaggle-negatives/Normal/Normal-2245.png,results/segments/Normal/Normal-2245.nrrd
/head/NFS/mkuyokwa/lungcxr/kaggle-negatives/Normal/Normal-2246.png,results/segments/Normal/Normal-2246.nrrd
/head/NFS/mkuyokwa/lungcxr/kaggle-negatives/Normal/Normal-2247.png,results/segments/Normal/Normal-2247.nrrd
/head/NFS/mkuyokwa/lungcxr/kaggle-negatives/Normal/Normal-2248.png,results/segments/Normal/Normal-2248.nrrd
/head/NFS/mkuyokwa/lungcxr/kaggle-negatives/Normal/Normal-2249.png,results/segments/Normal/Normal-2249.nrrd
/head/NFS/mkuyokwa/lungcxr/kaggle-negatives/Normal/Normal-225.png,results/segments/Normal/Normal-225.nrrd
/head/NFS/mkuyokwa/lungcxr/kaggle-negatives/Normal/Normal-2250.png,results/segments/Normal/Normal-2250.nrrd
/head/NFS/mkuyokwa/lungcxr/kaggle-negatives/Normal/Normal-2251.png,results/segments/Normal/Normal-2251.nrrd
/head/NFS/mkuyokwa/lungcxr/kaggle-negatives/Normal/Normal-2252.png,results/segments/Normal/Normal-2252.nrrd
/head/NFS/mkuyokwa/lungcxr/kaggle-negatives/Normal/Normal-2253.png,results/segments/Normal/Normal-2253.nrrd
/head/NFS/mkuyokwa/lungcxr/kaggle-negatives/Normal/Normal-2254.png,results/segments/Normal/Normal-2254.nrrd
/head/NFS/mkuyokwa/lungcxr/kaggle-negatives/Normal/Normal-2255.png,results/segments/Normal/Normal-2255.nrrd
/head/NFS/mkuyokwa/lungcxr/kaggle-negatives/Normal/Normal-2256.png,results/segments/Normal/Normal-2256.nrrd
/head/NFS/mkuyokwa/lungcxr/kaggle-negatives/Normal/Normal-2257.png,results/segments/Normal/Normal-2257.nrrd
/head/NFS/mkuyokwa/lungcxr/kaggle-negatives/Normal/Normal-2258.png,results/segments/Normal/Normal-2258.nrrd
/head/NFS/mkuyokwa/lungcxr/kaggle-negatives/Normal/Normal-2259.png,results/segments/Normal/Normal-2259.nrrd
/head/NFS/mkuyokwa/lungcxr/kaggle-negatives/Normal/Normal-226.png,results/segments/Normal/Normal-226.nrrd
/head/NFS/mkuyokwa/lungcxr/kaggle-negatives/Normal/Normal-2260.png,results/segments/Normal/Normal-2260.nrrd
/head/NFS/mkuyokwa/lungcxr/kaggle-negatives/Normal/Normal-2261.png,results/segments/Normal/Normal-2261.nrrd
/head/NFS/mkuyokwa/lungcxr/kaggle-negatives/Normal/Normal-2262.png,results/segments/Normal/Normal-2262.nrrd
/head/NFS/mkuyokwa/lungcxr/kaggle-negatives/Normal/Normal-2263.png,results/segments/Normal/Normal-2263.nrrd
/head/NFS/mkuyokwa/lungcxr/kaggle-negatives/Normal/Normal-2264.png,results/segments/Normal/Normal-2264.nrrd
/head/NFS/mkuyokwa/lungcxr/kaggle-negatives/Normal/Normal-2265.png,results/segments/Normal/Normal-2265.nrrd
/head/NFS/mkuyokwa/lungcxr/kaggle-negatives/Normal/Normal-2266.png,results/segments/Normal/Normal-2266.nrrd
/head/NFS/mkuyokwa/lungcxr/kaggle-negatives/Normal/Normal-2267.png,results/segments/Normal/Normal-2267.nrrd
/head/NFS/mkuyokwa/lungcxr/kaggle-negatives/Normal/Normal-2268.png,results/segments/Normal/Normal-2268.nrrd
/head/NFS/mkuyokwa/lungcxr/kaggle-negatives/Normal/Normal-2269.png,results/segments/Normal/Normal-2269.nrrd
/head/NFS/mkuyokwa/lungcxr/kaggle-negatives/Normal/Normal-227.png,results/segments/Normal/Normal-227.nrrd
/head/NFS/mkuyokwa/lungcxr/kaggle-negatives/Normal/Normal-2270.png,results/segments/Normal/Normal-2270.nrrd
/head/NFS/mkuyokwa/lungcxr/kaggle-negatives/Normal/Normal-2271.png,results/segments/Normal/Normal-2271.nrrd
/head/NFS/mkuyokwa/lungcxr/kaggle-negatives/Normal/Normal-2272.png,results/segments/Normal/Normal-2272.nrrd
/head/NFS/mkuyokwa/lungcxr/kaggle-negatives/Normal/Normal-2273.png,results/segments/Normal/Normal-2273.nrrd
/head/NFS/mkuyokwa/lungcxr/kaggle-negatives/Normal/Normal-2274.png,results/segments/Normal/Normal-2274.nrrd
/head/NFS/mkuyokwa/lungcxr/kaggle-negatives/Normal/Normal-2275.png,results/segments/Normal/Normal-2275.nrrd
/head/NFS/mkuyokwa/lungcxr/kaggle-negatives/Normal/Normal-2276.png,results/segments/Normal/Normal-2276.nrrd
/head/NFS/mkuyokwa/lungcxr/kaggle-negatives/Normal/Normal-2277.png,results/segments/Normal/Normal-2277.nrrd
/head/NFS/mkuyokwa/lungcxr/kaggle-negatives/Normal/Normal-2278.png,results/segments/Normal/Normal-2278.nrrd
/head/NFS/mkuyokwa/lungcxr/kaggle-negatives/Normal/Normal-2279.png,results/segments/Normal/Normal-2279.nrrd
/head/NFS/mkuyokwa/lungcxr/kaggle-negatives/Normal/Normal-228.png,results/segments/Normal/Normal-228.nrrd
/head/NFS/mkuyokwa/lungcxr/kaggle-negatives/Normal/Normal-2280.png,results/segments/Normal/Normal-2280.nrrd
/head/NFS/mkuyokwa/lungcxr/kaggle-negatives/Normal/Normal-2281.png,results/segments/Normal/Normal-2281.nrrd
/head/NFS/mkuyokwa/lungcxr/kaggle-negatives/Normal/Normal-2282.png,results/segments/Normal/Normal-2282.nrrd
/head/NFS/mkuyokwa/lungcxr/kaggle-negatives/Normal/Normal-2283.png,results/segments/Normal/Normal-2283.nrrd
/head/NFS/mkuyokwa/lungcxr/kaggle-negatives/Normal/Normal-2284.png,results/segments/Normal/Normal-2284.nrrd
/head/NFS/mkuyokwa/lungcxr/kaggle-negatives/Normal/Normal-2285.png,results/segments/Normal/Normal-2285.nrrd
/head/NFS/mkuyokwa/lungcxr/kaggle-negatives/Normal/Normal-2286.png,results/segments/Normal/Normal-2286.nrrd
/head/NFS/mkuyokwa/lungcxr/kaggle-negatives/Normal/Normal-2287.png,results/segments/Normal/Normal-2287.nrrd
/head/NFS/mkuyokwa/lungcxr/kaggle-negatives/Normal/Normal-2288.png,results/segments/Normal/Normal-2288.nrrd
/head/NFS/mkuyokwa/lungcxr/kaggle-negatives/Normal/Normal-2289.png,results/segments/Normal/Normal-2289.nrrd
/head/NFS/mkuyokwa/lungcxr/kaggle-negatives/Normal/Normal-229.png,results/segments/Normal/Normal-229.nrrd
/head/NFS/mkuyokwa/lungcxr/kaggle-negatives/Normal/Normal-2290.png,results/segments/Normal/Normal-2290.nrrd
/head/NFS/mkuyokwa/lungcxr/kaggle-negatives/Normal/Normal-2291.png,results/segments/Normal/Normal-2291.nrrd
/head/NFS/mkuyokwa/lungcxr/kaggle-negatives/Normal/Normal-2292.png,results/segments/Normal/Normal-2292.nrrd
/head/NFS/mkuyokwa/lungcxr/kaggle-negatives/Normal/Normal-2293.png,results/segments/Normal/Normal-2293.nrrd
/head/NFS/mkuyokwa/lungcxr/kaggle-negatives/Normal/Normal-2294.png,results/segments/Normal/Normal-2294.nrrd
/head/NFS/mkuyokwa/lungcxr/kaggle-negatives/Normal/Normal-2295.png,results/segments/Normal/Normal-2295.nrrd
/head/NFS/mkuyokwa/lungcxr/kaggle-negatives/Normal/Normal-2296.png,results/segments/Normal/Normal-2296.nrrd
/head/NFS/mkuyokwa/lungcxr/kaggle-negatives/Normal/Normal-2297.png,results/segments/Normal/Normal-2297.nrrd
/head/NFS/mkuyokwa/lungcxr/kaggle-negatives/Normal/Normal-2298.png,results/segments/Normal/Normal-2298.nrrd
/head/NFS/mkuyokwa/lungcxr/kaggle-negatives/Normal/Normal-2299.png,results/segments/Normal/Normal-2299.nrrd
/head/NFS/mkuyokwa/lungcxr/kaggle-negatives/Normal/Normal-23.png,results/segments/Normal/Normal-23.nrrd
/head/NFS/mkuyokwa/lungcxr/kaggle-negatives/Normal/Normal-230.png,results/segments/Normal/Normal-230.nrrd
/head/NFS/mkuyokwa/lungcxr/kaggle-negatives/Normal/Normal-2300.png,results/segments/Normal/Normal-2300.nrrd
/head/NFS/mkuyokwa/lungcxr/kaggle-negatives/Normal/Normal-2301.png,results/segments/Normal/Normal-2301.nrrd
/head/NFS/mkuyokwa/lungcxr/kaggle-negatives/Normal/Normal-2302.png,results/segments/Normal/Normal-2302.nrrd
/head/NFS/mkuyokwa/lungcxr/kaggle-negatives/Normal/Normal-2303.png,results/segments/Normal/Normal-2303.nrrd
/head/NFS/mkuyokwa/lungcxr/kaggle-negatives/Normal/Normal-2304.png,results/segments/Normal/Normal-2304.nrrd
/head/NFS/mkuyokwa/lungcxr/kaggle-negatives/Normal/Normal-2305.png,results/segments/Normal/Normal-2305.nrrd
/head/NFS/mkuyokwa/lungcxr/kaggle-negatives/Normal/Normal-2306.png,results/segments/Normal/Normal-2306.nrrd
/head/NFS/mkuyokwa/lungcxr/kaggle-negatives/Normal/Normal-2307.png,results/segments/Normal/Normal-2307.nrrd
/head/NFS/mkuyokwa/lungcxr/kaggle-negatives/Normal/Normal-2308.png,results/segments/Normal/Normal-2308.nrrd
/head/NFS/mkuyokwa/lungcxr/kaggle-negatives/Normal/Normal-2309.png,results/segments/Normal/Normal-2309.nrrd
/head/NFS/mkuyokwa/lungcxr/kaggle-negatives/Normal/Normal-231.png,results/segments/Normal/Normal-231.nrrd
/head/NFS/mkuyokwa/lungcxr/kaggle-negatives/Normal/Normal-2310.png,results/segments/Normal/Normal-2310.nrrd
/head/NFS/mkuyokwa/lungcxr/kaggle-negatives/Normal/Normal-2311.png,results/segments/Normal/Normal-2311.nrrd
/head/NFS/mkuyokwa/lungcxr/kaggle-negatives/Normal/Normal-2312.png,results/segments/Normal/Normal-2312.nrrd
/head/NFS/mkuyokwa/lungcxr/kaggle-negatives/Normal/Normal-2313.png,results/segments/Normal/Normal-2313.nrrd
/head/NFS/mkuyokwa/lungcxr/kaggle-negatives/Normal/Normal-2314.png,results/segments/Normal/Normal-2314.nrrd
/head/NFS/mkuyokwa/lungcxr/kaggle-negatives/Normal/Normal-2315.png,results/segments/Normal/Normal-2315.nrrd
/head/NFS/mkuyokwa/lungcxr/kaggle-negatives/Normal/Normal-2316.png,results/segments/Normal/Normal-2316.nrrd
/head/NFS/mkuyokwa/lungcxr/kaggle-negatives/Normal/Normal-2317.png,results/segments/Normal/Normal-2317.nrrd
/head/NFS/mkuyokwa/lungcxr/kaggle-negatives/Normal/Normal-2318.png,results/segments/Normal/Normal-2318.nrrd
/head/NFS/mkuyokwa/lungcxr/kaggle-negatives/Normal/Normal-2319.png,results/segments/Normal/Normal-2319.nrrd
/head/NFS/mkuyokwa/lungcxr/kaggle-negatives/Normal/Normal-232.png,results/segments/Normal/Normal-232.nrrd
/head/NFS/mkuyokwa/lungcxr/kaggle-negatives/Normal/Normal-2320.png,results/segments/Normal/Normal-2320.nrrd
/head/NFS/mkuyokwa/lungcxr/kaggle-negatives/Normal/Normal-2321.png,results/segments/Normal/Normal-2321.nrrd
/head/NFS/mkuyokwa/lungcxr/kaggle-negatives/Normal/Normal-2322.png,results/segments/Normal/Normal-2322.nrrd
/head/NFS/mkuyokwa/lungcxr/kaggle-negatives/Normal/Normal-2323.png,results/segments/Normal/Normal-2323.nrrd
/head/NFS/mkuyokwa/lungcxr/kaggle-negatives/Normal/Normal-2324.png,results/segments/Normal/Normal-2324.nrrd
/head/NFS/mkuyokwa/lungcxr/kaggle-negatives/Normal/Normal-2325.png,results/segments/Normal/Normal-2325.nrrd
/head/NFS/mkuyokwa/lungcxr/kaggle-negatives/Normal/Normal-2326.png,results/segments/Normal/Normal-2326.nrrd
/head/NFS/mkuyokwa/lungcxr/kaggle-negatives/Normal/Normal-2327.png,results/segments/Normal/Normal-2327.nrrd
/head/NFS/mkuyokwa/lungcxr/kaggle-negatives/Normal/Normal-2328.png,results/segments/Normal/Normal-2328.nrrd
/head/NFS/mkuyokwa/lungcxr/kaggle-negatives/Normal/Normal-2329.png,results/segments/Normal/Normal-2329.nrrd
/head/NFS/mkuyokwa/lungcxr/kaggle-negatives/Normal/Normal-233.png,results/segments/Normal/Normal-233.nrrd
/head/NFS/mkuyokwa/lungcxr/kaggle-negatives/Normal/Normal-2330.png,results/segments/Normal/Normal-2330.nrrd
/head/NFS/mkuyokwa/lungcxr/kaggle-negatives/Normal/Normal-2331.png,results/segments/Normal/Normal-2331.nrrd
/head/NFS/mkuyokwa/lungcxr/kaggle-negatives/Normal/Normal-2332.png,results/segments/Normal/Normal-2332.nrrd
/head/NFS/mkuyokwa/lungcxr/kaggle-negatives/Normal/Normal-2333.png,results/segments/Normal/Normal-2333.nrrd
/head/NFS/mkuyokwa/lungcxr/kaggle-negatives/Normal/Normal-2334.png,results/segments/Normal/Normal-2334.nrrd
/head/NFS/mkuyokwa/lungcxr/kaggle-negatives/Normal/Normal-2335.png,results/segments/Normal/Normal-2335.nrrd
/head/NFS/mkuyokwa/lungcxr/kaggle-negatives/Normal/Normal-2336.png,results/segments/Normal/Normal-2336.nrrd
/head/NFS/mkuyokwa/lungcxr/kaggle-negatives/Normal/Normal-2337.png,results/segments/Normal/Normal-2337.nrrd
/head/NFS/mkuyokwa/lungcxr/kaggle-negatives/Normal/Normal-2338.png,results/segments/Normal/Normal-2338.nrrd
/head/NFS/mkuyokwa/lungcxr/kaggle-negatives/Normal/Normal-2339.png,results/segments/Normal/Normal-2339.nrrd
/head/NFS/mkuyokwa/lungcxr/kaggle-negatives/Normal/Normal-234.png,results/segments/Normal/Normal-234.nrrd
/head/NFS/mkuyokwa/lungcxr/kaggle-negatives/Normal/Normal-2340.png,results/segments/Normal/Normal-2340.nrrd
/head/NFS/mkuyokwa/lungcxr/kaggle-negatives/Normal/Normal-2341.png,results/segments/Normal/Normal-2341.nrrd
/head/NFS/mkuyokwa/lungcxr/kaggle-negatives/Normal/Normal-2342.png,results/segments/Normal/Normal-2342.nrrd
/head/NFS/mkuyokwa/lungcxr/kaggle-negatives/Normal/Normal-2343.png,results/segments/Normal/Normal-2343.nrrd
/head/NFS/mkuyokwa/lungcxr/kaggle-negatives/Normal/Normal-2344.png,results/segments/Normal/Normal-2344.nrrd
/head/NFS/mkuyokwa/lungcxr/kaggle-negatives/Normal/Normal-2345.png,results/segments/Normal/Normal-2345.nrrd
/head/NFS/mkuyokwa/lungcxr/kaggle-negatives/Normal/Normal-2346.png,results/segments/Normal/Normal-2346.nrrd
/head/NFS/mkuyokwa/lungcxr/kaggle-negatives/Normal/Normal-2347.png,results/segments/Normal/Normal-2347.nrrd
/head/NFS/mkuyokwa/lungcxr/kaggle-negatives/Normal/Normal-2348.png,results/segments/Normal/Normal-2348.nrrd
/head/NFS/mkuyokwa/lungcxr/kaggle-negatives/Normal/Normal-2349.png,results/segments/Normal/Normal-2349.nrrd
/head/NFS/mkuyokwa/lungcxr/kaggle-negatives/Normal/Normal-235.png,results/segments/Normal/Normal-235.nrrd
/head/NFS/mkuyokwa/lungcxr/kaggle-negatives/Normal/Normal-2350.png,results/segments/Normal/Normal-2350.nrrd
/head/NFS/mkuyokwa/lungcxr/kaggle-negatives/Normal/Normal-2351.png,results/segments/Normal/Normal-2351.nrrd
/head/NFS/mkuyokwa/lungcxr/kaggle-negatives/Normal/Normal-2352.png,results/segments/Normal/Normal-2352.nrrd
/head/NFS/mkuyokwa/lungcxr/kaggle-negatives/Normal/Normal-2353.png,results/segments/Normal/Normal-2353.nrrd
/head/NFS/mkuyokwa/lungcxr/kaggle-negatives/Normal/Normal-2354.png,results/segments/Normal/Normal-2354.nrrd
/head/NFS/mkuyokwa/lungcxr/kaggle-negatives/Normal/Normal-2355.png,results/segments/Normal/Normal-2355.nrrd
/head/NFS/mkuyokwa/lungcxr/kaggle-negatives/Normal/Normal-2356.png,results/segments/Normal/Normal-2356.nrrd
/head/NFS/mkuyokwa/lungcxr/kaggle-negatives/Normal/Normal-2357.png,results/segments/Normal/Normal-2357.nrrd
/head/NFS/mkuyokwa/lungcxr/kaggle-negatives/Normal/Normal-2358.png,results/segments/Normal/Normal-2358.nrrd
/head/NFS/mkuyokwa/lungcxr/kaggle-negatives/Normal/Normal-2359.png,results/segments/Normal/Normal-2359.nrrd
/head/NFS/mkuyokwa/lungcxr/kaggle-negatives/Normal/Normal-236.png,results/segments/Normal/Normal-236.nrrd
/head/NFS/mkuyokwa/lungcxr/kaggle-negatives/Normal/Normal-2360.png,results/segments/Normal/Normal-2360.nrrd
/head/NFS/mkuyokwa/lungcxr/kaggle-negatives/Normal/Normal-2361.png,results/segments/Normal/Normal-2361.nrrd
/head/NFS/mkuyokwa/lungcxr/kaggle-negatives/Normal/Normal-2362.png,results/segments/Normal/Normal-2362.nrrd
/head/NFS/mkuyokwa/lungcxr/kaggle-negatives/Normal/Normal-2363.png,results/segments/Normal/Normal-2363.nrrd
/head/NFS/mkuyokwa/lungcxr/kaggle-negatives/Normal/Normal-2364.png,results/segments/Normal/Normal-2364.nrrd
/head/NFS/mkuyokwa/lungcxr/kaggle-negatives/Normal/Normal-2365.png,results/segments/Normal/Normal-2365.nrrd
/head/NFS/mkuyokwa/lungcxr/kaggle-negatives/Normal/Normal-2366.png,results/segments/Normal/Normal-2366.nrrd
/head/NFS/mkuyokwa/lungcxr/kaggle-negatives/Normal/Normal-2367.png,results/segments/Normal/Normal-2367.nrrd
/head/NFS/mkuyokwa/lungcxr/kaggle-negatives/Normal/Normal-2368.png,results/segments/Normal/Normal-2368.nrrd
/head/NFS/mkuyokwa/lungcxr/kaggle-negatives/Normal/Normal-2369.png,results/segments/Normal/Normal-2369.nrrd
/head/NFS/mkuyokwa/lungcxr/kaggle-negatives/Normal/Normal-237.png,results/segments/Normal/Normal-237.nrrd
/head/NFS/mkuyokwa/lungcxr/kaggle-negatives/Normal/Normal-2370.png,results/segments/Normal/Normal-2370.nrrd
/head/NFS/mkuyokwa/lungcxr/kaggle-negatives/Normal/Normal-2371.png,results/segments/Normal/Normal-2371.nrrd
/head/NFS/mkuyokwa/lungcxr/kaggle-negatives/Normal/Normal-2372.png,results/segments/Normal/Normal-2372.nrrd
/head/NFS/mkuyokwa/lungcxr/kaggle-negatives/Normal/Normal-2373.png,results/segments/Normal/Normal-2373.nrrd
/head/NFS/mkuyokwa/lungcxr/kaggle-negatives/Normal/Normal-2374.png,results/segments/Normal/Normal-2374.nrrd
/head/NFS/mkuyokwa/lungcxr/kaggle-negatives/Normal/Normal-2375.png,results/segments/Normal/Normal-2375.nrrd
/head/NFS/mkuyokwa/lungcxr/kaggle-negatives/Normal/Normal-2376.png,results/segments/Normal/Normal-2376.nrrd
/head/NFS/mkuyokwa/lungcxr/kaggle-negatives/Normal/Normal-2377.png,results/segments/Normal/Normal-2377.nrrd
/head/NFS/mkuyokwa/lungcxr/kaggle-negatives/Normal/Normal-2378.png,results/segments/Normal/Normal-2378.nrrd
/head/NFS/mkuyokwa/lungcxr/kaggle-negatives/Normal/Normal-2379.png,results/segments/Normal/Normal-2379.nrrd
/head/NFS/mkuyokwa/lungcxr/kaggle-negatives/Normal/Normal-238.png,results/segments/Normal/Normal-238.nrrd
/head/NFS/mkuyokwa/lungcxr/kaggle-negatives/Normal/Normal-2380.png,results/segments/Normal/Normal-2380.nrrd
/head/NFS/mkuyokwa/lungcxr/kaggle-negatives/Normal/Normal-2381.png,results/segments/Normal/Normal-2381.nrrd
/head/NFS/mkuyokwa/lungcxr/kaggle-negatives/Normal/Normal-2382.png,results/segments/Normal/Normal-2382.nrrd
/head/NFS/mkuyokwa/lungcxr/kaggle-negatives/Normal/Normal-2383.png,results/segments/Normal/Normal-2383.nrrd
/head/NFS/mkuyokwa/lungcxr/kaggle-negatives/Normal/Normal-2384.png,results/segments/Normal/Normal-2384.nrrd
/head/NFS/mkuyokwa/lungcxr/kaggle-negatives/Normal/Normal-2385.png,results/segments/Normal/Normal-2385.nrrd
/head/NFS/mkuyokwa/lungcxr/kaggle-negatives/Normal/Normal-2386.png,results/segments/Normal/Normal-2386.nrrd
/head/NFS/mkuyokwa/lungcxr/kaggle-negatives/Normal/Normal-2387.png,results/segments/Normal/Normal-2387.nrrd
/head/NFS/mkuyokwa/lungcxr/kaggle-negatives/Normal/Normal-2388.png,results/segments/Normal/Normal-2388.nrrd
/head/NFS/mkuyokwa/lungcxr/kaggle-negatives/Normal/Normal-2389.png,results/segments/Normal/Normal-2389.nrrd
/head/NFS/mkuyokwa/lungcxr/kaggle-negatives/Normal/Normal-239.png,results/segments/Normal/Normal-239.nrrd
/head/NFS/mkuyokwa/lungcxr/kaggle-negatives/Normal/Normal-2390.png,results/segments/Normal/Normal-2390.nrrd
/head/NFS/mkuyokwa/lungcxr/kaggle-negatives/Normal/Normal-2391.png,results/segments/Normal/Normal-2391.nrrd
/head/NFS/mkuyokwa/lungcxr/kaggle-negatives/Normal/Normal-2392.png,results/segments/Normal/Normal-2392.nrrd
/head/NFS/mkuyokwa/lungcxr/kaggle-negatives/Normal/Normal-2393.png,results/segments/Normal/Normal-2393.nrrd
/head/NFS/mkuyokwa/lungcxr/kaggle-negatives/Normal/Normal-2394.png,results/segments/Normal/Normal-2394.nrrd
/head/NFS/mkuyokwa/lungcxr/kaggle-negatives/Normal/Normal-2395.png,results/segments/Normal/Normal-2395.nrrd
/head/NFS/mkuyokwa/lungcxr/kaggle-negatives/Normal/Normal-2396.png,results/segments/Normal/Normal-2396.nrrd
/head/NFS/mkuyokwa/lungcxr/kaggle-negatives/Normal/Normal-2397.png,results/segments/Normal/Normal-2397.nrrd
/head/NFS/mkuyokwa/lungcxr/kaggle-negatives/Normal/Normal-2398.png,results/segments/Normal/Normal-2398.nrrd
/head/NFS/mkuyokwa/lungcxr/kaggle-negatives/Normal/Normal-2399.png,results/segments/Normal/Normal-2399.nrrd
/head/NFS/mkuyokwa/lungcxr/kaggle-negatives/Normal/Normal-24.png,results/segments/Normal/Normal-24.nrrd
/head/NFS/mkuyokwa/lungcxr/kaggle-negatives/Normal/Normal-240.png,results/segments/Normal/Normal-240.nrrd
/head/NFS/mkuyokwa/lungcxr/kaggle-negatives/Normal/Normal-2400.png,results/segments/Normal/Normal-2400.nrrd
/head/NFS/mkuyokwa/lungcxr/kaggle-negatives/Normal/Normal-2401.png,results/segments/Normal/Normal-2401.nrrd
/head/NFS/mkuyokwa/lungcxr/kaggle-negatives/Normal/Normal-2402.png,results/segments/Normal/Normal-2402.nrrd
/head/NFS/mkuyokwa/lungcxr/kaggle-negatives/Normal/Normal-2403.png,results/segments/Normal/Normal-2403.nrrd
/head/NFS/mkuyokwa/lungcxr/kaggle-negatives/Normal/Normal-2404.png,results/segments/Normal/Normal-2404.nrrd
/head/NFS/mkuyokwa/lungcxr/kaggle-negatives/Normal/Normal-2405.png,results/segments/Normal/Normal-2405.nrrd
/head/NFS/mkuyokwa/lungcxr/kaggle-negatives/Normal/Normal-2406.png,results/segments/Normal/Normal-2406.nrrd
/head/NFS/mkuyokwa/lungcxr/kaggle-negatives/Normal/Normal-2407.png,results/segments/Normal/Normal-2407.nrrd
/head/NFS/mkuyokwa/lungcxr/kaggle-negatives/Normal/Normal-2408.png,results/segments/Normal/Normal-2408.nrrd
/head/NFS/mkuyokwa/lungcxr/kaggle-negatives/Normal/Normal-2409.png,results/segments/Normal/Normal-2409.nrrd
/head/NFS/mkuyokwa/lungcxr/kaggle-negatives/Normal/Normal-241.png,results/segments/Normal/Normal-241.nrrd
/head/NFS/mkuyokwa/lungcxr/kaggle-negatives/Normal/Normal-2410.png,results/segments/Normal/Normal-2410.nrrd
/head/NFS/mkuyokwa/lungcxr/kaggle-negatives/Normal/Normal-2411.png,results/segments/Normal/Normal-2411.nrrd
/head/NFS/mkuyokwa/lungcxr/kaggle-negatives/Normal/Normal-2412.png,results/segments/Normal/Normal-2412.nrrd
/head/NFS/mkuyokwa/lungcxr/kaggle-negatives/Normal/Normal-2413.png,results/segments/Normal/Normal-2413.nrrd
/head/NFS/mkuyokwa/lungcxr/kaggle-negatives/Normal/Normal-2414.png,results/segments/Normal/Normal-2414.nrrd
/head/NFS/mkuyokwa/lungcxr/kaggle-negatives/Normal/Normal-2415.png,results/segments/Normal/Normal-2415.nrrd
/head/NFS/mkuyokwa/lungcxr/kaggle-negatives/Normal/Normal-2416.png,results/segments/Normal/Normal-2416.nrrd
/head/NFS/mkuyokwa/lungcxr/kaggle-negatives/Normal/Normal-2417.png,results/segments/Normal/Normal-2417.nrrd
/head/NFS/mkuyokwa/lungcxr/kaggle-negatives/Normal/Normal-2418.png,results/segments/Normal/Normal-2418.nrrd
/head/NFS/mkuyokwa/lungcxr/kaggle-negatives/Normal/Normal-2419.png,results/segments/Normal/Normal-2419.nrrd
/head/NFS/mkuyokwa/lungcxr/kaggle-negatives/Normal/Normal-242.png,results/segments/Normal/Normal-242.nrrd
/head/NFS/mkuyokwa/lungcxr/kaggle-negatives/Normal/Normal-2420.png,results/segments/Normal/Normal-2420.nrrd
/head/NFS/mkuyokwa/lungcxr/kaggle-negatives/Normal/Normal-2421.png,results/segments/Normal/Normal-2421.nrrd
/head/NFS/mkuyokwa/lungcxr/kaggle-negatives/Normal/Normal-2422.png,results/segments/Normal/Normal-2422.nrrd
/head/NFS/mkuyokwa/lungcxr/kaggle-negatives/Normal/Normal-2423.png,results/segments/Normal/Normal-2423.nrrd
/head/NFS/mkuyokwa/lungcxr/kaggle-negatives/Normal/Normal-2424.png,results/segments/Normal/Normal-2424.nrrd
/head/NFS/mkuyokwa/lungcxr/kaggle-negatives/Normal/Normal-2425.png,results/segments/Normal/Normal-2425.nrrd
/head/NFS/mkuyokwa/lungcxr/kaggle-negatives/Normal/Normal-2426.png,results/segments/Normal/Normal-2426.nrrd
/head/NFS/mkuyokwa/lungcxr/kaggle-negatives/Normal/Normal-2427.png,results/segments/Normal/Normal-2427.nrrd
/head/NFS/mkuyokwa/lungcxr/kaggle-negatives/Normal/Normal-2428.png,results/segments/Normal/Normal-2428.nrrd
/head/NFS/mkuyokwa/lungcxr/kaggle-negatives/Normal/Normal-2429.png,results/segments/Normal/Normal-2429.nrrd
/head/NFS/mkuyokwa/lungcxr/kaggle-negatives/Normal/Normal-243.png,results/segments/Normal/Normal-243.nrrd
/head/NFS/mkuyokwa/lungcxr/kaggle-negatives/Normal/Normal-2430.png,results/segments/Normal/Normal-2430.nrrd
/head/NFS/mkuyokwa/lungcxr/kaggle-negatives/Normal/Normal-2431.png,results/segments/Normal/Normal-2431.nrrd
/head/NFS/mkuyokwa/lungcxr/kaggle-negatives/Normal/Normal-2432.png,results/segments/Normal/Normal-2432.nrrd
/head/NFS/mkuyokwa/lungcxr/kaggle-negatives/Normal/Normal-2433.png,results/segments/Normal/Normal-2433.nrrd
/head/NFS/mkuyokwa/lungcxr/kaggle-negatives/Normal/Normal-2434.png,results/segments/Normal/Normal-2434.nrrd
/head/NFS/mkuyokwa/lungcxr/kaggle-negatives/Normal/Normal-2435.png,results/segments/Normal/Normal-2435.nrrd
/head/NFS/mkuyokwa/lungcxr/kaggle-negatives/Normal/Normal-2436.png,results/segments/Normal/Normal-2436.nrrd
/head/NFS/mkuyokwa/lungcxr/kaggle-negatives/Normal/Normal-2437.png,results/segments/Normal/Normal-2437.nrrd
/head/NFS/mkuyokwa/lungcxr/kaggle-negatives/Normal/Normal-2438.png,results/segments/Normal/Normal-2438.nrrd
/head/NFS/mkuyokwa/lungcxr/kaggle-negatives/Normal/Normal-2439.png,results/segments/Normal/Normal-2439.nrrd
/head/NFS/mkuyokwa/lungcxr/kaggle-negatives/Normal/Normal-244.png,results/segments/Normal/Normal-244.nrrd
/head/NFS/mkuyokwa/lungcxr/kaggle-negatives/Normal/Normal-2440.png,results/segments/Normal/Normal-2440.nrrd
/head/NFS/mkuyokwa/lungcxr/kaggle-negatives/Normal/Normal-2441.png,results/segments/Normal/Normal-2441.nrrd
/head/NFS/mkuyokwa/lungcxr/kaggle-negatives/Normal/Normal-2442.png,results/segments/Normal/Normal-2442.nrrd
/head/NFS/mkuyokwa/lungcxr/kaggle-negatives/Normal/Normal-2443.png,results/segments/Normal/Normal-2443.nrrd
/head/NFS/mkuyokwa/lungcxr/kaggle-negatives/Normal/Normal-2444.png,results/segments/Normal/Normal-2444.nrrd
/head/NFS/mkuyokwa/lungcxr/kaggle-negatives/Normal/Normal-2445.png,results/segments/Normal/Normal-2445.nrrd
/head/NFS/mkuyokwa/lungcxr/kaggle-negatives/Normal/Normal-2446.png,results/segments/Normal/Normal-2446.nrrd
/head/NFS/mkuyokwa/lungcxr/kaggle-negatives/Normal/Normal-2447.png,results/segments/Normal/Normal-2447.nrrd
/head/NFS/mkuyokwa/lungcxr/kaggle-negatives/Normal/Normal-2448.png,results/segments/Normal/Normal-2448.nrrd
/head/NFS/mkuyokwa/lungcxr/kaggle-negatives/Normal/Normal-2449.png,results/segments/Normal/Normal-2449.nrrd
/head/NFS/mkuyokwa/lungcxr/kaggle-negatives/Normal/Normal-245.png,results/segments/Normal/Normal-245.nrrd
/head/NFS/mkuyokwa/lungcxr/kaggle-negatives/Normal/Normal-2450.png,results/segments/Normal/Normal-2450.nrrd
/head/NFS/mkuyokwa/lungcxr/kaggle-negatives/Normal/Normal-2451.png,results/segments/Normal/Normal-2451.nrrd
/head/NFS/mkuyokwa/lungcxr/kaggle-negatives/Normal/Normal-2452.png,results/segments/Normal/Normal-2452.nrrd
/head/NFS/mkuyokwa/lungcxr/kaggle-negatives/Normal/Normal-2453.png,results/segments/Normal/Normal-2453.nrrd
/head/NFS/mkuyokwa/lungcxr/kaggle-negatives/Normal/Normal-2454.png,results/segments/Normal/Normal-2454.nrrd
/head/NFS/mkuyokwa/lungcxr/kaggle-negatives/Normal/Normal-2455.png,results/segments/Normal/Normal-2455.nrrd
/head/NFS/mkuyokwa/lungcxr/kaggle-negatives/Normal/Normal-2456.png,results/segments/Normal/Normal-2456.nrrd
/head/NFS/mkuyokwa/lungcxr/kaggle-negatives/Normal/Normal-2457.png,results/segments/Normal/Normal-2457.nrrd
/head/NFS/mkuyokwa/lungcxr/kaggle-negatives/Normal/Normal-2458.png,results/segments/Normal/Normal-2458.nrrd
/head/NFS/mkuyokwa/lungcxr/kaggle-negatives/Normal/Normal-2459.png,results/segments/Normal/Normal-2459.nrrd
/head/NFS/mkuyokwa/lungcxr/kaggle-negatives/Normal/Normal-246.png,results/segments/Normal/Normal-246.nrrd
/head/NFS/mkuyokwa/lungcxr/kaggle-negatives/Normal/Normal-2460.png,results/segments/Normal/Normal-2460.nrrd
/head/NFS/mkuyokwa/lungcxr/kaggle-negatives/Normal/Normal-2461.png,results/segments/Normal/Normal-2461.nrrd
/head/NFS/mkuyokwa/lungcxr/kaggle-negatives/Normal/Normal-2462.png,results/segments/Normal/Normal-2462.nrrd
/head/NFS/mkuyokwa/lungcxr/kaggle-negatives/Normal/Normal-2463.png,results/segments/Normal/Normal-2463.nrrd
/head/NFS/mkuyokwa/lungcxr/kaggle-negatives/Normal/Normal-2464.png,results/segments/Normal/Normal-2464.nrrd
/head/NFS/mkuyokwa/lungcxr/kaggle-negatives/Normal/Normal-2465.png,results/segments/Normal/Normal-2465.nrrd
/head/NFS/mkuyokwa/lungcxr/kaggle-negatives/Normal/Normal-2466.png,results/segments/Normal/Normal-2466.nrrd
/head/NFS/mkuyokwa/lungcxr/kaggle-negatives/Normal/Normal-2467.png,results/segments/Normal/Normal-2467.nrrd
/head/NFS/mkuyokwa/lungcxr/kaggle-negatives/Normal/Normal-2468.png,results/segments/Normal/Normal-2468.nrrd
/head/NFS/mkuyokwa/lungcxr/kaggle-negatives/Normal/Normal-2469.png,results/segments/Normal/Normal-2469.nrrd
/head/NFS/mkuyokwa/lungcxr/kaggle-negatives/Normal/Normal-247.png,results/segments/Normal/Normal-247.nrrd
/head/NFS/mkuyokwa/lungcxr/kaggle-negatives/Normal/Normal-2470.png,results/segments/Normal/Normal-2470.nrrd
/head/NFS/mkuyokwa/lungcxr/kaggle-negatives/Normal/Normal-2471.png,results/segments/Normal/Normal-2471.nrrd
/head/NFS/mkuyokwa/lungcxr/kaggle-negatives/Normal/Normal-2472.png,results/segments/Normal/Normal-2472.nrrd
/head/NFS/mkuyokwa/lungcxr/kaggle-negatives/Normal/Normal-2473.png,results/segments/Normal/Normal-2473.nrrd
/head/NFS/mkuyokwa/lungcxr/kaggle-negatives/Normal/Normal-2474.png,results/segments/Normal/Normal-2474.nrrd
/head/NFS/mkuyokwa/lungcxr/kaggle-negatives/Normal/Normal-2475.png,results/segments/Normal/Normal-2475.nrrd
/head/NFS/mkuyokwa/lungcxr/kaggle-negatives/Normal/Normal-2476.png,results/segments/Normal/Normal-2476.nrrd
/head/NFS/mkuyokwa/lungcxr/kaggle-negatives/Normal/Normal-2477.png,results/segments/Normal/Normal-2477.nrrd
/head/NFS/mkuyokwa/lungcxr/kaggle-negatives/Normal/Normal-2478.png,results/segments/Normal/Normal-2478.nrrd
/head/NFS/mkuyokwa/lungcxr/kaggle-negatives/Normal/Normal-2479.png,results/segments/Normal/Normal-2479.nrrd
/head/NFS/mkuyokwa/lungcxr/kaggle-negatives/Normal/Normal-248.png,results/segments/Normal/Normal-248.nrrd
/head/NFS/mkuyokwa/lungcxr/kaggle-negatives/Normal/Normal-2480.png,results/segments/Normal/Normal-2480.nrrd
/head/NFS/mkuyokwa/lungcxr/kaggle-negatives/Normal/Normal-2481.png,results/segments/Normal/Normal-2481.nrrd
/head/NFS/mkuyokwa/lungcxr/kaggle-negatives/Normal/Normal-2482.png,results/segments/Normal/Normal-2482.nrrd
/head/NFS/mkuyokwa/lungcxr/kaggle-negatives/Normal/Normal-2483.png,results/segments/Normal/Normal-2483.nrrd
/head/NFS/mkuyokwa/lungcxr/kaggle-negatives/Normal/Normal-2484.png,results/segments/Normal/Normal-2484.nrrd
/head/NFS/mkuyokwa/lungcxr/kaggle-negatives/Normal/Normal-2485.png,results/segments/Normal/Normal-2485.nrrd
/head/NFS/mkuyokwa/lungcxr/kaggle-negatives/Normal/Normal-2486.png,results/segments/Normal/Normal-2486.nrrd
/head/NFS/mkuyokwa/lungcxr/kaggle-negatives/Normal/Normal-2487.png,results/segments/Normal/Normal-2487.nrrd
/head/NFS/mkuyokwa/lungcxr/kaggle-negatives/Normal/Normal-2488.png,results/segments/Normal/Normal-2488.nrrd
/head/NFS/mkuyokwa/lungcxr/kaggle-negatives/Normal/Normal-2489.png,results/segments/Normal/Normal-2489.nrrd
/head/NFS/mkuyokwa/lungcxr/kaggle-negatives/Normal/Normal-249.png,results/segments/Normal/Normal-249.nrrd
/head/NFS/mkuyokwa/lungcxr/kaggle-negatives/Normal/Normal-2490.png,results/segments/Normal/Normal-2490.nrrd
/head/NFS/mkuyokwa/lungcxr/kaggle-negatives/Normal/Normal-2491.png,results/segments/Normal/Normal-2491.nrrd
/head/NFS/mkuyokwa/lungcxr/kaggle-negatives/Normal/Normal-2492.png,results/segments/Normal/Normal-2492.nrrd
/head/NFS/mkuyokwa/lungcxr/kaggle-negatives/Normal/Normal-2493.png,results/segments/Normal/Normal-2493.nrrd
/head/NFS/mkuyokwa/lungcxr/kaggle-negatives/Normal/Normal-2494.png,results/segments/Normal/Normal-2494.nrrd
/head/NFS/mkuyokwa/lungcxr/kaggle-negatives/Normal/Normal-2495.png,results/segments/Normal/Normal-2495.nrrd
/head/NFS/mkuyokwa/lungcxr/kaggle-negatives/Normal/Normal-2496.png,results/segments/Normal/Normal-2496.nrrd
/head/NFS/mkuyokwa/lungcxr/kaggle-negatives/Normal/Normal-2497.png,results/segments/Normal/Normal-2497.nrrd
/head/NFS/mkuyokwa/lungcxr/kaggle-negatives/Normal/Normal-2498.png,results/segments/Normal/Normal-2498.nrrd
/head/NFS/mkuyokwa/lungcxr/kaggle-negatives/Normal/Normal-2499.png,results/segments/Normal/Normal-2499.nrrd
/head/NFS/mkuyokwa/lungcxr/kaggle-negatives/Normal/Normal-25.png,results/segments/Normal/Normal-25.nrrd
/head/NFS/mkuyokwa/lungcxr/kaggle-negatives/Normal/Normal-250.png,results/segments/Normal/Normal-250.nrrd
/head/NFS/mkuyokwa/lungcxr/kaggle-negatives/Normal/Normal-2500.png,results/segments/Normal/Normal-2500.nrrd
/head/NFS/mkuyokwa/lungcxr/kaggle-negatives/Normal/Normal-2501.png,results/segments/Normal/Normal-2501.nrrd
/head/NFS/mkuyokwa/lungcxr/kaggle-negatives/Normal/Normal-2502.png,results/segments/Normal/Normal-2502.nrrd
/head/NFS/mkuyokwa/lungcxr/kaggle-negatives/Normal/Normal-2503.png,results/segments/Normal/Normal-2503.nrrd
/head/NFS/mkuyokwa/lungcxr/kaggle-negatives/Normal/Normal-2504.png,results/segments/Normal/Normal-2504.nrrd
/head/NFS/mkuyokwa/lungcxr/kaggle-negatives/Normal/Normal-2505.png,results/segments/Normal/Normal-2505.nrrd
/head/NFS/mkuyokwa/lungcxr/kaggle-negatives/Normal/Normal-2506.png,results/segments/Normal/Normal-2506.nrrd
/head/NFS/mkuyokwa/lungcxr/kaggle-negatives/Normal/Normal-2507.png,results/segments/Normal/Normal-2507.nrrd
/head/NFS/mkuyokwa/lungcxr/kaggle-negatives/Normal/Normal-2508.png,results/segments/Normal/Normal-2508.nrrd
/head/NFS/mkuyokwa/lungcxr/kaggle-negatives/Normal/Normal-2509.png,results/segments/Normal/Normal-2509.nrrd
/head/NFS/mkuyokwa/lungcxr/kaggle-negatives/Normal/Normal-251.png,results/segments/Normal/Normal-251.nrrd
/head/NFS/mkuyokwa/lungcxr/kaggle-negatives/Normal/Normal-2510.png,results/segments/Normal/Normal-2510.nrrd
/head/NFS/mkuyokwa/lungcxr/kaggle-negatives/Normal/Normal-2511.png,results/segments/Normal/Normal-2511.nrrd
/head/NFS/mkuyokwa/lungcxr/kaggle-negatives/Normal/Normal-2512.png,results/segments/Normal/Normal-2512.nrrd
/head/NFS/mkuyokwa/lungcxr/kaggle-negatives/Normal/Normal-2513.png,results/segments/Normal/Normal-2513.nrrd
/head/NFS/mkuyokwa/lungcxr/kaggle-negatives/Normal/Normal-2514.png,results/segments/Normal/Normal-2514.nrrd
/head/NFS/mkuyokwa/lungcxr/kaggle-negatives/Normal/Normal-2515.png,results/segments/Normal/Normal-2515.nrrd
/head/NFS/mkuyokwa/lungcxr/kaggle-negatives/Normal/Normal-2516.png,results/segments/Normal/Normal-2516.nrrd
/head/NFS/mkuyokwa/lungcxr/kaggle-negatives/Normal/Normal-2517.png,results/segments/Normal/Normal-2517.nrrd
/head/NFS/mkuyokwa/lungcxr/kaggle-negatives/Normal/Normal-2518.png,results/segments/Normal/Normal-2518.nrrd
/head/NFS/mkuyokwa/lungcxr/kaggle-negatives/Normal/Normal-2519.png,results/segments/Normal/Normal-2519.nrrd
/head/NFS/mkuyokwa/lungcxr/kaggle-negatives/Normal/Normal-252.png,results/segments/Normal/Normal-252.nrrd
/head/NFS/mkuyokwa/lungcxr/kaggle-negatives/Normal/Normal-2520.png,results/segments/Normal/Normal-2520.nrrd
/head/NFS/mkuyokwa/lungcxr/kaggle-negatives/Normal/Normal-2521.png,results/segments/Normal/Normal-2521.nrrd
/head/NFS/mkuyokwa/lungcxr/kaggle-negatives/Normal/Normal-2522.png,results/segments/Normal/Normal-2522.nrrd
/head/NFS/mkuyokwa/lungcxr/kaggle-negatives/Normal/Normal-2523.png,results/segments/Normal/Normal-2523.nrrd
/head/NFS/mkuyokwa/lungcxr/kaggle-negatives/Normal/Normal-2524.png,results/segments/Normal/Normal-2524.nrrd
/head/NFS/mkuyokwa/lungcxr/kaggle-negatives/Normal/Normal-2525.png,results/segments/Normal/Normal-2525.nrrd
/head/NFS/mkuyokwa/lungcxr/kaggle-negatives/Normal/Normal-2526.png,results/segments/Normal/Normal-2526.nrrd
/head/NFS/mkuyokwa/lungcxr/kaggle-negatives/Normal/Normal-2527.png,results/segments/Normal/Normal-2527.nrrd
/head/NFS/mkuyokwa/lungcxr/kaggle-negatives/Normal/Normal-2528.png,results/segments/Normal/Normal-2528.nrrd
/head/NFS/mkuyokwa/lungcxr/kaggle-negatives/Normal/Normal-2529.png,results/segments/Normal/Normal-2529.nrrd
/head/NFS/mkuyokwa/lungcxr/kaggle-negatives/Normal/Normal-253.png,results/segments/Normal/Normal-253.nrrd
/head/NFS/mkuyokwa/lungcxr/kaggle-negatives/Normal/Normal-2530.png,results/segments/Normal/Normal-2530.nrrd
/head/NFS/mkuyokwa/lungcxr/kaggle-negatives/Normal/Normal-2531.png,results/segments/Normal/Normal-2531.nrrd
/head/NFS/mkuyokwa/lungcxr/kaggle-negatives/Normal/Normal-2532.png,results/segments/Normal/Normal-2532.nrrd
/head/NFS/mkuyokwa/lungcxr/kaggle-negatives/Normal/Normal-2533.png,results/segments/Normal/Normal-2533.nrrd
/head/NFS/mkuyokwa/lungcxr/kaggle-negatives/Normal/Normal-2534.png,results/segments/Normal/Normal-2534.nrrd
/head/NFS/mkuyokwa/lungcxr/kaggle-negatives/Normal/Normal-2535.png,results/segments/Normal/Normal-2535.nrrd
/head/NFS/mkuyokwa/lungcxr/kaggle-negatives/Normal/Normal-2536.png,results/segments/Normal/Normal-2536.nrrd
/head/NFS/mkuyokwa/lungcxr/kaggle-negatives/Normal/Normal-2537.png,results/segments/Normal/Normal-2537.nrrd
/head/NFS/mkuyokwa/lungcxr/kaggle-negatives/Normal/Normal-2538.png,results/segments/Normal/Normal-2538.nrrd
/head/NFS/mkuyokwa/lungcxr/kaggle-negatives/Normal/Normal-2539.png,results/segments/Normal/Normal-2539.nrrd
/head/NFS/mkuyokwa/lungcxr/kaggle-negatives/Normal/Normal-254.png,results/segments/Normal/Normal-254.nrrd
/head/NFS/mkuyokwa/lungcxr/kaggle-negatives/Normal/Normal-2540.png,results/segments/Normal/Normal-2540.nrrd
/head/NFS/mkuyokwa/lungcxr/kaggle-negatives/Normal/Normal-2541.png,results/segments/Normal/Normal-2541.nrrd
/head/NFS/mkuyokwa/lungcxr/kaggle-negatives/Normal/Normal-2542.png,results/segments/Normal/Normal-2542.nrrd
/head/NFS/mkuyokwa/lungcxr/kaggle-negatives/Normal/Normal-2543.png,results/segments/Normal/Normal-2543.nrrd
/head/NFS/mkuyokwa/lungcxr/kaggle-negatives/Normal/Normal-2544.png,results/segments/Normal/Normal-2544.nrrd
/head/NFS/mkuyokwa/lungcxr/kaggle-negatives/Normal/Normal-2545.png,results/segments/Normal/Normal-2545.nrrd
/head/NFS/mkuyokwa/lungcxr/kaggle-negatives/Normal/Normal-2546.png,results/segments/Normal/Normal-2546.nrrd
/head/NFS/mkuyokwa/lungcxr/kaggle-negatives/Normal/Normal-2547.png,results/segments/Normal/Normal-2547.nrrd
/head/NFS/mkuyokwa/lungcxr/kaggle-negatives/Normal/Normal-2548.png,results/segments/Normal/Normal-2548.nrrd
/head/NFS/mkuyokwa/lungcxr/kaggle-negatives/Normal/Normal-2549.png,results/segments/Normal/Normal-2549.nrrd
/head/NFS/mkuyokwa/lungcxr/kaggle-negatives/Normal/Normal-255.png,results/segments/Normal/Normal-255.nrrd
/head/NFS/mkuyokwa/lungcxr/kaggle-negatives/Normal/Normal-2550.png,results/segments/Normal/Normal-2550.nrrd
/head/NFS/mkuyokwa/lungcxr/kaggle-negatives/Normal/Normal-2551.png,results/segments/Normal/Normal-2551.nrrd
/head/NFS/mkuyokwa/lungcxr/kaggle-negatives/Normal/Normal-2552.png,results/segments/Normal/Normal-2552.nrrd
/head/NFS/mkuyokwa/lungcxr/kaggle-negatives/Normal/Normal-2553.png,results/segments/Normal/Normal-2553.nrrd
/head/NFS/mkuyokwa/lungcxr/kaggle-negatives/Normal/Normal-2554.png,results/segments/Normal/Normal-2554.nrrd
/head/NFS/mkuyokwa/lungcxr/kaggle-negatives/Normal/Normal-2555.png,results/segments/Normal/Normal-2555.nrrd
/head/NFS/mkuyokwa/lungcxr/kaggle-negatives/Normal/Normal-2556.png,results/segments/Normal/Normal-2556.nrrd
/head/NFS/mkuyokwa/lungcxr/kaggle-negatives/Normal/Normal-2557.png,results/segments/Normal/Normal-2557.nrrd
/head/NFS/mkuyokwa/lungcxr/kaggle-negatives/Normal/Normal-2558.png,results/segments/Normal/Normal-2558.nrrd
/head/NFS/mkuyokwa/lungcxr/kaggle-negatives/Normal/Normal-2559.png,results/segments/Normal/Normal-2559.nrrd
/head/NFS/mkuyokwa/lungcxr/kaggle-negatives/Normal/Normal-256.png,results/segments/Normal/Normal-256.nrrd
/head/NFS/mkuyokwa/lungcxr/kaggle-negatives/Normal/Normal-2560.png,results/segments/Normal/Normal-2560.nrrd
/head/NFS/mkuyokwa/lungcxr/kaggle-negatives/Normal/Normal-2561.png,results/segments/Normal/Normal-2561.nrrd
/head/NFS/mkuyokwa/lungcxr/kaggle-negatives/Normal/Normal-2562.png,results/segments/Normal/Normal-2562.nrrd
/head/NFS/mkuyokwa/lungcxr/kaggle-negatives/Normal/Normal-2563.png,results/segments/Normal/Normal-2563.nrrd
/head/NFS/mkuyokwa/lungcxr/kaggle-negatives/Normal/Normal-2564.png,results/segments/Normal/Normal-2564.nrrd
/head/NFS/mkuyokwa/lungcxr/kaggle-negatives/Normal/Normal-2565.png,results/segments/Normal/Normal-2565.nrrd
/head/NFS/mkuyokwa/lungcxr/kaggle-negatives/Normal/Normal-2566.png,results/segments/Normal/Normal-2566.nrrd
/head/NFS/mkuyokwa/lungcxr/kaggle-negatives/Normal/Normal-2567.png,results/segments/Normal/Normal-2567.nrrd
/head/NFS/mkuyokwa/lungcxr/kaggle-negatives/Normal/Normal-2568.png,results/segments/Normal/Normal-2568.nrrd
/head/NFS/mkuyokwa/lungcxr/kaggle-negatives/Normal/Normal-2569.png,results/segments/Normal/Normal-2569.nrrd
/head/NFS/mkuyokwa/lungcxr/kaggle-negatives/Normal/Normal-257.png,results/segments/Normal/Normal-257.nrrd
/head/NFS/mkuyokwa/lungcxr/kaggle-negatives/Normal/Normal-2570.png,results/segments/Normal/Normal-2570.nrrd
/head/NFS/mkuyokwa/lungcxr/kaggle-negatives/Normal/Normal-2571.png,results/segments/Normal/Normal-2571.nrrd
/head/NFS/mkuyokwa/lungcxr/kaggle-negatives/Normal/Normal-2572.png,results/segments/Normal/Normal-2572.nrrd
/head/NFS/mkuyokwa/lungcxr/kaggle-negatives/Normal/Normal-2573.png,results/segments/Normal/Normal-2573.nrrd
/head/NFS/mkuyokwa/lungcxr/kaggle-negatives/Normal/Normal-2574.png,results/segments/Normal/Normal-2574.nrrd
/head/NFS/mkuyokwa/lungcxr/kaggle-negatives/Normal/Normal-2575.png,results/segments/Normal/Normal-2575.nrrd
/head/NFS/mkuyokwa/lungcxr/kaggle-negatives/Normal/Normal-2576.png,results/segments/Normal/Normal-2576.nrrd
/head/NFS/mkuyokwa/lungcxr/kaggle-negatives/Normal/Normal-2577.png,results/segments/Normal/Normal-2577.nrrd
/head/NFS/mkuyokwa/lungcxr/kaggle-negatives/Normal/Normal-2578.png,results/segments/Normal/Normal-2578.nrrd
/head/NFS/mkuyokwa/lungcxr/kaggle-negatives/Normal/Normal-2579.png,results/segments/Normal/Normal-2579.nrrd
/head/NFS/mkuyokwa/lungcxr/kaggle-negatives/Normal/Normal-258.png,results/segments/Normal/Normal-258.nrrd
/head/NFS/mkuyokwa/lungcxr/kaggle-negatives/Normal/Normal-2580.png,results/segments/Normal/Normal-2580.nrrd
/head/NFS/mkuyokwa/lungcxr/kaggle-negatives/Normal/Normal-2581.png,results/segments/Normal/Normal-2581.nrrd
/head/NFS/mkuyokwa/lungcxr/kaggle-negatives/Normal/Normal-2582.png,results/segments/Normal/Normal-2582.nrrd
/head/NFS/mkuyokwa/lungcxr/kaggle-negatives/Normal/Normal-2583.png,results/segments/Normal/Normal-2583.nrrd
/head/NFS/mkuyokwa/lungcxr/kaggle-negatives/Normal/Normal-2584.png,results/segments/Normal/Normal-2584.nrrd
/head/NFS/mkuyokwa/lungcxr/kaggle-negatives/Normal/Normal-2585.png,results/segments/Normal/Normal-2585.nrrd
/head/NFS/mkuyokwa/lungcxr/kaggle-negatives/Normal/Normal-2586.png,results/segments/Normal/Normal-2586.nrrd
/head/NFS/mkuyokwa/lungcxr/kaggle-negatives/Normal/Normal-2587.png,results/segments/Normal/Normal-2587.nrrd
/head/NFS/mkuyokwa/lungcxr/kaggle-negatives/Normal/Normal-2588.png,results/segments/Normal/Normal-2588.nrrd
/head/NFS/mkuyokwa/lungcxr/kaggle-negatives/Normal/Normal-2589.png,results/segments/Normal/Normal-2589.nrrd
/head/NFS/mkuyokwa/lungcxr/kaggle-negatives/Normal/Normal-259.png,results/segments/Normal/Normal-259.nrrd
/head/NFS/mkuyokwa/lungcxr/kaggle-negatives/Normal/Normal-2590.png,results/segments/Normal/Normal-2590.nrrd
/head/NFS/mkuyokwa/lungcxr/kaggle-negatives/Normal/Normal-2591.png,results/segments/Normal/Normal-2591.nrrd
/head/NFS/mkuyokwa/lungcxr/kaggle-negatives/Normal/Normal-2592.png,results/segments/Normal/Normal-2592.nrrd
/head/NFS/mkuyokwa/lungcxr/kaggle-negatives/Normal/Normal-2593.png,results/segments/Normal/Normal-2593.nrrd
/head/NFS/mkuyokwa/lungcxr/kaggle-negatives/Normal/Normal-2594.png,results/segments/Normal/Normal-2594.nrrd
/head/NFS/mkuyokwa/lungcxr/kaggle-negatives/Normal/Normal-2595.png,results/segments/Normal/Normal-2595.nrrd
/head/NFS/mkuyokwa/lungcxr/kaggle-negatives/Normal/Normal-2596.png,results/segments/Normal/Normal-2596.nrrd
/head/NFS/mkuyokwa/lungcxr/kaggle-negatives/Normal/Normal-2597.png,results/segments/Normal/Normal-2597.nrrd
/head/NFS/mkuyokwa/lungcxr/kaggle-negatives/Normal/Normal-2598.png,results/segments/Normal/Normal-2598.nrrd
/head/NFS/mkuyokwa/lungcxr/kaggle-negatives/Normal/Normal-2599.png,results/segments/Normal/Normal-2599.nrrd
/head/NFS/mkuyokwa/lungcxr/kaggle-negatives/Normal/Normal-26.png,results/segments/Normal/Normal-26.nrrd
/head/NFS/mkuyokwa/lungcxr/kaggle-negatives/Normal/Normal-260.png,results/segments/Normal/Normal-260.nrrd
/head/NFS/mkuyokwa/lungcxr/kaggle-negatives/Normal/Normal-2600.png,results/segments/Normal/Normal-2600.nrrd
/head/NFS/mkuyokwa/lungcxr/kaggle-negatives/Normal/Normal-2601.png,results/segments/Normal/Normal-2601.nrrd
/head/NFS/mkuyokwa/lungcxr/kaggle-negatives/Normal/Normal-2602.png,results/segments/Normal/Normal-2602.nrrd
/head/NFS/mkuyokwa/lungcxr/kaggle-negatives/Normal/Normal-2603.png,results/segments/Normal/Normal-2603.nrrd
/head/NFS/mkuyokwa/lungcxr/kaggle-negatives/Normal/Normal-2604.png,results/segments/Normal/Normal-2604.nrrd
/head/NFS/mkuyokwa/lungcxr/kaggle-negatives/Normal/Normal-2605.png,results/segments/Normal/Normal-2605.nrrd
/head/NFS/mkuyokwa/lungcxr/kaggle-negatives/Normal/Normal-2606.png,results/segments/Normal/Normal-2606.nrrd
/head/NFS/mkuyokwa/lungcxr/kaggle-negatives/Normal/Normal-2607.png,results/segments/Normal/Normal-2607.nrrd
/head/NFS/mkuyokwa/lungcxr/kaggle-negatives/Normal/Normal-2608.png,results/segments/Normal/Normal-2608.nrrd
/head/NFS/mkuyokwa/lungcxr/kaggle-negatives/Normal/Normal-2609.png,results/segments/Normal/Normal-2609.nrrd
/head/NFS/mkuyokwa/lungcxr/kaggle-negatives/Normal/Normal-261.png,results/segments/Normal/Normal-261.nrrd
/head/NFS/mkuyokwa/lungcxr/kaggle-negatives/Normal/Normal-2610.png,results/segments/Normal/Normal-2610.nrrd
/head/NFS/mkuyokwa/lungcxr/kaggle-negatives/Normal/Normal-2611.png,results/segments/Normal/Normal-2611.nrrd
/head/NFS/mkuyokwa/lungcxr/kaggle-negatives/Normal/Normal-2612.png,results/segments/Normal/Normal-2612.nrrd
/head/NFS/mkuyokwa/lungcxr/kaggle-negatives/Normal/Normal-2613.png,results/segments/Normal/Normal-2613.nrrd
/head/NFS/mkuyokwa/lungcxr/kaggle-negatives/Normal/Normal-2614.png,results/segments/Normal/Normal-2614.nrrd
/head/NFS/mkuyokwa/lungcxr/kaggle-negatives/Normal/Normal-2615.png,results/segments/Normal/Normal-2615.nrrd
/head/NFS/mkuyokwa/lungcxr/kaggle-negatives/Normal/Normal-2616.png,results/segments/Normal/Normal-2616.nrrd
/head/NFS/mkuyokwa/lungcxr/kaggle-negatives/Normal/Normal-2617.png,results/segments/Normal/Normal-2617.nrrd
/head/NFS/mkuyokwa/lungcxr/kaggle-negatives/Normal/Normal-2618.png,results/segments/Normal/Normal-2618.nrrd
/head/NFS/mkuyokwa/lungcxr/kaggle-negatives/Normal/Normal-2619.png,results/segments/Normal/Normal-2619.nrrd
/head/NFS/mkuyokwa/lungcxr/kaggle-negatives/Normal/Normal-262.png,results/segments/Normal/Normal-262.nrrd
/head/NFS/mkuyokwa/lungcxr/kaggle-negatives/Normal/Normal-2620.png,results/segments/Normal/Normal-2620.nrrd
/head/NFS/mkuyokwa/lungcxr/kaggle-negatives/Normal/Normal-2621.png,results/segments/Normal/Normal-2621.nrrd
/head/NFS/mkuyokwa/lungcxr/kaggle-negatives/Normal/Normal-2622.png,results/segments/Normal/Normal-2622.nrrd
/head/NFS/mkuyokwa/lungcxr/kaggle-negatives/Normal/Normal-2623.png,results/segments/Normal/Normal-2623.nrrd
/head/NFS/mkuyokwa/lungcxr/kaggle-negatives/Normal/Normal-2624.png,results/segments/Normal/Normal-2624.nrrd
/head/NFS/mkuyokwa/lungcxr/kaggle-negatives/Normal/Normal-2625.png,results/segments/Normal/Normal-2625.nrrd
/head/NFS/mkuyokwa/lungcxr/kaggle-negatives/Normal/Normal-2626.png,results/segments/Normal/Normal-2626.nrrd
/head/NFS/mkuyokwa/lungcxr/kaggle-negatives/Normal/Normal-2627.png,results/segments/Normal/Normal-2627.nrrd
/head/NFS/mkuyokwa/lungcxr/kaggle-negatives/Normal/Normal-2628.png,results/segments/Normal/Normal-2628.nrrd
/head/NFS/mkuyokwa/lungcxr/kaggle-negatives/Normal/Normal-2629.png,results/segments/Normal/Normal-2629.nrrd
/head/NFS/mkuyokwa/lungcxr/kaggle-negatives/Normal/Normal-263.png,results/segments/Normal/Normal-263.nrrd
/head/NFS/mkuyokwa/lungcxr/kaggle-negatives/Normal/Normal-2630.png,results/segments/Normal/Normal-2630.nrrd
/head/NFS/mkuyokwa/lungcxr/kaggle-negatives/Normal/Normal-2631.png,results/segments/Normal/Normal-2631.nrrd
/head/NFS/mkuyokwa/lungcxr/kaggle-negatives/Normal/Normal-2632.png,results/segments/Normal/Normal-2632.nrrd
/head/NFS/mkuyokwa/lungcxr/kaggle-negatives/Normal/Normal-2633.png,results/segments/Normal/Normal-2633.nrrd
/head/NFS/mkuyokwa/lungcxr/kaggle-negatives/Normal/Normal-2634.png,results/segments/Normal/Normal-2634.nrrd
/head/NFS/mkuyokwa/lungcxr/kaggle-negatives/Normal/Normal-2635.png,results/segments/Normal/Normal-2635.nrrd
/head/NFS/mkuyokwa/lungcxr/kaggle-negatives/Normal/Normal-2636.png,results/segments/Normal/Normal-2636.nrrd
/head/NFS/mkuyokwa/lungcxr/kaggle-negatives/Normal/Normal-2637.png,results/segments/Normal/Normal-2637.nrrd
/head/NFS/mkuyokwa/lungcxr/kaggle-negatives/Normal/Normal-2638.png,results/segments/Normal/Normal-2638.nrrd
/head/NFS/mkuyokwa/lungcxr/kaggle-negatives/Normal/Normal-2639.png,results/segments/Normal/Normal-2639.nrrd
/head/NFS/mkuyokwa/lungcxr/kaggle-negatives/Normal/Normal-264.png,results/segments/Normal/Normal-264.nrrd
/head/NFS/mkuyokwa/lungcxr/kaggle-negatives/Normal/Normal-2640.png,results/segments/Normal/Normal-2640.nrrd
/head/NFS/mkuyokwa/lungcxr/kaggle-negatives/Normal/Normal-2641.png,results/segments/Normal/Normal-2641.nrrd
/head/NFS/mkuyokwa/lungcxr/kaggle-negatives/Normal/Normal-2642.png,results/segments/Normal/Normal-2642.nrrd
/head/NFS/mkuyokwa/lungcxr/kaggle-negatives/Normal/Normal-2643.png,results/segments/Normal/Normal-2643.nrrd
/head/NFS/mkuyokwa/lungcxr/kaggle-negatives/Normal/Normal-2644.png,results/segments/Normal/Normal-2644.nrrd
/head/NFS/mkuyokwa/lungcxr/kaggle-negatives/Normal/Normal-2645.png,results/segments/Normal/Normal-2645.nrrd
/head/NFS/mkuyokwa/lungcxr/kaggle-negatives/Normal/Normal-2646.png,results/segments/Normal/Normal-2646.nrrd
/head/NFS/mkuyokwa/lungcxr/kaggle-negatives/Normal/Normal-2647.png,results/segments/Normal/Normal-2647.nrrd
/head/NFS/mkuyokwa/lungcxr/kaggle-negatives/Normal/Normal-2648.png,results/segments/Normal/Normal-2648.nrrd
/head/NFS/mkuyokwa/lungcxr/kaggle-negatives/Normal/Normal-2649.png,results/segments/Normal/Normal-2649.nrrd
/head/NFS/mkuyokwa/lungcxr/kaggle-negatives/Normal/Normal-265.png,results/segments/Normal/Normal-265.nrrd
/head/NFS/mkuyokwa/lungcxr/kaggle-negatives/Normal/Normal-2650.png,results/segments/Normal/Normal-2650.nrrd
/head/NFS/mkuyokwa/lungcxr/kaggle-negatives/Normal/Normal-2651.png,results/segments/Normal/Normal-2651.nrrd
/head/NFS/mkuyokwa/lungcxr/kaggle-negatives/Normal/Normal-2652.png,results/segments/Normal/Normal-2652.nrrd
/head/NFS/mkuyokwa/lungcxr/kaggle-negatives/Normal/Normal-2653.png,results/segments/Normal/Normal-2653.nrrd
/head/NFS/mkuyokwa/lungcxr/kaggle-negatives/Normal/Normal-2654.png,results/segments/Normal/Normal-2654.nrrd
/head/NFS/mkuyokwa/lungcxr/kaggle-negatives/Normal/Normal-2655.png,results/segments/Normal/Normal-2655.nrrd
/head/NFS/mkuyokwa/lungcxr/kaggle-negatives/Normal/Normal-2656.png,results/segments/Normal/Normal-2656.nrrd
/head/NFS/mkuyokwa/lungcxr/kaggle-negatives/Normal/Normal-2657.png,results/segments/Normal/Normal-2657.nrrd
/head/NFS/mkuyokwa/lungcxr/kaggle-negatives/Normal/Normal-2658.png,results/segments/Normal/Normal-2658.nrrd
/head/NFS/mkuyokwa/lungcxr/kaggle-negatives/Normal/Normal-2659.png,results/segments/Normal/Normal-2659.nrrd
/head/NFS/mkuyokwa/lungcxr/kaggle-negatives/Normal/Normal-266.png,results/segments/Normal/Normal-266.nrrd
/head/NFS/mkuyokwa/lungcxr/kaggle-negatives/Normal/Normal-2660.png,results/segments/Normal/Normal-2660.nrrd
/head/NFS/mkuyokwa/lungcxr/kaggle-negatives/Normal/Normal-2661.png,results/segments/Normal/Normal-2661.nrrd
/head/NFS/mkuyokwa/lungcxr/kaggle-negatives/Normal/Normal-2662.png,results/segments/Normal/Normal-2662.nrrd
/head/NFS/mkuyokwa/lungcxr/kaggle-negatives/Normal/Normal-2663.png,results/segments/Normal/Normal-2663.nrrd
/head/NFS/mkuyokwa/lungcxr/kaggle-negatives/Normal/Normal-2664.png,results/segments/Normal/Normal-2664.nrrd
/head/NFS/mkuyokwa/lungcxr/kaggle-negatives/Normal/Normal-2665.png,results/segments/Normal/Normal-2665.nrrd
/head/NFS/mkuyokwa/lungcxr/kaggle-negatives/Normal/Normal-2666.png,results/segments/Normal/Normal-2666.nrrd
/head/NFS/mkuyokwa/lungcxr/kaggle-negatives/Normal/Normal-2667.png,results/segments/Normal/Normal-2667.nrrd
/head/NFS/mkuyokwa/lungcxr/kaggle-negatives/Normal/Normal-2668.png,results/segments/Normal/Normal-2668.nrrd
/head/NFS/mkuyokwa/lungcxr/kaggle-negatives/Normal/Normal-2669.png,results/segments/Normal/Normal-2669.nrrd
/head/NFS/mkuyokwa/lungcxr/kaggle-negatives/Normal/Normal-267.png,results/segments/Normal/Normal-267.nrrd
/head/NFS/mkuyokwa/lungcxr/kaggle-negatives/Normal/Normal-2670.png,results/segments/Normal/Normal-2670.nrrd
/head/NFS/mkuyokwa/lungcxr/kaggle-negatives/Normal/Normal-2671.png,results/segments/Normal/Normal-2671.nrrd
/head/NFS/mkuyokwa/lungcxr/kaggle-negatives/Normal/Normal-2672.png,results/segments/Normal/Normal-2672.nrrd
/head/NFS/mkuyokwa/lungcxr/kaggle-negatives/Normal/Normal-2673.png,results/segments/Normal/Normal-2673.nrrd
/head/NFS/mkuyokwa/lungcxr/kaggle-negatives/Normal/Normal-2674.png,results/segments/Normal/Normal-2674.nrrd
/head/NFS/mkuyokwa/lungcxr/kaggle-negatives/Normal/Normal-2675.png,results/segments/Normal/Normal-2675.nrrd
/head/NFS/mkuyokwa/lungcxr/kaggle-negatives/Normal/Normal-2676.png,results/segments/Normal/Normal-2676.nrrd
/head/NFS/mkuyokwa/lungcxr/kaggle-negatives/Normal/Normal-2677.png,results/segments/Normal/Normal-2677.nrrd
/head/NFS/mkuyokwa/lungcxr/kaggle-negatives/Normal/Normal-2678.png,results/segments/Normal/Normal-2678.nrrd
/head/NFS/mkuyokwa/lungcxr/kaggle-negatives/Normal/Normal-2679.png,results/segments/Normal/Normal-2679.nrrd
/head/NFS/mkuyokwa/lungcxr/kaggle-negatives/Normal/Normal-268.png,results/segments/Normal/Normal-268.nrrd
/head/NFS/mkuyokwa/lungcxr/kaggle-negatives/Normal/Normal-2680.png,results/segments/Normal/Normal-2680.nrrd
/head/NFS/mkuyokwa/lungcxr/kaggle-negatives/Normal/Normal-2681.png,results/segments/Normal/Normal-2681.nrrd
/head/NFS/mkuyokwa/lungcxr/kaggle-negatives/Normal/Normal-2682.png,results/segments/Normal/Normal-2682.nrrd
/head/NFS/mkuyokwa/lungcxr/kaggle-negatives/Normal/Normal-2683.png,results/segments/Normal/Normal-2683.nrrd
/head/NFS/mkuyokwa/lungcxr/kaggle-negatives/Normal/Normal-2684.png,results/segments/Normal/Normal-2684.nrrd
/head/NFS/mkuyokwa/lungcxr/kaggle-negatives/Normal/Normal-2685.png,results/segments/Normal/Normal-2685.nrrd
/head/NFS/mkuyokwa/lungcxr/kaggle-negatives/Normal/Normal-2686.png,results/segments/Normal/Normal-2686.nrrd
/head/NFS/mkuyokwa/lungcxr/kaggle-negatives/Normal/Normal-2687.png,results/segments/Normal/Normal-2687.nrrd
/head/NFS/mkuyokwa/lungcxr/kaggle-negatives/Normal/Normal-2688.png,results/segments/Normal/Normal-2688.nrrd
/head/NFS/mkuyokwa/lungcxr/kaggle-negatives/Normal/Normal-2689.png,results/segments/Normal/Normal-2689.nrrd
/head/NFS/mkuyokwa/lungcxr/kaggle-negatives/Normal/Normal-269.png,results/segments/Normal/Normal-269.nrrd
/head/NFS/mkuyokwa/lungcxr/kaggle-negatives/Normal/Normal-2690.png,results/segments/Normal/Normal-2690.nrrd
/head/NFS/mkuyokwa/lungcxr/kaggle-negatives/Normal/Normal-2691.png,results/segments/Normal/Normal-2691.nrrd
/head/NFS/mkuyokwa/lungcxr/kaggle-negatives/Normal/Normal-2692.png,results/segments/Normal/Normal-2692.nrrd
/head/NFS/mkuyokwa/lungcxr/kaggle-negatives/Normal/Normal-2693.png,results/segments/Normal/Normal-2693.nrrd
/head/NFS/mkuyokwa/lungcxr/kaggle-negatives/Normal/Normal-2694.png,results/segments/Normal/Normal-2694.nrrd
/head/NFS/mkuyokwa/lungcxr/kaggle-negatives/Normal/Normal-2695.png,results/segments/Normal/Normal-2695.nrrd
/head/NFS/mkuyokwa/lungcxr/kaggle-negatives/Normal/Normal-2696.png,results/segments/Normal/Normal-2696.nrrd
/head/NFS/mkuyokwa/lungcxr/kaggle-negatives/Normal/Normal-2697.png,results/segments/Normal/Normal-2697.nrrd
/head/NFS/mkuyokwa/lungcxr/kaggle-negatives/Normal/Normal-2698.png,results/segments/Normal/Normal-2698.nrrd
/head/NFS/mkuyokwa/lungcxr/kaggle-negatives/Normal/Normal-2699.png,results/segments/Normal/Normal-2699.nrrd
/head/NFS/mkuyokwa/lungcxr/kaggle-negatives/Normal/Normal-27.png,results/segments/Normal/Normal-27.nrrd
/head/NFS/mkuyokwa/lungcxr/kaggle-negatives/Normal/Normal-270.png,results/segments/Normal/Normal-270.nrrd
/head/NFS/mkuyokwa/lungcxr/kaggle-negatives/Normal/Normal-2700.png,results/segments/Normal/Normal-2700.nrrd
/head/NFS/mkuyokwa/lungcxr/kaggle-negatives/Normal/Normal-2701.png,results/segments/Normal/Normal-2701.nrrd
/head/NFS/mkuyokwa/lungcxr/kaggle-negatives/Normal/Normal-2702.png,results/segments/Normal/Normal-2702.nrrd
/head/NFS/mkuyokwa/lungcxr/kaggle-negatives/Normal/Normal-2703.png,results/segments/Normal/Normal-2703.nrrd
/head/NFS/mkuyokwa/lungcxr/kaggle-negatives/Normal/Normal-2704.png,results/segments/Normal/Normal-2704.nrrd
/head/NFS/mkuyokwa/lungcxr/kaggle-negatives/Normal/Normal-2705.png,results/segments/Normal/Normal-2705.nrrd
/head/NFS/mkuyokwa/lungcxr/kaggle-negatives/Normal/Normal-2706.png,results/segments/Normal/Normal-2706.nrrd
/head/NFS/mkuyokwa/lungcxr/kaggle-negatives/Normal/Normal-2707.png,results/segments/Normal/Normal-2707.nrrd
/head/NFS/mkuyokwa/lungcxr/kaggle-negatives/Normal/Normal-2708.png,results/segments/Normal/Normal-2708.nrrd
/head/NFS/mkuyokwa/lungcxr/kaggle-negatives/Normal/Normal-2709.png,results/segments/Normal/Normal-2709.nrrd
/head/NFS/mkuyokwa/lungcxr/kaggle-negatives/Normal/Normal-271.png,results/segments/Normal/Normal-271.nrrd
/head/NFS/mkuyokwa/lungcxr/kaggle-negatives/Normal/Normal-2710.png,results/segments/Normal/Normal-2710.nrrd
/head/NFS/mkuyokwa/lungcxr/kaggle-negatives/Normal/Normal-2711.png,results/segments/Normal/Normal-2711.nrrd
/head/NFS/mkuyokwa/lungcxr/kaggle-negatives/Normal/Normal-2712.png,results/segments/Normal/Normal-2712.nrrd
/head/NFS/mkuyokwa/lungcxr/kaggle-negatives/Normal/Normal-2713.png,results/segments/Normal/Normal-2713.nrrd
/head/NFS/mkuyokwa/lungcxr/kaggle-negatives/Normal/Normal-2714.png,results/segments/Normal/Normal-2714.nrrd
/head/NFS/mkuyokwa/lungcxr/kaggle-negatives/Normal/Normal-2715.png,results/segments/Normal/Normal-2715.nrrd
/head/NFS/mkuyokwa/lungcxr/kaggle-negatives/Normal/Normal-2716.png,results/segments/Normal/Normal-2716.nrrd
/head/NFS/mkuyokwa/lungcxr/kaggle-negatives/Normal/Normal-2717.png,results/segments/Normal/Normal-2717.nrrd
/head/NFS/mkuyokwa/lungcxr/kaggle-negatives/Normal/Normal-2718.png,results/segments/Normal/Normal-2718.nrrd
/head/NFS/mkuyokwa/lungcxr/kaggle-negatives/Normal/Normal-2719.png,results/segments/Normal/Normal-2719.nrrd
/head/NFS/mkuyokwa/lungcxr/kaggle-negatives/Normal/Normal-272.png,results/segments/Normal/Normal-272.nrrd
/head/NFS/mkuyokwa/lungcxr/kaggle-negatives/Normal/Normal-2720.png,results/segments/Normal/Normal-2720.nrrd
/head/NFS/mkuyokwa/lungcxr/kaggle-negatives/Normal/Normal-2721.png,results/segments/Normal/Normal-2721.nrrd
/head/NFS/mkuyokwa/lungcxr/kaggle-negatives/Normal/Normal-2722.png,results/segments/Normal/Normal-2722.nrrd
/head/NFS/mkuyokwa/lungcxr/kaggle-negatives/Normal/Normal-2723.png,results/segments/Normal/Normal-2723.nrrd
/head/NFS/mkuyokwa/lungcxr/kaggle-negatives/Normal/Normal-2724.png,results/segments/Normal/Normal-2724.nrrd
/head/NFS/mkuyokwa/lungcxr/kaggle-negatives/Normal/Normal-2725.png,results/segments/Normal/Normal-2725.nrrd
/head/NFS/mkuyokwa/lungcxr/kaggle-negatives/Normal/Normal-2726.png,results/segments/Normal/Normal-2726.nrrd
/head/NFS/mkuyokwa/lungcxr/kaggle-negatives/Normal/Normal-2727.png,results/segments/Normal/Normal-2727.nrrd
/head/NFS/mkuyokwa/lungcxr/kaggle-negatives/Normal/Normal-2728.png,results/segments/Normal/Normal-2728.nrrd
/head/NFS/mkuyokwa/lungcxr/kaggle-negatives/Normal/Normal-2729.png,results/segments/Normal/Normal-2729.nrrd
/head/NFS/mkuyokwa/lungcxr/kaggle-negatives/Normal/Normal-273.png,results/segments/Normal/Normal-273.nrrd
/head/NFS/mkuyokwa/lungcxr/kaggle-negatives/Normal/Normal-2730.png,results/segments/Normal/Normal-2730.nrrd
/head/NFS/mkuyokwa/lungcxr/kaggle-negatives/Normal/Normal-2731.png,results/segments/Normal/Normal-2731.nrrd
/head/NFS/mkuyokwa/lungcxr/kaggle-negatives/Normal/Normal-2732.png,results/segments/Normal/Normal-2732.nrrd
/head/NFS/mkuyokwa/lungcxr/kaggle-negatives/Normal/Normal-2733.png,results/segments/Normal/Normal-2733.nrrd
/head/NFS/mkuyokwa/lungcxr/kaggle-negatives/Normal/Normal-2734.png,results/segments/Normal/Normal-2734.nrrd
/head/NFS/mkuyokwa/lungcxr/kaggle-negatives/Normal/Normal-2735.png,results/segments/Normal/Normal-2735.nrrd
/head/NFS/mkuyokwa/lungcxr/kaggle-negatives/Normal/Normal-2736.png,results/segments/Normal/Normal-2736.nrrd
/head/NFS/mkuyokwa/lungcxr/kaggle-negatives/Normal/Normal-2737.png,results/segments/Normal/Normal-2737.nrrd
/head/NFS/mkuyokwa/lungcxr/kaggle-negatives/Normal/Normal-2738.png,results/segments/Normal/Normal-2738.nrrd
/head/NFS/mkuyokwa/lungcxr/kaggle-negatives/Normal/Normal-2739.png,results/segments/Normal/Normal-2739.nrrd
/head/NFS/mkuyokwa/lungcxr/kaggle-negatives/Normal/Normal-274.png,results/segments/Normal/Normal-274.nrrd
/head/NFS/mkuyokwa/lungcxr/kaggle-negatives/Normal/Normal-2740.png,results/segments/Normal/Normal-2740.nrrd
/head/NFS/mkuyokwa/lungcxr/kaggle-negatives/Normal/Normal-2741.png,results/segments/Normal/Normal-2741.nrrd
/head/NFS/mkuyokwa/lungcxr/kaggle-negatives/Normal/Normal-2742.png,results/segments/Normal/Normal-2742.nrrd
/head/NFS/mkuyokwa/lungcxr/kaggle-negatives/Normal/Normal-2743.png,results/segments/Normal/Normal-2743.nrrd
/head/NFS/mkuyokwa/lungcxr/kaggle-negatives/Normal/Normal-2744.png,results/segments/Normal/Normal-2744.nrrd
/head/NFS/mkuyokwa/lungcxr/kaggle-negatives/Normal/Normal-2745.png,results/segments/Normal/Normal-2745.nrrd
/head/NFS/mkuyokwa/lungcxr/kaggle-negatives/Normal/Normal-2746.png,results/segments/Normal/Normal-2746.nrrd
/head/NFS/mkuyokwa/lungcxr/kaggle-negatives/Normal/Normal-2747.png,results/segments/Normal/Normal-2747.nrrd
/head/NFS/mkuyokwa/lungcxr/kaggle-negatives/Normal/Normal-2748.png,results/segments/Normal/Normal-2748.nrrd
/head/NFS/mkuyokwa/lungcxr/kaggle-negatives/Normal/Normal-2749.png,results/segments/Normal/Normal-2749.nrrd
/head/NFS/mkuyokwa/lungcxr/kaggle-negatives/Normal/Normal-275.png,results/segments/Normal/Normal-275.nrrd
/head/NFS/mkuyokwa/lungcxr/kaggle-negatives/Normal/Normal-2750.png,results/segments/Normal/Normal-2750.nrrd
/head/NFS/mkuyokwa/lungcxr/kaggle-negatives/Normal/Normal-2751.png,results/segments/Normal/Normal-2751.nrrd
/head/NFS/mkuyokwa/lungcxr/kaggle-negatives/Normal/Normal-2752.png,results/segments/Normal/Normal-2752.nrrd
/head/NFS/mkuyokwa/lungcxr/kaggle-negatives/Normal/Normal-2753.png,results/segments/Normal/Normal-2753.nrrd
/head/NFS/mkuyokwa/lungcxr/kaggle-negatives/Normal/Normal-2754.png,results/segments/Normal/Normal-2754.nrrd
/head/NFS/mkuyokwa/lungcxr/kaggle-negatives/Normal/Normal-2755.png,results/segments/Normal/Normal-2755.nrrd
/head/NFS/mkuyokwa/lungcxr/kaggle-negatives/Normal/Normal-2756.png,results/segments/Normal/Normal-2756.nrrd
/head/NFS/mkuyokwa/lungcxr/kaggle-negatives/Normal/Normal-2757.png,results/segments/Normal/Normal-2757.nrrd
/head/NFS/mkuyokwa/lungcxr/kaggle-negatives/Normal/Normal-2758.png,results/segments/Normal/Normal-2758.nrrd
/head/NFS/mkuyokwa/lungcxr/kaggle-negatives/Normal/Normal-2759.png,results/segments/Normal/Normal-2759.nrrd
/head/NFS/mkuyokwa/lungcxr/kaggle-negatives/Normal/Normal-276.png,results/segments/Normal/Normal-276.nrrd
/head/NFS/mkuyokwa/lungcxr/kaggle-negatives/Normal/Normal-2760.png,results/segments/Normal/Normal-2760.nrrd
/head/NFS/mkuyokwa/lungcxr/kaggle-negatives/Normal/Normal-2761.png,results/segments/Normal/Normal-2761.nrrd
/head/NFS/mkuyokwa/lungcxr/kaggle-negatives/Normal/Normal-2762.png,results/segments/Normal/Normal-2762.nrrd
/head/NFS/mkuyokwa/lungcxr/kaggle-negatives/Normal/Normal-2763.png,results/segments/Normal/Normal-2763.nrrd
/head/NFS/mkuyokwa/lungcxr/kaggle-negatives/Normal/Normal-2764.png,results/segments/Normal/Normal-2764.nrrd
/head/NFS/mkuyokwa/lungcxr/kaggle-negatives/Normal/Normal-2765.png,results/segments/Normal/Normal-2765.nrrd
/head/NFS/mkuyokwa/lungcxr/kaggle-negatives/Normal/Normal-2766.png,results/segments/Normal/Normal-2766.nrrd
/head/NFS/mkuyokwa/lungcxr/kaggle-negatives/Normal/Normal-2767.png,results/segments/Normal/Normal-2767.nrrd
/head/NFS/mkuyokwa/lungcxr/kaggle-negatives/Normal/Normal-2768.png,results/segments/Normal/Normal-2768.nrrd
/head/NFS/mkuyokwa/lungcxr/kaggle-negatives/Normal/Normal-2769.png,results/segments/Normal/Normal-2769.nrrd
/head/NFS/mkuyokwa/lungcxr/kaggle-negatives/Normal/Normal-277.png,results/segments/Normal/Normal-277.nrrd
/head/NFS/mkuyokwa/lungcxr/kaggle-negatives/Normal/Normal-2770.png,results/segments/Normal/Normal-2770.nrrd
/head/NFS/mkuyokwa/lungcxr/kaggle-negatives/Normal/Normal-2771.png,results/segments/Normal/Normal-2771.nrrd
/head/NFS/mkuyokwa/lungcxr/kaggle-negatives/Normal/Normal-2772.png,results/segments/Normal/Normal-2772.nrrd
/head/NFS/mkuyokwa/lungcxr/kaggle-negatives/Normal/Normal-2773.png,results/segments/Normal/Normal-2773.nrrd
/head/NFS/mkuyokwa/lungcxr/kaggle-negatives/Normal/Normal-2774.png,results/segments/Normal/Normal-2774.nrrd
/head/NFS/mkuyokwa/lungcxr/kaggle-negatives/Normal/Normal-2775.png,results/segments/Normal/Normal-2775.nrrd
/head/NFS/mkuyokwa/lungcxr/kaggle-negatives/Normal/Normal-2776.png,results/segments/Normal/Normal-2776.nrrd
/head/NFS/mkuyokwa/lungcxr/kaggle-negatives/Normal/Normal-2777.png,results/segments/Normal/Normal-2777.nrrd
/head/NFS/mkuyokwa/lungcxr/kaggle-negatives/Normal/Normal-2778.png,results/segments/Normal/Normal-2778.nrrd
/head/NFS/mkuyokwa/lungcxr/kaggle-negatives/Normal/Normal-2779.png,results/segments/Normal/Normal-2779.nrrd
/head/NFS/mkuyokwa/lungcxr/kaggle-negatives/Normal/Normal-278.png,results/segments/Normal/Normal-278.nrrd
/head/NFS/mkuyokwa/lungcxr/kaggle-negatives/Normal/Normal-2780.png,results/segments/Normal/Normal-2780.nrrd
/head/NFS/mkuyokwa/lungcxr/kaggle-negatives/Normal/Normal-2781.png,results/segments/Normal/Normal-2781.nrrd
/head/NFS/mkuyokwa/lungcxr/kaggle-negatives/Normal/Normal-2782.png,results/segments/Normal/Normal-2782.nrrd
/head/NFS/mkuyokwa/lungcxr/kaggle-negatives/Normal/Normal-2783.png,results/segments/Normal/Normal-2783.nrrd
/head/NFS/mkuyokwa/lungcxr/kaggle-negatives/Normal/Normal-2784.png,results/segments/Normal/Normal-2784.nrrd
/head/NFS/mkuyokwa/lungcxr/kaggle-negatives/Normal/Normal-2785.png,results/segments/Normal/Normal-2785.nrrd
/head/NFS/mkuyokwa/lungcxr/kaggle-negatives/Normal/Normal-2786.png,results/segments/Normal/Normal-2786.nrrd
/head/NFS/mkuyokwa/lungcxr/kaggle-negatives/Normal/Normal-2787.png,results/segments/Normal/Normal-2787.nrrd
/head/NFS/mkuyokwa/lungcxr/kaggle-negatives/Normal/Normal-2788.png,results/segments/Normal/Normal-2788.nrrd
/head/NFS/mkuyokwa/lungcxr/kaggle-negatives/Normal/Normal-2789.png,results/segments/Normal/Normal-2789.nrrd
/head/NFS/mkuyokwa/lungcxr/kaggle-negatives/Normal/Normal-279.png,results/segments/Normal/Normal-279.nrrd
/head/NFS/mkuyokwa/lungcxr/kaggle-negatives/Normal/Normal-2790.png,results/segments/Normal/Normal-2790.nrrd
/head/NFS/mkuyokwa/lungcxr/kaggle-negatives/Normal/Normal-2791.png,results/segments/Normal/Normal-2791.nrrd
/head/NFS/mkuyokwa/lungcxr/kaggle-negatives/Normal/Normal-2792.png,results/segments/Normal/Normal-2792.nrrd
/head/NFS/mkuyokwa/lungcxr/kaggle-negatives/Normal/Normal-2793.png,results/segments/Normal/Normal-2793.nrrd
/head/NFS/mkuyokwa/lungcxr/kaggle-negatives/Normal/Normal-2794.png,results/segments/Normal/Normal-2794.nrrd
/head/NFS/mkuyokwa/lungcxr/kaggle-negatives/Normal/Normal-2795.png,results/segments/Normal/Normal-2795.nrrd
/head/NFS/mkuyokwa/lungcxr/kaggle-negatives/Normal/Normal-2796.png,results/segments/Normal/Normal-2796.nrrd
/head/NFS/mkuyokwa/lungcxr/kaggle-negatives/Normal/Normal-2797.png,results/segments/Normal/Normal-2797.nrrd
/head/NFS/mkuyokwa/lungcxr/kaggle-negatives/Normal/Normal-2798.png,results/segments/Normal/Normal-2798.nrrd
/head/NFS/mkuyokwa/lungcxr/kaggle-negatives/Normal/Normal-2799.png,results/segments/Normal/Normal-2799.nrrd
/head/NFS/mkuyokwa/lungcxr/kaggle-negatives/Normal/Normal-28.png,results/segments/Normal/Normal-28.nrrd
/head/NFS/mkuyokwa/lungcxr/kaggle-negatives/Normal/Normal-280.png,results/segments/Normal/Normal-280.nrrd
/head/NFS/mkuyokwa/lungcxr/kaggle-negatives/Normal/Normal-2800.png,results/segments/Normal/Normal-2800.nrrd
/head/NFS/mkuyokwa/lungcxr/kaggle-negatives/Normal/Normal-2801.png,results/segments/Normal/Normal-2801.nrrd
/head/NFS/mkuyokwa/lungcxr/kaggle-negatives/Normal/Normal-2802.png,results/segments/Normal/Normal-2802.nrrd
/head/NFS/mkuyokwa/lungcxr/kaggle-negatives/Normal/Normal-2803.png,results/segments/Normal/Normal-2803.nrrd
/head/NFS/mkuyokwa/lungcxr/kaggle-negatives/Normal/Normal-2804.png,results/segments/Normal/Normal-2804.nrrd
/head/NFS/mkuyokwa/lungcxr/kaggle-negatives/Normal/Normal-2805.png,results/segments/Normal/Normal-2805.nrrd
/head/NFS/mkuyokwa/lungcxr/kaggle-negatives/Normal/Normal-2806.png,results/segments/Normal/Normal-2806.nrrd
/head/NFS/mkuyokwa/lungcxr/kaggle-negatives/Normal/Normal-2807.png,results/segments/Normal/Normal-2807.nrrd
/head/NFS/mkuyokwa/lungcxr/kaggle-negatives/Normal/Normal-2808.png,results/segments/Normal/Normal-2808.nrrd
/head/NFS/mkuyokwa/lungcxr/kaggle-negatives/Normal/Normal-2809.png,results/segments/Normal/Normal-2809.nrrd
/head/NFS/mkuyokwa/lungcxr/kaggle-negatives/Normal/Normal-281.png,results/segments/Normal/Normal-281.nrrd
/head/NFS/mkuyokwa/lungcxr/kaggle-negatives/Normal/Normal-2810.png,results/segments/Normal/Normal-2810.nrrd
/head/NFS/mkuyokwa/lungcxr/kaggle-negatives/Normal/Normal-2811.png,results/segments/Normal/Normal-2811.nrrd
/head/NFS/mkuyokwa/lungcxr/kaggle-negatives/Normal/Normal-2812.png,results/segments/Normal/Normal-2812.nrrd
/head/NFS/mkuyokwa/lungcxr/kaggle-negatives/Normal/Normal-2813.png,results/segments/Normal/Normal-2813.nrrd
/head/NFS/mkuyokwa/lungcxr/kaggle-negatives/Normal/Normal-2814.png,results/segments/Normal/Normal-2814.nrrd
/head/NFS/mkuyokwa/lungcxr/kaggle-negatives/Normal/Normal-2815.png,results/segments/Normal/Normal-2815.nrrd
/head/NFS/mkuyokwa/lungcxr/kaggle-negatives/Normal/Normal-2816.png,results/segments/Normal/Normal-2816.nrrd
/head/NFS/mkuyokwa/lungcxr/kaggle-negatives/Normal/Normal-2817.png,results/segments/Normal/Normal-2817.nrrd
/head/NFS/mkuyokwa/lungcxr/kaggle-negatives/Normal/Normal-2818.png,results/segments/Normal/Normal-2818.nrrd
/head/NFS/mkuyokwa/lungcxr/kaggle-negatives/Normal/Normal-2819.png,results/segments/Normal/Normal-2819.nrrd
/head/NFS/mkuyokwa/lungcxr/kaggle-negatives/Normal/Normal-282.png,results/segments/Normal/Normal-282.nrrd
/head/NFS/mkuyokwa/lungcxr/kaggle-negatives/Normal/Normal-2820.png,results/segments/Normal/Normal-2820.nrrd
/head/NFS/mkuyokwa/lungcxr/kaggle-negatives/Normal/Normal-2821.png,results/segments/Normal/Normal-2821.nrrd
/head/NFS/mkuyokwa/lungcxr/kaggle-negatives/Normal/Normal-2822.png,results/segments/Normal/Normal-2822.nrrd
/head/NFS/mkuyokwa/lungcxr/kaggle-negatives/Normal/Normal-2823.png,results/segments/Normal/Normal-2823.nrrd
/head/NFS/mkuyokwa/lungcxr/kaggle-negatives/Normal/Normal-2824.png,results/segments/Normal/Normal-2824.nrrd
/head/NFS/mkuyokwa/lungcxr/kaggle-negatives/Normal/Normal-2825.png,results/segments/Normal/Normal-2825.nrrd
/head/NFS/mkuyokwa/lungcxr/kaggle-negatives/Normal/Normal-2826.png,results/segments/Normal/Normal-2826.nrrd
/head/NFS/mkuyokwa/lungcxr/kaggle-negatives/Normal/Normal-2827.png,results/segments/Normal/Normal-2827.nrrd
/head/NFS/mkuyokwa/lungcxr/kaggle-negatives/Normal/Normal-2828.png,results/segments/Normal/Normal-2828.nrrd
/head/NFS/mkuyokwa/lungcxr/kaggle-negatives/Normal/Normal-2829.png,results/segments/Normal/Normal-2829.nrrd
/head/NFS/mkuyokwa/lungcxr/kaggle-negatives/Normal/Normal-283.png,results/segments/Normal/Normal-283.nrrd
/head/NFS/mkuyokwa/lungcxr/kaggle-negatives/Normal/Normal-2830.png,results/segments/Normal/Normal-2830.nrrd
/head/NFS/mkuyokwa/lungcxr/kaggle-negatives/Normal/Normal-2831.png,results/segments/Normal/Normal-2831.nrrd
/head/NFS/mkuyokwa/lungcxr/kaggle-negatives/Normal/Normal-2832.png,results/segments/Normal/Normal-2832.nrrd
/head/NFS/mkuyokwa/lungcxr/kaggle-negatives/Normal/Normal-2833.png,results/segments/Normal/Normal-2833.nrrd
/head/NFS/mkuyokwa/lungcxr/kaggle-negatives/Normal/Normal-2834.png,results/segments/Normal/Normal-2834.nrrd
/head/NFS/mkuyokwa/lungcxr/kaggle-negatives/Normal/Normal-2835.png,results/segments/Normal/Normal-2835.nrrd
/head/NFS/mkuyokwa/lungcxr/kaggle-negatives/Normal/Normal-2836.png,results/segments/Normal/Normal-2836.nrrd
/head/NFS/mkuyokwa/lungcxr/kaggle-negatives/Normal/Normal-2837.png,results/segments/Normal/Normal-2837.nrrd
/head/NFS/mkuyokwa/lungcxr/kaggle-negatives/Normal/Normal-2838.png,results/segments/Normal/Normal-2838.nrrd
/head/NFS/mkuyokwa/lungcxr/kaggle-negatives/Normal/Normal-2839.png,results/segments/Normal/Normal-2839.nrrd
/head/NFS/mkuyokwa/lungcxr/kaggle-negatives/Normal/Normal-284.png,results/segments/Normal/Normal-284.nrrd
/head/NFS/mkuyokwa/lungcxr/kaggle-negatives/Normal/Normal-2840.png,results/segments/Normal/Normal-2840.nrrd
/head/NFS/mkuyokwa/lungcxr/kaggle-negatives/Normal/Normal-2841.png,results/segments/Normal/Normal-2841.nrrd
/head/NFS/mkuyokwa/lungcxr/kaggle-negatives/Normal/Normal-2842.png,results/segments/Normal/Normal-2842.nrrd
/head/NFS/mkuyokwa/lungcxr/kaggle-negatives/Normal/Normal-2843.png,results/segments/Normal/Normal-2843.nrrd
/head/NFS/mkuyokwa/lungcxr/kaggle-negatives/Normal/Normal-2844.png,results/segments/Normal/Normal-2844.nrrd
/head/NFS/mkuyokwa/lungcxr/kaggle-negatives/Normal/Normal-2845.png,results/segments/Normal/Normal-2845.nrrd
/head/NFS/mkuyokwa/lungcxr/kaggle-negatives/Normal/Normal-2846.png,results/segments/Normal/Normal-2846.nrrd
/head/NFS/mkuyokwa/lungcxr/kaggle-negatives/Normal/Normal-2847.png,results/segments/Normal/Normal-2847.nrrd
/head/NFS/mkuyokwa/lungcxr/kaggle-negatives/Normal/Normal-2848.png,results/segments/Normal/Normal-2848.nrrd
/head/NFS/mkuyokwa/lungcxr/kaggle-negatives/Normal/Normal-2849.png,results/segments/Normal/Normal-2849.nrrd
/head/NFS/mkuyokwa/lungcxr/kaggle-negatives/Normal/Normal-285.png,results/segments/Normal/Normal-285.nrrd
/head/NFS/mkuyokwa/lungcxr/kaggle-negatives/Normal/Normal-2850.png,results/segments/Normal/Normal-2850.nrrd
/head/NFS/mkuyokwa/lungcxr/kaggle-negatives/Normal/Normal-2851.png,results/segments/Normal/Normal-2851.nrrd
/head/NFS/mkuyokwa/lungcxr/kaggle-negatives/Normal/Normal-2852.png,results/segments/Normal/Normal-2852.nrrd
/head/NFS/mkuyokwa/lungcxr/kaggle-negatives/Normal/Normal-2853.png,results/segments/Normal/Normal-2853.nrrd
/head/NFS/mkuyokwa/lungcxr/kaggle-negatives/Normal/Normal-2854.png,results/segments/Normal/Normal-2854.nrrd
/head/NFS/mkuyokwa/lungcxr/kaggle-negatives/Normal/Normal-2855.png,results/segments/Normal/Normal-2855.nrrd
/head/NFS/mkuyokwa/lungcxr/kaggle-negatives/Normal/Normal-2856.png,results/segments/Normal/Normal-2856.nrrd
/head/NFS/mkuyokwa/lungcxr/kaggle-negatives/Normal/Normal-2857.png,results/segments/Normal/Normal-2857.nrrd
/head/NFS/mkuyokwa/lungcxr/kaggle-negatives/Normal/Normal-2858.png,results/segments/Normal/Normal-2858.nrrd
/head/NFS/mkuyokwa/lungcxr/kaggle-negatives/Normal/Normal-2859.png,results/segments/Normal/Normal-2859.nrrd
/head/NFS/mkuyokwa/lungcxr/kaggle-negatives/Normal/Normal-286.png,results/segments/Normal/Normal-286.nrrd
/head/NFS/mkuyokwa/lungcxr/kaggle-negatives/Normal/Normal-2860.png,results/segments/Normal/Normal-2860.nrrd
/head/NFS/mkuyokwa/lungcxr/kaggle-negatives/Normal/Normal-2861.png,results/segments/Normal/Normal-2861.nrrd
/head/NFS/mkuyokwa/lungcxr/kaggle-negatives/Normal/Normal-2862.png,results/segments/Normal/Normal-2862.nrrd
/head/NFS/mkuyokwa/lungcxr/kaggle-negatives/Normal/Normal-2863.png,results/segments/Normal/Normal-2863.nrrd
/head/NFS/mkuyokwa/lungcxr/kaggle-negatives/Normal/Normal-2864.png,results/segments/Normal/Normal-2864.nrrd
/head/NFS/mkuyokwa/lungcxr/kaggle-negatives/Normal/Normal-2865.png,results/segments/Normal/Normal-2865.nrrd
/head/NFS/mkuyokwa/lungcxr/kaggle-negatives/Normal/Normal-2866.png,results/segments/Normal/Normal-2866.nrrd
/head/NFS/mkuyokwa/lungcxr/kaggle-negatives/Normal/Normal-2867.png,results/segments/Normal/Normal-2867.nrrd
/head/NFS/mkuyokwa/lungcxr/kaggle-negatives/Normal/Normal-2868.png,results/segments/Normal/Normal-2868.nrrd
/head/NFS/mkuyokwa/lungcxr/kaggle-negatives/Normal/Normal-2869.png,results/segments/Normal/Normal-2869.nrrd
/head/NFS/mkuyokwa/lungcxr/kaggle-negatives/Normal/Normal-287.png,results/segments/Normal/Normal-287.nrrd
/head/NFS/mkuyokwa/lungcxr/kaggle-negatives/Normal/Normal-2870.png,results/segments/Normal/Normal-2870.nrrd
/head/NFS/mkuyokwa/lungcxr/kaggle-negatives/Normal/Normal-2871.png,results/segments/Normal/Normal-2871.nrrd
/head/NFS/mkuyokwa/lungcxr/kaggle-negatives/Normal/Normal-2872.png,results/segments/Normal/Normal-2872.nrrd
/head/NFS/mkuyokwa/lungcxr/kaggle-negatives/Normal/Normal-2873.png,results/segments/Normal/Normal-2873.nrrd
/head/NFS/mkuyokwa/lungcxr/kaggle-negatives/Normal/Normal-2874.png,results/segments/Normal/Normal-2874.nrrd
/head/NFS/mkuyokwa/lungcxr/kaggle-negatives/Normal/Normal-2875.png,results/segments/Normal/Normal-2875.nrrd
/head/NFS/mkuyokwa/lungcxr/kaggle-negatives/Normal/Normal-2876.png,results/segments/Normal/Normal-2876.nrrd
/head/NFS/mkuyokwa/lungcxr/kaggle-negatives/Normal/Normal-2877.png,results/segments/Normal/Normal-2877.nrrd
/head/NFS/mkuyokwa/lungcxr/kaggle-negatives/Normal/Normal-2878.png,results/segments/Normal/Normal-2878.nrrd
/head/NFS/mkuyokwa/lungcxr/kaggle-negatives/Normal/Normal-2879.png,results/segments/Normal/Normal-2879.nrrd
/head/NFS/mkuyokwa/lungcxr/kaggle-negatives/Normal/Normal-288.png,results/segments/Normal/Normal-288.nrrd
/head/NFS/mkuyokwa/lungcxr/kaggle-negatives/Normal/Normal-2880.png,results/segments/Normal/Normal-2880.nrrd
/head/NFS/mkuyokwa/lungcxr/kaggle-negatives/Normal/Normal-2881.png,results/segments/Normal/Normal-2881.nrrd
/head/NFS/mkuyokwa/lungcxr/kaggle-negatives/Normal/Normal-2882.png,results/segments/Normal/Normal-2882.nrrd
/head/NFS/mkuyokwa/lungcxr/kaggle-negatives/Normal/Normal-2883.png,results/segments/Normal/Normal-2883.nrrd
/head/NFS/mkuyokwa/lungcxr/kaggle-negatives/Normal/Normal-2884.png,results/segments/Normal/Normal-2884.nrrd
/head/NFS/mkuyokwa/lungcxr/kaggle-negatives/Normal/Normal-2885.png,results/segments/Normal/Normal-2885.nrrd
/head/NFS/mkuyokwa/lungcxr/kaggle-negatives/Normal/Normal-2886.png,results/segments/Normal/Normal-2886.nrrd
/head/NFS/mkuyokwa/lungcxr/kaggle-negatives/Normal/Normal-2887.png,results/segments/Normal/Normal-2887.nrrd
/head/NFS/mkuyokwa/lungcxr/kaggle-negatives/Normal/Normal-2888.png,results/segments/Normal/Normal-2888.nrrd
/head/NFS/mkuyokwa/lungcxr/kaggle-negatives/Normal/Normal-2889.png,results/segments/Normal/Normal-2889.nrrd
/head/NFS/mkuyokwa/lungcxr/kaggle-negatives/Normal/Normal-289.png,results/segments/Normal/Normal-289.nrrd
/head/NFS/mkuyokwa/lungcxr/kaggle-negatives/Normal/Normal-2890.png,results/segments/Normal/Normal-2890.nrrd
/head/NFS/mkuyokwa/lungcxr/kaggle-negatives/Normal/Normal-2891.png,results/segments/Normal/Normal-2891.nrrd
/head/NFS/mkuyokwa/lungcxr/kaggle-negatives/Normal/Normal-2892.png,results/segments/Normal/Normal-2892.nrrd
/head/NFS/mkuyokwa/lungcxr/kaggle-negatives/Normal/Normal-2893.png,results/segments/Normal/Normal-2893.nrrd
/head/NFS/mkuyokwa/lungcxr/kaggle-negatives/Normal/Normal-2894.png,results/segments/Normal/Normal-2894.nrrd
/head/NFS/mkuyokwa/lungcxr/kaggle-negatives/Normal/Normal-2895.png,results/segments/Normal/Normal-2895.nrrd
/head/NFS/mkuyokwa/lungcxr/kaggle-negatives/Normal/Normal-2896.png,results/segments/Normal/Normal-2896.nrrd
/head/NFS/mkuyokwa/lungcxr/kaggle-negatives/Normal/Normal-2897.png,results/segments/Normal/Normal-2897.nrrd
/head/NFS/mkuyokwa/lungcxr/kaggle-negatives/Normal/Normal-2898.png,results/segments/Normal/Normal-2898.nrrd
/head/NFS/mkuyokwa/lungcxr/kaggle-negatives/Normal/Normal-2899.png,results/segments/Normal/Normal-2899.nrrd
/head/NFS/mkuyokwa/lungcxr/kaggle-negatives/Normal/Normal-29.png,results/segments/Normal/Normal-29.nrrd
/head/NFS/mkuyokwa/lungcxr/kaggle-negatives/Normal/Normal-290.png,results/segments/Normal/Normal-290.nrrd
/head/NFS/mkuyokwa/lungcxr/kaggle-negatives/Normal/Normal-2900.png,results/segments/Normal/Normal-2900.nrrd
/head/NFS/mkuyokwa/lungcxr/kaggle-negatives/Normal/Normal-2901.png,results/segments/Normal/Normal-2901.nrrd
/head/NFS/mkuyokwa/lungcxr/kaggle-negatives/Normal/Normal-2902.png,results/segments/Normal/Normal-2902.nrrd
/head/NFS/mkuyokwa/lungcxr/kaggle-negatives/Normal/Normal-2903.png,results/segments/Normal/Normal-2903.nrrd
/head/NFS/mkuyokwa/lungcxr/kaggle-negatives/Normal/Normal-2904.png,results/segments/Normal/Normal-2904.nrrd
/head/NFS/mkuyokwa/lungcxr/kaggle-negatives/Normal/Normal-2905.png,results/segments/Normal/Normal-2905.nrrd
/head/NFS/mkuyokwa/lungcxr/kaggle-negatives/Normal/Normal-2906.png,results/segments/Normal/Normal-2906.nrrd
/head/NFS/mkuyokwa/lungcxr/kaggle-negatives/Normal/Normal-2907.png,results/segments/Normal/Normal-2907.nrrd
/head/NFS/mkuyokwa/lungcxr/kaggle-negatives/Normal/Normal-2908.png,results/segments/Normal/Normal-2908.nrrd
/head/NFS/mkuyokwa/lungcxr/kaggle-negatives/Normal/Normal-2909.png,results/segments/Normal/Normal-2909.nrrd
/head/NFS/mkuyokwa/lungcxr/kaggle-negatives/Normal/Normal-291.png,results/segments/Normal/Normal-291.nrrd
/head/NFS/mkuyokwa/lungcxr/kaggle-negatives/Normal/Normal-2910.png,results/segments/Normal/Normal-2910.nrrd
/head/NFS/mkuyokwa/lungcxr/kaggle-negatives/Normal/Normal-2911.png,results/segments/Normal/Normal-2911.nrrd
/head/NFS/mkuyokwa/lungcxr/kaggle-negatives/Normal/Normal-2912.png,results/segments/Normal/Normal-2912.nrrd
/head/NFS/mkuyokwa/lungcxr/kaggle-negatives/Normal/Normal-2913.png,results/segments/Normal/Normal-2913.nrrd
/head/NFS/mkuyokwa/lungcxr/kaggle-negatives/Normal/Normal-2914.png,results/segments/Normal/Normal-2914.nrrd
/head/NFS/mkuyokwa/lungcxr/kaggle-negatives/Normal/Normal-2915.png,results/segments/Normal/Normal-2915.nrrd
/head/NFS/mkuyokwa/lungcxr/kaggle-negatives/Normal/Normal-2916.png,results/segments/Normal/Normal-2916.nrrd
/head/NFS/mkuyokwa/lungcxr/kaggle-negatives/Normal/Normal-2917.png,results/segments/Normal/Normal-2917.nrrd
/head/NFS/mkuyokwa/lungcxr/kaggle-negatives/Normal/Normal-2918.png,results/segments/Normal/Normal-2918.nrrd
/head/NFS/mkuyokwa/lungcxr/kaggle-negatives/Normal/Normal-2919.png,results/segments/Normal/Normal-2919.nrrd
/head/NFS/mkuyokwa/lungcxr/kaggle-negatives/Normal/Normal-292.png,results/segments/Normal/Normal-292.nrrd
/head/NFS/mkuyokwa/lungcxr/kaggle-negatives/Normal/Normal-2920.png,results/segments/Normal/Normal-2920.nrrd
/head/NFS/mkuyokwa/lungcxr/kaggle-negatives/Normal/Normal-2921.png,results/segments/Normal/Normal-2921.nrrd
/head/NFS/mkuyokwa/lungcxr/kaggle-negatives/Normal/Normal-2922.png,results/segments/Normal/Normal-2922.nrrd
/head/NFS/mkuyokwa/lungcxr/kaggle-negatives/Normal/Normal-2923.png,results/segments/Normal/Normal-2923.nrrd
/head/NFS/mkuyokwa/lungcxr/kaggle-negatives/Normal/Normal-2924.png,results/segments/Normal/Normal-2924.nrrd
/head/NFS/mkuyokwa/lungcxr/kaggle-negatives/Normal/Normal-2925.png,results/segments/Normal/Normal-2925.nrrd
/head/NFS/mkuyokwa/lungcxr/kaggle-negatives/Normal/Normal-2926.png,results/segments/Normal/Normal-2926.nrrd
/head/NFS/mkuyokwa/lungcxr/kaggle-negatives/Normal/Normal-2927.png,results/segments/Normal/Normal-2927.nrrd
/head/NFS/mkuyokwa/lungcxr/kaggle-negatives/Normal/Normal-2928.png,results/segments/Normal/Normal-2928.nrrd
/head/NFS/mkuyokwa/lungcxr/kaggle-negatives/Normal/Normal-2929.png,results/segments/Normal/Normal-2929.nrrd
/head/NFS/mkuyokwa/lungcxr/kaggle-negatives/Normal/Normal-293.png,results/segments/Normal/Normal-293.nrrd
/head/NFS/mkuyokwa/lungcxr/kaggle-negatives/Normal/Normal-2930.png,results/segments/Normal/Normal-2930.nrrd
/head/NFS/mkuyokwa/lungcxr/kaggle-negatives/Normal/Normal-2931.png,results/segments/Normal/Normal-2931.nrrd
/head/NFS/mkuyokwa/lungcxr/kaggle-negatives/Normal/Normal-2932.png,results/segments/Normal/Normal-2932.nrrd
/head/NFS/mkuyokwa/lungcxr/kaggle-negatives/Normal/Normal-2933.png,results/segments/Normal/Normal-2933.nrrd
/head/NFS/mkuyokwa/lungcxr/kaggle-negatives/Normal/Normal-2934.png,results/segments/Normal/Normal-2934.nrrd
/head/NFS/mkuyokwa/lungcxr/kaggle-negatives/Normal/Normal-2935.png,results/segments/Normal/Normal-2935.nrrd
/head/NFS/mkuyokwa/lungcxr/kaggle-negatives/Normal/Normal-2936.png,results/segments/Normal/Normal-2936.nrrd
/head/NFS/mkuyokwa/lungcxr/kaggle-negatives/Normal/Normal-2937.png,results/segments/Normal/Normal-2937.nrrd
/head/NFS/mkuyokwa/lungcxr/kaggle-negatives/Normal/Normal-2938.png,results/segments/Normal/Normal-2938.nrrd
/head/NFS/mkuyokwa/lungcxr/kaggle-negatives/Normal/Normal-2939.png,results/segments/Normal/Normal-2939.nrrd
/head/NFS/mkuyokwa/lungcxr/kaggle-negatives/Normal/Normal-294.png,results/segments/Normal/Normal-294.nrrd
/head/NFS/mkuyokwa/lungcxr/kaggle-negatives/Normal/Normal-2940.png,results/segments/Normal/Normal-2940.nrrd
/head/NFS/mkuyokwa/lungcxr/kaggle-negatives/Normal/Normal-2941.png,results/segments/Normal/Normal-2941.nrrd
/head/NFS/mkuyokwa/lungcxr/kaggle-negatives/Normal/Normal-2942.png,results/segments/Normal/Normal-2942.nrrd
/head/NFS/mkuyokwa/lungcxr/kaggle-negatives/Normal/Normal-2943.png,results/segments/Normal/Normal-2943.nrrd
/head/NFS/mkuyokwa/lungcxr/kaggle-negatives/Normal/Normal-2944.png,results/segments/Normal/Normal-2944.nrrd
/head/NFS/mkuyokwa/lungcxr/kaggle-negatives/Normal/Normal-2945.png,results/segments/Normal/Normal-2945.nrrd
/head/NFS/mkuyokwa/lungcxr/kaggle-negatives/Normal/Normal-2946.png,results/segments/Normal/Normal-2946.nrrd
/head/NFS/mkuyokwa/lungcxr/kaggle-negatives/Normal/Normal-2947.png,results/segments/Normal/Normal-2947.nrrd
/head/NFS/mkuyokwa/lungcxr/kaggle-negatives/Normal/Normal-2948.png,results/segments/Normal/Normal-2948.nrrd
/head/NFS/mkuyokwa/lungcxr/kaggle-negatives/Normal/Normal-2949.png,results/segments/Normal/Normal-2949.nrrd
/head/NFS/mkuyokwa/lungcxr/kaggle-negatives/Normal/Normal-295.png,results/segments/Normal/Normal-295.nrrd
/head/NFS/mkuyokwa/lungcxr/kaggle-negatives/Normal/Normal-2950.png,results/segments/Normal/Normal-2950.nrrd
/head/NFS/mkuyokwa/lungcxr/kaggle-negatives/Normal/Normal-2951.png,results/segments/Normal/Normal-2951.nrrd
/head/NFS/mkuyokwa/lungcxr/kaggle-negatives/Normal/Normal-2952.png,results/segments/Normal/Normal-2952.nrrd
/head/NFS/mkuyokwa/lungcxr/kaggle-negatives/Normal/Normal-2953.png,results/segments/Normal/Normal-2953.nrrd
/head/NFS/mkuyokwa/lungcxr/kaggle-negatives/Normal/Normal-2954.png,results/segments/Normal/Normal-2954.nrrd
/head/NFS/mkuyokwa/lungcxr/kaggle-negatives/Normal/Normal-2955.png,results/segments/Normal/Normal-2955.nrrd
/head/NFS/mkuyokwa/lungcxr/kaggle-negatives/Normal/Normal-2956.png,results/segments/Normal/Normal-2956.nrrd
/head/NFS/mkuyokwa/lungcxr/kaggle-negatives/Normal/Normal-2957.png,results/segments/Normal/Normal-2957.nrrd
/head/NFS/mkuyokwa/lungcxr/kaggle-negatives/Normal/Normal-2958.png,results/segments/Normal/Normal-2958.nrrd
/head/NFS/mkuyokwa/lungcxr/kaggle-negatives/Normal/Normal-2959.png,results/segments/Normal/Normal-2959.nrrd
/head/NFS/mkuyokwa/lungcxr/kaggle-negatives/Normal/Normal-296.png,results/segments/Normal/Normal-296.nrrd
/head/NFS/mkuyokwa/lungcxr/kaggle-negatives/Normal/Normal-2960.png,results/segments/Normal/Normal-2960.nrrd
/head/NFS/mkuyokwa/lungcxr/kaggle-negatives/Normal/Normal-2961.png,results/segments/Normal/Normal-2961.nrrd
/head/NFS/mkuyokwa/lungcxr/kaggle-negatives/Normal/Normal-2962.png,results/segments/Normal/Normal-2962.nrrd
/head/NFS/mkuyokwa/lungcxr/kaggle-negatives/Normal/Normal-2963.png,results/segments/Normal/Normal-2963.nrrd
/head/NFS/mkuyokwa/lungcxr/kaggle-negatives/Normal/Normal-2964.png,results/segments/Normal/Normal-2964.nrrd
/head/NFS/mkuyokwa/lungcxr/kaggle-negatives/Normal/Normal-2965.png,results/segments/Normal/Normal-2965.nrrd
/head/NFS/mkuyokwa/lungcxr/kaggle-negatives/Normal/Normal-2966.png,results/segments/Normal/Normal-2966.nrrd
/head/NFS/mkuyokwa/lungcxr/kaggle-negatives/Normal/Normal-2967.png,results/segments/Normal/Normal-2967.nrrd
/head/NFS/mkuyokwa/lungcxr/kaggle-negatives/Normal/Normal-2968.png,results/segments/Normal/Normal-2968.nrrd
/head/NFS/mkuyokwa/lungcxr/kaggle-negatives/Normal/Normal-2969.png,results/segments/Normal/Normal-2969.nrrd
/head/NFS/mkuyokwa/lungcxr/kaggle-negatives/Normal/Normal-297.png,results/segments/Normal/Normal-297.nrrd
/head/NFS/mkuyokwa/lungcxr/kaggle-negatives/Normal/Normal-2970.png,results/segments/Normal/Normal-2970.nrrd
/head/NFS/mkuyokwa/lungcxr/kaggle-negatives/Normal/Normal-2971.png,results/segments/Normal/Normal-2971.nrrd
/head/NFS/mkuyokwa/lungcxr/kaggle-negatives/Normal/Normal-2972.png,results/segments/Normal/Normal-2972.nrrd
/head/NFS/mkuyokwa/lungcxr/kaggle-negatives/Normal/Normal-2973.png,results/segments/Normal/Normal-2973.nrrd
/head/NFS/mkuyokwa/lungcxr/kaggle-negatives/Normal/Normal-2974.png,results/segments/Normal/Normal-2974.nrrd
/head/NFS/mkuyokwa/lungcxr/kaggle-negatives/Normal/Normal-2975.png,results/segments/Normal/Normal-2975.nrrd
/head/NFS/mkuyokwa/lungcxr/kaggle-negatives/Normal/Normal-2976.png,results/segments/Normal/Normal-2976.nrrd
/head/NFS/mkuyokwa/lungcxr/kaggle-negatives/Normal/Normal-2977.png,results/segments/Normal/Normal-2977.nrrd
/head/NFS/mkuyokwa/lungcxr/kaggle-negatives/Normal/Normal-2978.png,results/segments/Normal/Normal-2978.nrrd
/head/NFS/mkuyokwa/lungcxr/kaggle-negatives/Normal/Normal-2979.png,results/segments/Normal/Normal-2979.nrrd
/head/NFS/mkuyokwa/lungcxr/kaggle-negatives/Normal/Normal-298.png,results/segments/Normal/Normal-298.nrrd
/head/NFS/mkuyokwa/lungcxr/kaggle-negatives/Normal/Normal-2980.png,results/segments/Normal/Normal-2980.nrrd
/head/NFS/mkuyokwa/lungcxr/kaggle-negatives/Normal/Normal-2981.png,results/segments/Normal/Normal-2981.nrrd
/head/NFS/mkuyokwa/lungcxr/kaggle-negatives/Normal/Normal-2982.png,results/segments/Normal/Normal-2982.nrrd
/head/NFS/mkuyokwa/lungcxr/kaggle-negatives/Normal/Normal-2983.png,results/segments/Normal/Normal-2983.nrrd
/head/NFS/mkuyokwa/lungcxr/kaggle-negatives/Normal/Normal-2984.png,results/segments/Normal/Normal-2984.nrrd
/head/NFS/mkuyokwa/lungcxr/kaggle-negatives/Normal/Normal-2985.png,results/segments/Normal/Normal-2985.nrrd
/head/NFS/mkuyokwa/lungcxr/kaggle-negatives/Normal/Normal-2986.png,results/segments/Normal/Normal-2986.nrrd
/head/NFS/mkuyokwa/lungcxr/kaggle-negatives/Normal/Normal-2987.png,results/segments/Normal/Normal-2987.nrrd
/head/NFS/mkuyokwa/lungcxr/kaggle-negatives/Normal/Normal-2988.png,results/segments/Normal/Normal-2988.nrrd
/head/NFS/mkuyokwa/lungcxr/kaggle-negatives/Normal/Normal-2989.png,results/segments/Normal/Normal-2989.nrrd
/head/NFS/mkuyokwa/lungcxr/kaggle-negatives/Normal/Normal-299.png,results/segments/Normal/Normal-299.nrrd
/head/NFS/mkuyokwa/lungcxr/kaggle-negatives/Normal/Normal-2990.png,results/segments/Normal/Normal-2990.nrrd
/head/NFS/mkuyokwa/lungcxr/kaggle-negatives/Normal/Normal-2991.png,results/segments/Normal/Normal-2991.nrrd
/head/NFS/mkuyokwa/lungcxr/kaggle-negatives/Normal/Normal-2992.png,results/segments/Normal/Normal-2992.nrrd
/head/NFS/mkuyokwa/lungcxr/kaggle-negatives/Normal/Normal-2993.png,results/segments/Normal/Normal-2993.nrrd
/head/NFS/mkuyokwa/lungcxr/kaggle-negatives/Normal/Normal-2994.png,results/segments/Normal/Normal-2994.nrrd
/head/NFS/mkuyokwa/lungcxr/kaggle-negatives/Normal/Normal-2995.png,results/segments/Normal/Normal-2995.nrrd
/head/NFS/mkuyokwa/lungcxr/kaggle-negatives/Normal/Normal-2996.png,results/segments/Normal/Normal-2996.nrrd
/head/NFS/mkuyokwa/lungcxr/kaggle-negatives/Normal/Normal-2997.png,results/segments/Normal/Normal-2997.nrrd
/head/NFS/mkuyokwa/lungcxr/kaggle-negatives/Normal/Normal-2998.png,results/segments/Normal/Normal-2998.nrrd
/head/NFS/mkuyokwa/lungcxr/kaggle-negatives/Normal/Normal-2999.png,results/segments/Normal/Normal-2999.nrrd
/head/NFS/mkuyokwa/lungcxr/kaggle-negatives/Normal/Normal-3.png,results/segments/Normal/Normal-3.nrrd
/head/NFS/mkuyokwa/lungcxr/kaggle-negatives/Normal/Normal-30.png,results/segments/Normal/Normal-30.nrrd
/head/NFS/mkuyokwa/lungcxr/kaggle-negatives/Normal/Normal-300.png,results/segments/Normal/Normal-300.nrrd
/head/NFS/mkuyokwa/lungcxr/kaggle-negatives/Normal/Normal-3000.png,results/segments/Normal/Normal-3000.nrrd
/head/NFS/mkuyokwa/lungcxr/kaggle-negatives/Normal/Normal-3001.png,results/segments/Normal/Normal-3001.nrrd
/head/NFS/mkuyokwa/lungcxr/kaggle-negatives/Normal/Normal-3002.png,results/segments/Normal/Normal-3002.nrrd
/head/NFS/mkuyokwa/lungcxr/kaggle-negatives/Normal/Normal-3003.png,results/segments/Normal/Normal-3003.nrrd
/head/NFS/mkuyokwa/lungcxr/kaggle-negatives/Normal/Normal-3004.png,results/segments/Normal/Normal-3004.nrrd
/head/NFS/mkuyokwa/lungcxr/kaggle-negatives/Normal/Normal-3005.png,results/segments/Normal/Normal-3005.nrrd
/head/NFS/mkuyokwa/lungcxr/kaggle-negatives/Normal/Normal-3006.png,results/segments/Normal/Normal-3006.nrrd
/head/NFS/mkuyokwa/lungcxr/kaggle-negatives/Normal/Normal-3007.png,results/segments/Normal/Normal-3007.nrrd
/head/NFS/mkuyokwa/lungcxr/kaggle-negatives/Normal/Normal-3008.png,results/segments/Normal/Normal-3008.nrrd
/head/NFS/mkuyokwa/lungcxr/kaggle-negatives/Normal/Normal-3009.png,results/segments/Normal/Normal-3009.nrrd
/head/NFS/mkuyokwa/lungcxr/kaggle-negatives/Normal/Normal-301.png,results/segments/Normal/Normal-301.nrrd
/head/NFS/mkuyokwa/lungcxr/kaggle-negatives/Normal/Normal-3010.png,results/segments/Normal/Normal-3010.nrrd
/head/NFS/mkuyokwa/lungcxr/kaggle-negatives/Normal/Normal-3011.png,results/segments/Normal/Normal-3011.nrrd
/head/NFS/mkuyokwa/lungcxr/kaggle-negatives/Normal/Normal-3012.png,results/segments/Normal/Normal-3012.nrrd
/head/NFS/mkuyokwa/lungcxr/kaggle-negatives/Normal/Normal-3013.png,results/segments/Normal/Normal-3013.nrrd
/head/NFS/mkuyokwa/lungcxr/kaggle-negatives/Normal/Normal-3014.png,results/segments/Normal/Normal-3014.nrrd
/head/NFS/mkuyokwa/lungcxr/kaggle-negatives/Normal/Normal-3015.png,results/segments/Normal/Normal-3015.nrrd
/head/NFS/mkuyokwa/lungcxr/kaggle-negatives/Normal/Normal-3016.png,results/segments/Normal/Normal-3016.nrrd
/head/NFS/mkuyokwa/lungcxr/kaggle-negatives/Normal/Normal-3017.png,results/segments/Normal/Normal-3017.nrrd
/head/NFS/mkuyokwa/lungcxr/kaggle-negatives/Normal/Normal-3018.png,results/segments/Normal/Normal-3018.nrrd
/head/NFS/mkuyokwa/lungcxr/kaggle-negatives/Normal/Normal-3019.png,results/segments/Normal/Normal-3019.nrrd
/head/NFS/mkuyokwa/lungcxr/kaggle-negatives/Normal/Normal-302.png,results/segments/Normal/Normal-302.nrrd
/head/NFS/mkuyokwa/lungcxr/kaggle-negatives/Normal/Normal-3020.png,results/segments/Normal/Normal-3020.nrrd
/head/NFS/mkuyokwa/lungcxr/kaggle-negatives/Normal/Normal-3021.png,results/segments/Normal/Normal-3021.nrrd
/head/NFS/mkuyokwa/lungcxr/kaggle-negatives/Normal/Normal-3022.png,results/segments/Normal/Normal-3022.nrrd
/head/NFS/mkuyokwa/lungcxr/kaggle-negatives/Normal/Normal-3023.png,results/segments/Normal/Normal-3023.nrrd
/head/NFS/mkuyokwa/lungcxr/kaggle-negatives/Normal/Normal-3024.png,results/segments/Normal/Normal-3024.nrrd
/head/NFS/mkuyokwa/lungcxr/kaggle-negatives/Normal/Normal-3025.png,results/segments/Normal/Normal-3025.nrrd
/head/NFS/mkuyokwa/lungcxr/kaggle-negatives/Normal/Normal-3026.png,results/segments/Normal/Normal-3026.nrrd
/head/NFS/mkuyokwa/lungcxr/kaggle-negatives/Normal/Normal-3027.png,results/segments/Normal/Normal-3027.nrrd
/head/NFS/mkuyokwa/lungcxr/kaggle-negatives/Normal/Normal-3028.png,results/segments/Normal/Normal-3028.nrrd
/head/NFS/mkuyokwa/lungcxr/kaggle-negatives/Normal/Normal-3029.png,results/segments/Normal/Normal-3029.nrrd
/head/NFS/mkuyokwa/lungcxr/kaggle-negatives/Normal/Normal-303.png,results/segments/Normal/Normal-303.nrrd
/head/NFS/mkuyokwa/lungcxr/kaggle-negatives/Normal/Normal-3030.png,results/segments/Normal/Normal-3030.nrrd
/head/NFS/mkuyokwa/lungcxr/kaggle-negatives/Normal/Normal-3031.png,results/segments/Normal/Normal-3031.nrrd
/head/NFS/mkuyokwa/lungcxr/kaggle-negatives/Normal/Normal-3032.png,results/segments/Normal/Normal-3032.nrrd
/head/NFS/mkuyokwa/lungcxr/kaggle-negatives/Normal/Normal-3033.png,results/segments/Normal/Normal-3033.nrrd
/head/NFS/mkuyokwa/lungcxr/kaggle-negatives/Normal/Normal-3034.png,results/segments/Normal/Normal-3034.nrrd
/head/NFS/mkuyokwa/lungcxr/kaggle-negatives/Normal/Normal-3035.png,results/segments/Normal/Normal-3035.nrrd
/head/NFS/mkuyokwa/lungcxr/kaggle-negatives/Normal/Normal-3036.png,results/segments/Normal/Normal-3036.nrrd
/head/NFS/mkuyokwa/lungcxr/kaggle-negatives/Normal/Normal-3037.png,results/segments/Normal/Normal-3037.nrrd
/head/NFS/mkuyokwa/lungcxr/kaggle-negatives/Normal/Normal-3038.png,results/segments/Normal/Normal-3038.nrrd
/head/NFS/mkuyokwa/lungcxr/kaggle-negatives/Normal/Normal-3039.png,results/segments/Normal/Normal-3039.nrrd
/head/NFS/mkuyokwa/lungcxr/kaggle-negatives/Normal/Normal-304.png,results/segments/Normal/Normal-304.nrrd
/head/NFS/mkuyokwa/lungcxr/kaggle-negatives/Normal/Normal-3040.png,results/segments/Normal/Normal-3040.nrrd
/head/NFS/mkuyokwa/lungcxr/kaggle-negatives/Normal/Normal-3041.png,results/segments/Normal/Normal-3041.nrrd
/head/NFS/mkuyokwa/lungcxr/kaggle-negatives/Normal/Normal-3042.png,results/segments/Normal/Normal-3042.nrrd
/head/NFS/mkuyokwa/lungcxr/kaggle-negatives/Normal/Normal-3043.png,results/segments/Normal/Normal-3043.nrrd
/head/NFS/mkuyokwa/lungcxr/kaggle-negatives/Normal/Normal-3044.png,results/segments/Normal/Normal-3044.nrrd
/head/NFS/mkuyokwa/lungcxr/kaggle-negatives/Normal/Normal-3045.png,results/segments/Normal/Normal-3045.nrrd
/head/NFS/mkuyokwa/lungcxr/kaggle-negatives/Normal/Normal-3046.png,results/segments/Normal/Normal-3046.nrrd
/head/NFS/mkuyokwa/lungcxr/kaggle-negatives/Normal/Normal-3047.png,results/segments/Normal/Normal-3047.nrrd
/head/NFS/mkuyokwa/lungcxr/kaggle-negatives/Normal/Normal-3048.png,results/segments/Normal/Normal-3048.nrrd
/head/NFS/mkuyokwa/lungcxr/kaggle-negatives/Normal/Normal-3049.png,results/segments/Normal/Normal-3049.nrrd
/head/NFS/mkuyokwa/lungcxr/kaggle-negatives/Normal/Normal-305.png,results/segments/Normal/Normal-305.nrrd
/head/NFS/mkuyokwa/lungcxr/kaggle-negatives/Normal/Normal-3050.png,results/segments/Normal/Normal-3050.nrrd
/head/NFS/mkuyokwa/lungcxr/kaggle-negatives/Normal/Normal-3051.png,results/segments/Normal/Normal-3051.nrrd
/head/NFS/mkuyokwa/lungcxr/kaggle-negatives/Normal/Normal-3052.png,results/segments/Normal/Normal-3052.nrrd
/head/NFS/mkuyokwa/lungcxr/kaggle-negatives/Normal/Normal-3053.png,results/segments/Normal/Normal-3053.nrrd
/head/NFS/mkuyokwa/lungcxr/kaggle-negatives/Normal/Normal-3054.png,results/segments/Normal/Normal-3054.nrrd
/head/NFS/mkuyokwa/lungcxr/kaggle-negatives/Normal/Normal-3055.png,results/segments/Normal/Normal-3055.nrrd
/head/NFS/mkuyokwa/lungcxr/kaggle-negatives/Normal/Normal-3056.png,results/segments/Normal/Normal-3056.nrrd
/head/NFS/mkuyokwa/lungcxr/kaggle-negatives/Normal/Normal-3057.png,results/segments/Normal/Normal-3057.nrrd
/head/NFS/mkuyokwa/lungcxr/kaggle-negatives/Normal/Normal-3058.png,results/segments/Normal/Normal-3058.nrrd
/head/NFS/mkuyokwa/lungcxr/kaggle-negatives/Normal/Normal-3059.png,results/segments/Normal/Normal-3059.nrrd
/head/NFS/mkuyokwa/lungcxr/kaggle-negatives/Normal/Normal-306.png,results/segments/Normal/Normal-306.nrrd
/head/NFS/mkuyokwa/lungcxr/kaggle-negatives/Normal/Normal-3060.png,results/segments/Normal/Normal-3060.nrrd
/head/NFS/mkuyokwa/lungcxr/kaggle-negatives/Normal/Normal-3061.png,results/segments/Normal/Normal-3061.nrrd
/head/NFS/mkuyokwa/lungcxr/kaggle-negatives/Normal/Normal-3062.png,results/segments/Normal/Normal-3062.nrrd
/head/NFS/mkuyokwa/lungcxr/kaggle-negatives/Normal/Normal-3063.png,results/segments/Normal/Normal-3063.nrrd
/head/NFS/mkuyokwa/lungcxr/kaggle-negatives/Normal/Normal-3064.png,results/segments/Normal/Normal-3064.nrrd
/head/NFS/mkuyokwa/lungcxr/kaggle-negatives/Normal/Normal-3065.png,results/segments/Normal/Normal-3065.nrrd
/head/NFS/mkuyokwa/lungcxr/kaggle-negatives/Normal/Normal-3066.png,results/segments/Normal/Normal-3066.nrrd
/head/NFS/mkuyokwa/lungcxr/kaggle-negatives/Normal/Normal-3067.png,results/segments/Normal/Normal-3067.nrrd
/head/NFS/mkuyokwa/lungcxr/kaggle-negatives/Normal/Normal-3068.png,results/segments/Normal/Normal-3068.nrrd
/head/NFS/mkuyokwa/lungcxr/kaggle-negatives/Normal/Normal-3069.png,results/segments/Normal/Normal-3069.nrrd
/head/NFS/mkuyokwa/lungcxr/kaggle-negatives/Normal/Normal-307.png,results/segments/Normal/Normal-307.nrrd
/head/NFS/mkuyokwa/lungcxr/kaggle-negatives/Normal/Normal-3070.png,results/segments/Normal/Normal-3070.nrrd
/head/NFS/mkuyokwa/lungcxr/kaggle-negatives/Normal/Normal-3071.png,results/segments/Normal/Normal-3071.nrrd
/head/NFS/mkuyokwa/lungcxr/kaggle-negatives/Normal/Normal-3072.png,results/segments/Normal/Normal-3072.nrrd
/head/NFS/mkuyokwa/lungcxr/kaggle-negatives/Normal/Normal-3073.png,results/segments/Normal/Normal-3073.nrrd
/head/NFS/mkuyokwa/lungcxr/kaggle-negatives/Normal/Normal-3074.png,results/segments/Normal/Normal-3074.nrrd
/head/NFS/mkuyokwa/lungcxr/kaggle-negatives/Normal/Normal-3075.png,results/segments/Normal/Normal-3075.nrrd
/head/NFS/mkuyokwa/lungcxr/kaggle-negatives/Normal/Normal-3076.png,results/segments/Normal/Normal-3076.nrrd
/head/NFS/mkuyokwa/lungcxr/kaggle-negatives/Normal/Normal-3077.png,results/segments/Normal/Normal-3077.nrrd
/head/NFS/mkuyokwa/lungcxr/kaggle-negatives/Normal/Normal-3078.png,results/segments/Normal/Normal-3078.nrrd
/head/NFS/mkuyokwa/lungcxr/kaggle-negatives/Normal/Normal-3079.png,results/segments/Normal/Normal-3079.nrrd
/head/NFS/mkuyokwa/lungcxr/kaggle-negatives/Normal/Normal-308.png,results/segments/Normal/Normal-308.nrrd
/head/NFS/mkuyokwa/lungcxr/kaggle-negatives/Normal/Normal-3080.png,results/segments/Normal/Normal-3080.nrrd
/head/NFS/mkuyokwa/lungcxr/kaggle-negatives/Normal/Normal-3081.png,results/segments/Normal/Normal-3081.nrrd
/head/NFS/mkuyokwa/lungcxr/kaggle-negatives/Normal/Normal-3082.png,results/segments/Normal/Normal-3082.nrrd
/head/NFS/mkuyokwa/lungcxr/kaggle-negatives/Normal/Normal-3083.png,results/segments/Normal/Normal-3083.nrrd
/head/NFS/mkuyokwa/lungcxr/kaggle-negatives/Normal/Normal-3084.png,results/segments/Normal/Normal-3084.nrrd
/head/NFS/mkuyokwa/lungcxr/kaggle-negatives/Normal/Normal-3085.png,results/segments/Normal/Normal-3085.nrrd
/head/NFS/mkuyokwa/lungcxr/kaggle-negatives/Normal/Normal-3086.png,results/segments/Normal/Normal-3086.nrrd
/head/NFS/mkuyokwa/lungcxr/kaggle-negatives/Normal/Normal-3087.png,results/segments/Normal/Normal-3087.nrrd
/head/NFS/mkuyokwa/lungcxr/kaggle-negatives/Normal/Normal-3088.png,results/segments/Normal/Normal-3088.nrrd
/head/NFS/mkuyokwa/lungcxr/kaggle-negatives/Normal/Normal-3089.png,results/segments/Normal/Normal-3089.nrrd
/head/NFS/mkuyokwa/lungcxr/kaggle-negatives/Normal/Normal-309.png,results/segments/Normal/Normal-309.nrrd
/head/NFS/mkuyokwa/lungcxr/kaggle-negatives/Normal/Normal-3090.png,results/segments/Normal/Normal-3090.nrrd
/head/NFS/mkuyokwa/lungcxr/kaggle-negatives/Normal/Normal-3091.png,results/segments/Normal/Normal-3091.nrrd
/head/NFS/mkuyokwa/lungcxr/kaggle-negatives/Normal/Normal-3092.png,results/segments/Normal/Normal-3092.nrrd
/head/NFS/mkuyokwa/lungcxr/kaggle-negatives/Normal/Normal-3093.png,results/segments/Normal/Normal-3093.nrrd
/head/NFS/mkuyokwa/lungcxr/kaggle-negatives/Normal/Normal-3094.png,results/segments/Normal/Normal-3094.nrrd
/head/NFS/mkuyokwa/lungcxr/kaggle-negatives/Normal/Normal-3095.png,results/segments/Normal/Normal-3095.nrrd
/head/NFS/mkuyokwa/lungcxr/kaggle-negatives/Normal/Normal-3096.png,results/segments/Normal/Normal-3096.nrrd
/head/NFS/mkuyokwa/lungcxr/kaggle-negatives/Normal/Normal-3097.png,results/segments/Normal/Normal-3097.nrrd
/head/NFS/mkuyokwa/lungcxr/kaggle-negatives/Normal/Normal-3098.png,results/segments/Normal/Normal-3098.nrrd
/head/NFS/mkuyokwa/lungcxr/kaggle-negatives/Normal/Normal-3099.png,results/segments/Normal/Normal-3099.nrrd
/head/NFS/mkuyokwa/lungcxr/kaggle-negatives/Normal/Normal-31.png,results/segments/Normal/Normal-31.nrrd
/head/NFS/mkuyokwa/lungcxr/kaggle-negatives/Normal/Normal-310.png,results/segments/Normal/Normal-310.nrrd
/head/NFS/mkuyokwa/lungcxr/kaggle-negatives/Normal/Normal-3100.png,results/segments/Normal/Normal-3100.nrrd
/head/NFS/mkuyokwa/lungcxr/kaggle-negatives/Normal/Normal-3101.png,results/segments/Normal/Normal-3101.nrrd
/head/NFS/mkuyokwa/lungcxr/kaggle-negatives/Normal/Normal-3102.png,results/segments/Normal/Normal-3102.nrrd
/head/NFS/mkuyokwa/lungcxr/kaggle-negatives/Normal/Normal-3103.png,results/segments/Normal/Normal-3103.nrrd
/head/NFS/mkuyokwa/lungcxr/kaggle-negatives/Normal/Normal-3104.png,results/segments/Normal/Normal-3104.nrrd
/head/NFS/mkuyokwa/lungcxr/kaggle-negatives/Normal/Normal-3105.png,results/segments/Normal/Normal-3105.nrrd
/head/NFS/mkuyokwa/lungcxr/kaggle-negatives/Normal/Normal-3106.png,results/segments/Normal/Normal-3106.nrrd
/head/NFS/mkuyokwa/lungcxr/kaggle-negatives/Normal/Normal-3107.png,results/segments/Normal/Normal-3107.nrrd
/head/NFS/mkuyokwa/lungcxr/kaggle-negatives/Normal/Normal-3108.png,results/segments/Normal/Normal-3108.nrrd
/head/NFS/mkuyokwa/lungcxr/kaggle-negatives/Normal/Normal-3109.png,results/segments/Normal/Normal-3109.nrrd
/head/NFS/mkuyokwa/lungcxr/kaggle-negatives/Normal/Normal-311.png,results/segments/Normal/Normal-311.nrrd
/head/NFS/mkuyokwa/lungcxr/kaggle-negatives/Normal/Normal-3110.png,results/segments/Normal/Normal-3110.nrrd
/head/NFS/mkuyokwa/lungcxr/kaggle-negatives/Normal/Normal-3111.png,results/segments/Normal/Normal-3111.nrrd
/head/NFS/mkuyokwa/lungcxr/kaggle-negatives/Normal/Normal-3112.png,results/segments/Normal/Normal-3112.nrrd
/head/NFS/mkuyokwa/lungcxr/kaggle-negatives/Normal/Normal-3113.png,results/segments/Normal/Normal-3113.nrrd
/head/NFS/mkuyokwa/lungcxr/kaggle-negatives/Normal/Normal-3114.png,results/segments/Normal/Normal-3114.nrrd
/head/NFS/mkuyokwa/lungcxr/kaggle-negatives/Normal/Normal-3115.png,results/segments/Normal/Normal-3115.nrrd
/head/NFS/mkuyokwa/lungcxr/kaggle-negatives/Normal/Normal-3116.png,results/segments/Normal/Normal-3116.nrrd
/head/NFS/mkuyokwa/lungcxr/kaggle-negatives/Normal/Normal-3117.png,results/segments/Normal/Normal-3117.nrrd
/head/NFS/mkuyokwa/lungcxr/kaggle-negatives/Normal/Normal-3118.png,results/segments/Normal/Normal-3118.nrrd
/head/NFS/mkuyokwa/lungcxr/kaggle-negatives/Normal/Normal-3119.png,results/segments/Normal/Normal-3119.nrrd
/head/NFS/mkuyokwa/lungcxr/kaggle-negatives/Normal/Normal-312.png,results/segments/Normal/Normal-312.nrrd
/head/NFS/mkuyokwa/lungcxr/kaggle-negatives/Normal/Normal-3120.png,results/segments/Normal/Normal-3120.nrrd
/head/NFS/mkuyokwa/lungcxr/kaggle-negatives/Normal/Normal-3121.png,results/segments/Normal/Normal-3121.nrrd
/head/NFS/mkuyokwa/lungcxr/kaggle-negatives/Normal/Normal-3122.png,results/segments/Normal/Normal-3122.nrrd
/head/NFS/mkuyokwa/lungcxr/kaggle-negatives/Normal/Normal-3123.png,results/segments/Normal/Normal-3123.nrrd
/head/NFS/mkuyokwa/lungcxr/kaggle-negatives/Normal/Normal-3124.png,results/segments/Normal/Normal-3124.nrrd
/head/NFS/mkuyokwa/lungcxr/kaggle-negatives/Normal/Normal-3125.png,results/segments/Normal/Normal-3125.nrrd
/head/NFS/mkuyokwa/lungcxr/kaggle-negatives/Normal/Normal-3126.png,results/segments/Normal/Normal-3126.nrrd
/head/NFS/mkuyokwa/lungcxr/kaggle-negatives/Normal/Normal-3127.png,results/segments/Normal/Normal-3127.nrrd
/head/NFS/mkuyokwa/lungcxr/kaggle-negatives/Normal/Normal-3128.png,results/segments/Normal/Normal-3128.nrrd
/head/NFS/mkuyokwa/lungcxr/kaggle-negatives/Normal/Normal-3129.png,results/segments/Normal/Normal-3129.nrrd
/head/NFS/mkuyokwa/lungcxr/kaggle-negatives/Normal/Normal-313.png,results/segments/Normal/Normal-313.nrrd
/head/NFS/mkuyokwa/lungcxr/kaggle-negatives/Normal/Normal-3130.png,results/segments/Normal/Normal-3130.nrrd
/head/NFS/mkuyokwa/lungcxr/kaggle-negatives/Normal/Normal-3131.png,results/segments/Normal/Normal-3131.nrrd
/head/NFS/mkuyokwa/lungcxr/kaggle-negatives/Normal/Normal-3132.png,results/segments/Normal/Normal-3132.nrrd
/head/NFS/mkuyokwa/lungcxr/kaggle-negatives/Normal/Normal-3133.png,results/segments/Normal/Normal-3133.nrrd
/head/NFS/mkuyokwa/lungcxr/kaggle-negatives/Normal/Normal-3134.png,results/segments/Normal/Normal-3134.nrrd
/head/NFS/mkuyokwa/lungcxr/kaggle-negatives/Normal/Normal-3135.png,results/segments/Normal/Normal-3135.nrrd
/head/NFS/mkuyokwa/lungcxr/kaggle-negatives/Normal/Normal-3136.png,results/segments/Normal/Normal-3136.nrrd
/head/NFS/mkuyokwa/lungcxr/kaggle-negatives/Normal/Normal-3137.png,results/segments/Normal/Normal-3137.nrrd
/head/NFS/mkuyokwa/lungcxr/kaggle-negatives/Normal/Normal-3138.png,results/segments/Normal/Normal-3138.nrrd
/head/NFS/mkuyokwa/lungcxr/kaggle-negatives/Normal/Normal-3139.png,results/segments/Normal/Normal-3139.nrrd
/head/NFS/mkuyokwa/lungcxr/kaggle-negatives/Normal/Normal-314.png,results/segments/Normal/Normal-314.nrrd
/head/NFS/mkuyokwa/lungcxr/kaggle-negatives/Normal/Normal-3140.png,results/segments/Normal/Normal-3140.nrrd
/head/NFS/mkuyokwa/lungcxr/kaggle-negatives/Normal/Normal-3141.png,results/segments/Normal/Normal-3141.nrrd
/head/NFS/mkuyokwa/lungcxr/kaggle-negatives/Normal/Normal-3142.png,results/segments/Normal/Normal-3142.nrrd
/head/NFS/mkuyokwa/lungcxr/kaggle-negatives/Normal/Normal-3143.png,results/segments/Normal/Normal-3143.nrrd
/head/NFS/mkuyokwa/lungcxr/kaggle-negatives/Normal/Normal-3144.png,results/segments/Normal/Normal-3144.nrrd
/head/NFS/mkuyokwa/lungcxr/kaggle-negatives/Normal/Normal-3145.png,results/segments/Normal/Normal-3145.nrrd
/head/NFS/mkuyokwa/lungcxr/kaggle-negatives/Normal/Normal-3146.png,results/segments/Normal/Normal-3146.nrrd
/head/NFS/mkuyokwa/lungcxr/kaggle-negatives/Normal/Normal-3147.png,results/segments/Normal/Normal-3147.nrrd
/head/NFS/mkuyokwa/lungcxr/kaggle-negatives/Normal/Normal-3148.png,results/segments/Normal/Normal-3148.nrrd
/head/NFS/mkuyokwa/lungcxr/kaggle-negatives/Normal/Normal-3149.png,results/segments/Normal/Normal-3149.nrrd
/head/NFS/mkuyokwa/lungcxr/kaggle-negatives/Normal/Normal-315.png,results/segments/Normal/Normal-315.nrrd
/head/NFS/mkuyokwa/lungcxr/kaggle-negatives/Normal/Normal-3150.png,results/segments/Normal/Normal-3150.nrrd
/head/NFS/mkuyokwa/lungcxr/kaggle-negatives/Normal/Normal-3151.png,results/segments/Normal/Normal-3151.nrrd
/head/NFS/mkuyokwa/lungcxr/kaggle-negatives/Normal/Normal-3152.png,results/segments/Normal/Normal-3152.nrrd
/head/NFS/mkuyokwa/lungcxr/kaggle-negatives/Normal/Normal-3153.png,results/segments/Normal/Normal-3153.nrrd
/head/NFS/mkuyokwa/lungcxr/kaggle-negatives/Normal/Normal-3154.png,results/segments/Normal/Normal-3154.nrrd
/head/NFS/mkuyokwa/lungcxr/kaggle-negatives/Normal/Normal-3155.png,results/segments/Normal/Normal-3155.nrrd
/head/NFS/mkuyokwa/lungcxr/kaggle-negatives/Normal/Normal-3156.png,results/segments/Normal/Normal-3156.nrrd
/head/NFS/mkuyokwa/lungcxr/kaggle-negatives/Normal/Normal-3157.png,results/segments/Normal/Normal-3157.nrrd
/head/NFS/mkuyokwa/lungcxr/kaggle-negatives/Normal/Normal-3158.png,results/segments/Normal/Normal-3158.nrrd
/head/NFS/mkuyokwa/lungcxr/kaggle-negatives/Normal/Normal-3159.png,results/segments/Normal/Normal-3159.nrrd
/head/NFS/mkuyokwa/lungcxr/kaggle-negatives/Normal/Normal-316.png,results/segments/Normal/Normal-316.nrrd
/head/NFS/mkuyokwa/lungcxr/kaggle-negatives/Normal/Normal-3160.png,results/segments/Normal/Normal-3160.nrrd
/head/NFS/mkuyokwa/lungcxr/kaggle-negatives/Normal/Normal-3161.png,results/segments/Normal/Normal-3161.nrrd
/head/NFS/mkuyokwa/lungcxr/kaggle-negatives/Normal/Normal-3162.png,results/segments/Normal/Normal-3162.nrrd
/head/NFS/mkuyokwa/lungcxr/kaggle-negatives/Normal/Normal-3163.png,results/segments/Normal/Normal-3163.nrrd
/head/NFS/mkuyokwa/lungcxr/kaggle-negatives/Normal/Normal-3164.png,results/segments/Normal/Normal-3164.nrrd
/head/NFS/mkuyokwa/lungcxr/kaggle-negatives/Normal/Normal-3165.png,results/segments/Normal/Normal-3165.nrrd
/head/NFS/mkuyokwa/lungcxr/kaggle-negatives/Normal/Normal-3166.png,results/segments/Normal/Normal-3166.nrrd
/head/NFS/mkuyokwa/lungcxr/kaggle-negatives/Normal/Normal-3167.png,results/segments/Normal/Normal-3167.nrrd
/head/NFS/mkuyokwa/lungcxr/kaggle-negatives/Normal/Normal-3168.png,results/segments/Normal/Normal-3168.nrrd
/head/NFS/mkuyokwa/lungcxr/kaggle-negatives/Normal/Normal-3169.png,results/segments/Normal/Normal-3169.nrrd
/head/NFS/mkuyokwa/lungcxr/kaggle-negatives/Normal/Normal-317.png,results/segments/Normal/Normal-317.nrrd
/head/NFS/mkuyokwa/lungcxr/kaggle-negatives/Normal/Normal-3170.png,results/segments/Normal/Normal-3170.nrrd
/head/NFS/mkuyokwa/lungcxr/kaggle-negatives/Normal/Normal-3171.png,results/segments/Normal/Normal-3171.nrrd
/head/NFS/mkuyokwa/lungcxr/kaggle-negatives/Normal/Normal-3172.png,results/segments/Normal/Normal-3172.nrrd
/head/NFS/mkuyokwa/lungcxr/kaggle-negatives/Normal/Normal-3173.png,results/segments/Normal/Normal-3173.nrrd
/head/NFS/mkuyokwa/lungcxr/kaggle-negatives/Normal/Normal-3174.png,results/segments/Normal/Normal-3174.nrrd
/head/NFS/mkuyokwa/lungcxr/kaggle-negatives/Normal/Normal-3175.png,results/segments/Normal/Normal-3175.nrrd
/head/NFS/mkuyokwa/lungcxr/kaggle-negatives/Normal/Normal-3176.png,results/segments/Normal/Normal-3176.nrrd
/head/NFS/mkuyokwa/lungcxr/kaggle-negatives/Normal/Normal-3177.png,results/segments/Normal/Normal-3177.nrrd
/head/NFS/mkuyokwa/lungcxr/kaggle-negatives/Normal/Normal-3178.png,results/segments/Normal/Normal-3178.nrrd
/head/NFS/mkuyokwa/lungcxr/kaggle-negatives/Normal/Normal-3179.png,results/segments/Normal/Normal-3179.nrrd
/head/NFS/mkuyokwa/lungcxr/kaggle-negatives/Normal/Normal-318.png,results/segments/Normal/Normal-318.nrrd
/head/NFS/mkuyokwa/lungcxr/kaggle-negatives/Normal/Normal-3180.png,results/segments/Normal/Normal-3180.nrrd
/head/NFS/mkuyokwa/lungcxr/kaggle-negatives/Normal/Normal-3181.png,results/segments/Normal/Normal-3181.nrrd
/head/NFS/mkuyokwa/lungcxr/kaggle-negatives/Normal/Normal-3182.png,results/segments/Normal/Normal-3182.nrrd
/head/NFS/mkuyokwa/lungcxr/kaggle-negatives/Normal/Normal-3183.png,results/segments/Normal/Normal-3183.nrrd
/head/NFS/mkuyokwa/lungcxr/kaggle-negatives/Normal/Normal-3184.png,results/segments/Normal/Normal-3184.nrrd
/head/NFS/mkuyokwa/lungcxr/kaggle-negatives/Normal/Normal-3185.png,results/segments/Normal/Normal-3185.nrrd
/head/NFS/mkuyokwa/lungcxr/kaggle-negatives/Normal/Normal-3186.png,results/segments/Normal/Normal-3186.nrrd
/head/NFS/mkuyokwa/lungcxr/kaggle-negatives/Normal/Normal-3187.png,results/segments/Normal/Normal-3187.nrrd
/head/NFS/mkuyokwa/lungcxr/kaggle-negatives/Normal/Normal-3188.png,results/segments/Normal/Normal-3188.nrrd
/head/NFS/mkuyokwa/lungcxr/kaggle-negatives/Normal/Normal-3189.png,results/segments/Normal/Normal-3189.nrrd
/head/NFS/mkuyokwa/lungcxr/kaggle-negatives/Normal/Normal-319.png,results/segments/Normal/Normal-319.nrrd
/head/NFS/mkuyokwa/lungcxr/kaggle-negatives/Normal/Normal-3190.png,results/segments/Normal/Normal-3190.nrrd
/head/NFS/mkuyokwa/lungcxr/kaggle-negatives/Normal/Normal-3191.png,results/segments/Normal/Normal-3191.nrrd
/head/NFS/mkuyokwa/lungcxr/kaggle-negatives/Normal/Normal-3192.png,results/segments/Normal/Normal-3192.nrrd
/head/NFS/mkuyokwa/lungcxr/kaggle-negatives/Normal/Normal-3193.png,results/segments/Normal/Normal-3193.nrrd
/head/NFS/mkuyokwa/lungcxr/kaggle-negatives/Normal/Normal-3194.png,results/segments/Normal/Normal-3194.nrrd
/head/NFS/mkuyokwa/lungcxr/kaggle-negatives/Normal/Normal-3195.png,results/segments/Normal/Normal-3195.nrrd
/head/NFS/mkuyokwa/lungcxr/kaggle-negatives/Normal/Normal-3196.png,results/segments/Normal/Normal-3196.nrrd
/head/NFS/mkuyokwa/lungcxr/kaggle-negatives/Normal/Normal-3197.png,results/segments/Normal/Normal-3197.nrrd
/head/NFS/mkuyokwa/lungcxr/kaggle-negatives/Normal/Normal-3198.png,results/segments/Normal/Normal-3198.nrrd
/head/NFS/mkuyokwa/lungcxr/kaggle-negatives/Normal/Normal-3199.png,results/segments/Normal/Normal-3199.nrrd
/head/NFS/mkuyokwa/lungcxr/kaggle-negatives/Normal/Normal-32.png,results/segments/Normal/Normal-32.nrrd
/head/NFS/mkuyokwa/lungcxr/kaggle-negatives/Normal/Normal-320.png,results/segments/Normal/Normal-320.nrrd
/head/NFS/mkuyokwa/lungcxr/kaggle-negatives/Normal/Normal-3200.png,results/segments/Normal/Normal-3200.nrrd
/head/NFS/mkuyokwa/lungcxr/kaggle-negatives/Normal/Normal-3201.png,results/segments/Normal/Normal-3201.nrrd
/head/NFS/mkuyokwa/lungcxr/kaggle-negatives/Normal/Normal-3202.png,results/segments/Normal/Normal-3202.nrrd
/head/NFS/mkuyokwa/lungcxr/kaggle-negatives/Normal/Normal-3203.png,results/segments/Normal/Normal-3203.nrrd
/head/NFS/mkuyokwa/lungcxr/kaggle-negatives/Normal/Normal-3204.png,results/segments/Normal/Normal-3204.nrrd
/head/NFS/mkuyokwa/lungcxr/kaggle-negatives/Normal/Normal-3205.png,results/segments/Normal/Normal-3205.nrrd
/head/NFS/mkuyokwa/lungcxr/kaggle-negatives/Normal/Normal-3206.png,results/segments/Normal/Normal-3206.nrrd
/head/NFS/mkuyokwa/lungcxr/kaggle-negatives/Normal/Normal-3207.png,results/segments/Normal/Normal-3207.nrrd
/head/NFS/mkuyokwa/lungcxr/kaggle-negatives/Normal/Normal-3208.png,results/segments/Normal/Normal-3208.nrrd
/head/NFS/mkuyokwa/lungcxr/kaggle-negatives/Normal/Normal-3209.png,results/segments/Normal/Normal-3209.nrrd
/head/NFS/mkuyokwa/lungcxr/kaggle-negatives/Normal/Normal-321.png,results/segments/Normal/Normal-321.nrrd
/head/NFS/mkuyokwa/lungcxr/kaggle-negatives/Normal/Normal-3210.png,results/segments/Normal/Normal-3210.nrrd
/head/NFS/mkuyokwa/lungcxr/kaggle-negatives/Normal/Normal-3211.png,results/segments/Normal/Normal-3211.nrrd
/head/NFS/mkuyokwa/lungcxr/kaggle-negatives/Normal/Normal-3212.png,results/segments/Normal/Normal-3212.nrrd
/head/NFS/mkuyokwa/lungcxr/kaggle-negatives/Normal/Normal-3213.png,results/segments/Normal/Normal-3213.nrrd
/head/NFS/mkuyokwa/lungcxr/kaggle-negatives/Normal/Normal-3214.png,results/segments/Normal/Normal-3214.nrrd
/head/NFS/mkuyokwa/lungcxr/kaggle-negatives/Normal/Normal-3215.png,results/segments/Normal/Normal-3215.nrrd
/head/NFS/mkuyokwa/lungcxr/kaggle-negatives/Normal/Normal-3216.png,results/segments/Normal/Normal-3216.nrrd
/head/NFS/mkuyokwa/lungcxr/kaggle-negatives/Normal/Normal-3217.png,results/segments/Normal/Normal-3217.nrrd
/head/NFS/mkuyokwa/lungcxr/kaggle-negatives/Normal/Normal-3218.png,results/segments/Normal/Normal-3218.nrrd
/head/NFS/mkuyokwa/lungcxr/kaggle-negatives/Normal/Normal-3219.png,results/segments/Normal/Normal-3219.nrrd
/head/NFS/mkuyokwa/lungcxr/kaggle-negatives/Normal/Normal-322.png,results/segments/Normal/Normal-322.nrrd
/head/NFS/mkuyokwa/lungcxr/kaggle-negatives/Normal/Normal-3220.png,results/segments/Normal/Normal-3220.nrrd
/head/NFS/mkuyokwa/lungcxr/kaggle-negatives/Normal/Normal-3221.png,results/segments/Normal/Normal-3221.nrrd
/head/NFS/mkuyokwa/lungcxr/kaggle-negatives/Normal/Normal-3222.png,results/segments/Normal/Normal-3222.nrrd
/head/NFS/mkuyokwa/lungcxr/kaggle-negatives/Normal/Normal-3223.png,results/segments/Normal/Normal-3223.nrrd
/head/NFS/mkuyokwa/lungcxr/kaggle-negatives/Normal/Normal-3224.png,results/segments/Normal/Normal-3224.nrrd
/head/NFS/mkuyokwa/lungcxr/kaggle-negatives/Normal/Normal-3225.png,results/segments/Normal/Normal-3225.nrrd
/head/NFS/mkuyokwa/lungcxr/kaggle-negatives/Normal/Normal-3226.png,results/segments/Normal/Normal-3226.nrrd
/head/NFS/mkuyokwa/lungcxr/kaggle-negatives/Normal/Normal-3227.png,results/segments/Normal/Normal-3227.nrrd
/head/NFS/mkuyokwa/lungcxr/kaggle-negatives/Normal/Normal-3228.png,results/segments/Normal/Normal-3228.nrrd
/head/NFS/mkuyokwa/lungcxr/kaggle-negatives/Normal/Normal-3229.png,results/segments/Normal/Normal-3229.nrrd
/head/NFS/mkuyokwa/lungcxr/kaggle-negatives/Normal/Normal-323.png,results/segments/Normal/Normal-323.nrrd
/head/NFS/mkuyokwa/lungcxr/kaggle-negatives/Normal/Normal-3230.png,results/segments/Normal/Normal-3230.nrrd
/head/NFS/mkuyokwa/lungcxr/kaggle-negatives/Normal/Normal-3231.png,results/segments/Normal/Normal-3231.nrrd
/head/NFS/mkuyokwa/lungcxr/kaggle-negatives/Normal/Normal-3232.png,results/segments/Normal/Normal-3232.nrrd
/head/NFS/mkuyokwa/lungcxr/kaggle-negatives/Normal/Normal-3233.png,results/segments/Normal/Normal-3233.nrrd
/head/NFS/mkuyokwa/lungcxr/kaggle-negatives/Normal/Normal-3234.png,results/segments/Normal/Normal-3234.nrrd
/head/NFS/mkuyokwa/lungcxr/kaggle-negatives/Normal/Normal-3235.png,results/segments/Normal/Normal-3235.nrrd
/head/NFS/mkuyokwa/lungcxr/kaggle-negatives/Normal/Normal-3236.png,results/segments/Normal/Normal-3236.nrrd
/head/NFS/mkuyokwa/lungcxr/kaggle-negatives/Normal/Normal-3237.png,results/segments/Normal/Normal-3237.nrrd
/head/NFS/mkuyokwa/lungcxr/kaggle-negatives/Normal/Normal-3238.png,results/segments/Normal/Normal-3238.nrrd
/head/NFS/mkuyokwa/lungcxr/kaggle-negatives/Normal/Normal-3239.png,results/segments/Normal/Normal-3239.nrrd
/head/NFS/mkuyokwa/lungcxr/kaggle-negatives/Normal/Normal-324.png,results/segments/Normal/Normal-324.nrrd
/head/NFS/mkuyokwa/lungcxr/kaggle-negatives/Normal/Normal-3240.png,results/segments/Normal/Normal-3240.nrrd
/head/NFS/mkuyokwa/lungcxr/kaggle-negatives/Normal/Normal-3241.png,results/segments/Normal/Normal-3241.nrrd
/head/NFS/mkuyokwa/lungcxr/kaggle-negatives/Normal/Normal-3242.png,results/segments/Normal/Normal-3242.nrrd
/head/NFS/mkuyokwa/lungcxr/kaggle-negatives/Normal/Normal-3243.png,results/segments/Normal/Normal-3243.nrrd
/head/NFS/mkuyokwa/lungcxr/kaggle-negatives/Normal/Normal-3244.png,results/segments/Normal/Normal-3244.nrrd
/head/NFS/mkuyokwa/lungcxr/kaggle-negatives/Normal/Normal-3245.png,results/segments/Normal/Normal-3245.nrrd
/head/NFS/mkuyokwa/lungcxr/kaggle-negatives/Normal/Normal-3246.png,results/segments/Normal/Normal-3246.nrrd
/head/NFS/mkuyokwa/lungcxr/kaggle-negatives/Normal/Normal-3247.png,results/segments/Normal/Normal-3247.nrrd
/head/NFS/mkuyokwa/lungcxr/kaggle-negatives/Normal/Normal-3248.png,results/segments/Normal/Normal-3248.nrrd
/head/NFS/mkuyokwa/lungcxr/kaggle-negatives/Normal/Normal-3249.png,results/segments/Normal/Normal-3249.nrrd
/head/NFS/mkuyokwa/lungcxr/kaggle-negatives/Normal/Normal-325.png,results/segments/Normal/Normal-325.nrrd
/head/NFS/mkuyokwa/lungcxr/kaggle-negatives/Normal/Normal-3250.png,results/segments/Normal/Normal-3250.nrrd
/head/NFS/mkuyokwa/lungcxr/kaggle-negatives/Normal/Normal-3251.png,results/segments/Normal/Normal-3251.nrrd
/head/NFS/mkuyokwa/lungcxr/kaggle-negatives/Normal/Normal-3252.png,results/segments/Normal/Normal-3252.nrrd
/head/NFS/mkuyokwa/lungcxr/kaggle-negatives/Normal/Normal-3253.png,results/segments/Normal/Normal-3253.nrrd
/head/NFS/mkuyokwa/lungcxr/kaggle-negatives/Normal/Normal-3254.png,results/segments/Normal/Normal-3254.nrrd
/head/NFS/mkuyokwa/lungcxr/kaggle-negatives/Normal/Normal-3255.png,results/segments/Normal/Normal-3255.nrrd
/head/NFS/mkuyokwa/lungcxr/kaggle-negatives/Normal/Normal-3256.png,results/segments/Normal/Normal-3256.nrrd
/head/NFS/mkuyokwa/lungcxr/kaggle-negatives/Normal/Normal-3257.png,results/segments/Normal/Normal-3257.nrrd
/head/NFS/mkuyokwa/lungcxr/kaggle-negatives/Normal/Normal-3258.png,results/segments/Normal/Normal-3258.nrrd
/head/NFS/mkuyokwa/lungcxr/kaggle-negatives/Normal/Normal-3259.png,results/segments/Normal/Normal-3259.nrrd
/head/NFS/mkuyokwa/lungcxr/kaggle-negatives/Normal/Normal-326.png,results/segments/Normal/Normal-326.nrrd
/head/NFS/mkuyokwa/lungcxr/kaggle-negatives/Normal/Normal-3260.png,results/segments/Normal/Normal-3260.nrrd
/head/NFS/mkuyokwa/lungcxr/kaggle-negatives/Normal/Normal-3261.png,results/segments/Normal/Normal-3261.nrrd
/head/NFS/mkuyokwa/lungcxr/kaggle-negatives/Normal/Normal-3262.png,results/segments/Normal/Normal-3262.nrrd
/head/NFS/mkuyokwa/lungcxr/kaggle-negatives/Normal/Normal-3263.png,results/segments/Normal/Normal-3263.nrrd
/head/NFS/mkuyokwa/lungcxr/kaggle-negatives/Normal/Normal-3264.png,results/segments/Normal/Normal-3264.nrrd
/head/NFS/mkuyokwa/lungcxr/kaggle-negatives/Normal/Normal-3265.png,results/segments/Normal/Normal-3265.nrrd
/head/NFS/mkuyokwa/lungcxr/kaggle-negatives/Normal/Normal-3266.png,results/segments/Normal/Normal-3266.nrrd
/head/NFS/mkuyokwa/lungcxr/kaggle-negatives/Normal/Normal-3267.png,results/segments/Normal/Normal-3267.nrrd
/head/NFS/mkuyokwa/lungcxr/kaggle-negatives/Normal/Normal-3268.png,results/segments/Normal/Normal-3268.nrrd
/head/NFS/mkuyokwa/lungcxr/kaggle-negatives/Normal/Normal-3269.png,results/segments/Normal/Normal-3269.nrrd
/head/NFS/mkuyokwa/lungcxr/kaggle-negatives/Normal/Normal-327.png,results/segments/Normal/Normal-327.nrrd
/head/NFS/mkuyokwa/lungcxr/kaggle-negatives/Normal/Normal-3270.png,results/segments/Normal/Normal-3270.nrrd
/head/NFS/mkuyokwa/lungcxr/kaggle-negatives/Normal/Normal-3271.png,results/segments/Normal/Normal-3271.nrrd
/head/NFS/mkuyokwa/lungcxr/kaggle-negatives/Normal/Normal-3272.png,results/segments/Normal/Normal-3272.nrrd
/head/NFS/mkuyokwa/lungcxr/kaggle-negatives/Normal/Normal-3273.png,results/segments/Normal/Normal-3273.nrrd
/head/NFS/mkuyokwa/lungcxr/kaggle-negatives/Normal/Normal-3274.png,results/segments/Normal/Normal-3274.nrrd
/head/NFS/mkuyokwa/lungcxr/kaggle-negatives/Normal/Normal-3275.png,results/segments/Normal/Normal-3275.nrrd
/head/NFS/mkuyokwa/lungcxr/kaggle-negatives/Normal/Normal-3276.png,results/segments/Normal/Normal-3276.nrrd
/head/NFS/mkuyokwa/lungcxr/kaggle-negatives/Normal/Normal-3277.png,results/segments/Normal/Normal-3277.nrrd
/head/NFS/mkuyokwa/lungcxr/kaggle-negatives/Normal/Normal-3278.png,results/segments/Normal/Normal-3278.nrrd
/head/NFS/mkuyokwa/lungcxr/kaggle-negatives/Normal/Normal-3279.png,results/segments/Normal/Normal-3279.nrrd
/head/NFS/mkuyokwa/lungcxr/kaggle-negatives/Normal/Normal-328.png,results/segments/Normal/Normal-328.nrrd
/head/NFS/mkuyokwa/lungcxr/kaggle-negatives/Normal/Normal-3280.png,results/segments/Normal/Normal-3280.nrrd
/head/NFS/mkuyokwa/lungcxr/kaggle-negatives/Normal/Normal-3281.png,results/segments/Normal/Normal-3281.nrrd
/head/NFS/mkuyokwa/lungcxr/kaggle-negatives/Normal/Normal-3282.png,results/segments/Normal/Normal-3282.nrrd
/head/NFS/mkuyokwa/lungcxr/kaggle-negatives/Normal/Normal-3283.png,results/segments/Normal/Normal-3283.nrrd
/head/NFS/mkuyokwa/lungcxr/kaggle-negatives/Normal/Normal-3284.png,results/segments/Normal/Normal-3284.nrrd
/head/NFS/mkuyokwa/lungcxr/kaggle-negatives/Normal/Normal-3285.png,results/segments/Normal/Normal-3285.nrrd
/head/NFS/mkuyokwa/lungcxr/kaggle-negatives/Normal/Normal-3286.png,results/segments/Normal/Normal-3286.nrrd
/head/NFS/mkuyokwa/lungcxr/kaggle-negatives/Normal/Normal-3287.png,results/segments/Normal/Normal-3287.nrrd
/head/NFS/mkuyokwa/lungcxr/kaggle-negatives/Normal/Normal-3288.png,results/segments/Normal/Normal-3288.nrrd
/head/NFS/mkuyokwa/lungcxr/kaggle-negatives/Normal/Normal-3289.png,results/segments/Normal/Normal-3289.nrrd
/head/NFS/mkuyokwa/lungcxr/kaggle-negatives/Normal/Normal-329.png,results/segments/Normal/Normal-329.nrrd
/head/NFS/mkuyokwa/lungcxr/kaggle-negatives/Normal/Normal-3290.png,results/segments/Normal/Normal-3290.nrrd
/head/NFS/mkuyokwa/lungcxr/kaggle-negatives/Normal/Normal-3291.png,results/segments/Normal/Normal-3291.nrrd
/head/NFS/mkuyokwa/lungcxr/kaggle-negatives/Normal/Normal-3292.png,results/segments/Normal/Normal-3292.nrrd
/head/NFS/mkuyokwa/lungcxr/kaggle-negatives/Normal/Normal-3293.png,results/segments/Normal/Normal-3293.nrrd
/head/NFS/mkuyokwa/lungcxr/kaggle-negatives/Normal/Normal-3294.png,results/segments/Normal/Normal-3294.nrrd
/head/NFS/mkuyokwa/lungcxr/kaggle-negatives/Normal/Normal-3295.png,results/segments/Normal/Normal-3295.nrrd
/head/NFS/mkuyokwa/lungcxr/kaggle-negatives/Normal/Normal-3296.png,results/segments/Normal/Normal-3296.nrrd
/head/NFS/mkuyokwa/lungcxr/kaggle-negatives/Normal/Normal-3297.png,results/segments/Normal/Normal-3297.nrrd
/head/NFS/mkuyokwa/lungcxr/kaggle-negatives/Normal/Normal-3298.png,results/segments/Normal/Normal-3298.nrrd
/head/NFS/mkuyokwa/lungcxr/kaggle-negatives/Normal/Normal-3299.png,results/segments/Normal/Normal-3299.nrrd
/head/NFS/mkuyokwa/lungcxr/kaggle-negatives/Normal/Normal-33.png,results/segments/Normal/Normal-33.nrrd
/head/NFS/mkuyokwa/lungcxr/kaggle-negatives/Normal/Normal-330.png,results/segments/Normal/Normal-330.nrrd
/head/NFS/mkuyokwa/lungcxr/kaggle-negatives/Normal/Normal-3300.png,results/segments/Normal/Normal-3300.nrrd
/head/NFS/mkuyokwa/lungcxr/kaggle-negatives/Normal/Normal-3301.png,results/segments/Normal/Normal-3301.nrrd
/head/NFS/mkuyokwa/lungcxr/kaggle-negatives/Normal/Normal-3302.png,results/segments/Normal/Normal-3302.nrrd
/head/NFS/mkuyokwa/lungcxr/kaggle-negatives/Normal/Normal-3303.png,results/segments/Normal/Normal-3303.nrrd
/head/NFS/mkuyokwa/lungcxr/kaggle-negatives/Normal/Normal-3304.png,results/segments/Normal/Normal-3304.nrrd
/head/NFS/mkuyokwa/lungcxr/kaggle-negatives/Normal/Normal-3305.png,results/segments/Normal/Normal-3305.nrrd
/head/NFS/mkuyokwa/lungcxr/kaggle-negatives/Normal/Normal-3306.png,results/segments/Normal/Normal-3306.nrrd
/head/NFS/mkuyokwa/lungcxr/kaggle-negatives/Normal/Normal-3307.png,results/segments/Normal/Normal-3307.nrrd
/head/NFS/mkuyokwa/lungcxr/kaggle-negatives/Normal/Normal-3308.png,results/segments/Normal/Normal-3308.nrrd
/head/NFS/mkuyokwa/lungcxr/kaggle-negatives/Normal/Normal-3309.png,results/segments/Normal/Normal-3309.nrrd
/head/NFS/mkuyokwa/lungcxr/kaggle-negatives/Normal/Normal-331.png,results/segments/Normal/Normal-331.nrrd
/head/NFS/mkuyokwa/lungcxr/kaggle-negatives/Normal/Normal-3310.png,results/segments/Normal/Normal-3310.nrrd
/head/NFS/mkuyokwa/lungcxr/kaggle-negatives/Normal/Normal-3311.png,results/segments/Normal/Normal-3311.nrrd
/head/NFS/mkuyokwa/lungcxr/kaggle-negatives/Normal/Normal-3312.png,results/segments/Normal/Normal-3312.nrrd
/head/NFS/mkuyokwa/lungcxr/kaggle-negatives/Normal/Normal-3313.png,results/segments/Normal/Normal-3313.nrrd
/head/NFS/mkuyokwa/lungcxr/kaggle-negatives/Normal/Normal-3314.png,results/segments/Normal/Normal-3314.nrrd
/head/NFS/mkuyokwa/lungcxr/kaggle-negatives/Normal/Normal-3315.png,results/segments/Normal/Normal-3315.nrrd
/head/NFS/mkuyokwa/lungcxr/kaggle-negatives/Normal/Normal-3316.png,results/segments/Normal/Normal-3316.nrrd
/head/NFS/mkuyokwa/lungcxr/kaggle-negatives/Normal/Normal-3317.png,results/segments/Normal/Normal-3317.nrrd
/head/NFS/mkuyokwa/lungcxr/kaggle-negatives/Normal/Normal-3318.png,results/segments/Normal/Normal-3318.nrrd
/head/NFS/mkuyokwa/lungcxr/kaggle-negatives/Normal/Normal-3319.png,results/segments/Normal/Normal-3319.nrrd
/head/NFS/mkuyokwa/lungcxr/kaggle-negatives/Normal/Normal-332.png,results/segments/Normal/Normal-332.nrrd
/head/NFS/mkuyokwa/lungcxr/kaggle-negatives/Normal/Normal-3320.png,results/segments/Normal/Normal-3320.nrrd
/head/NFS/mkuyokwa/lungcxr/kaggle-negatives/Normal/Normal-3321.png,results/segments/Normal/Normal-3321.nrrd
/head/NFS/mkuyokwa/lungcxr/kaggle-negatives/Normal/Normal-3322.png,results/segments/Normal/Normal-3322.nrrd
/head/NFS/mkuyokwa/lungcxr/kaggle-negatives/Normal/Normal-3323.png,results/segments/Normal/Normal-3323.nrrd
/head/NFS/mkuyokwa/lungcxr/kaggle-negatives/Normal/Normal-3324.png,results/segments/Normal/Normal-3324.nrrd
/head/NFS/mkuyokwa/lungcxr/kaggle-negatives/Normal/Normal-3325.png,results/segments/Normal/Normal-3325.nrrd
/head/NFS/mkuyokwa/lungcxr/kaggle-negatives/Normal/Normal-3326.png,results/segments/Normal/Normal-3326.nrrd
/head/NFS/mkuyokwa/lungcxr/kaggle-negatives/Normal/Normal-3327.png,results/segments/Normal/Normal-3327.nrrd
/head/NFS/mkuyokwa/lungcxr/kaggle-negatives/Normal/Normal-3328.png,results/segments/Normal/Normal-3328.nrrd
/head/NFS/mkuyokwa/lungcxr/kaggle-negatives/Normal/Normal-3329.png,results/segments/Normal/Normal-3329.nrrd
/head/NFS/mkuyokwa/lungcxr/kaggle-negatives/Normal/Normal-333.png,results/segments/Normal/Normal-333.nrrd
/head/NFS/mkuyokwa/lungcxr/kaggle-negatives/Normal/Normal-3330.png,results/segments/Normal/Normal-3330.nrrd
/head/NFS/mkuyokwa/lungcxr/kaggle-negatives/Normal/Normal-3331.png,results/segments/Normal/Normal-3331.nrrd
/head/NFS/mkuyokwa/lungcxr/kaggle-negatives/Normal/Normal-3332.png,results/segments/Normal/Normal-3332.nrrd
/head/NFS/mkuyokwa/lungcxr/kaggle-negatives/Normal/Normal-3333.png,results/segments/Normal/Normal-3333.nrrd
/head/NFS/mkuyokwa/lungcxr/kaggle-negatives/Normal/Normal-3334.png,results/segments/Normal/Normal-3334.nrrd
/head/NFS/mkuyokwa/lungcxr/kaggle-negatives/Normal/Normal-3335.png,results/segments/Normal/Normal-3335.nrrd
/head/NFS/mkuyokwa/lungcxr/kaggle-negatives/Normal/Normal-3336.png,results/segments/Normal/Normal-3336.nrrd
/head/NFS/mkuyokwa/lungcxr/kaggle-negatives/Normal/Normal-3337.png,results/segments/Normal/Normal-3337.nrrd
/head/NFS/mkuyokwa/lungcxr/kaggle-negatives/Normal/Normal-3338.png,results/segments/Normal/Normal-3338.nrrd
/head/NFS/mkuyokwa/lungcxr/kaggle-negatives/Normal/Normal-3339.png,results/segments/Normal/Normal-3339.nrrd
/head/NFS/mkuyokwa/lungcxr/kaggle-negatives/Normal/Normal-334.png,results/segments/Normal/Normal-334.nrrd
/head/NFS/mkuyokwa/lungcxr/kaggle-negatives/Normal/Normal-3340.png,results/segments/Normal/Normal-3340.nrrd
/head/NFS/mkuyokwa/lungcxr/kaggle-negatives/Normal/Normal-3341.png,results/segments/Normal/Normal-3341.nrrd
/head/NFS/mkuyokwa/lungcxr/kaggle-negatives/Normal/Normal-3342.png,results/segments/Normal/Normal-3342.nrrd
/head/NFS/mkuyokwa/lungcxr/kaggle-negatives/Normal/Normal-3343.png,results/segments/Normal/Normal-3343.nrrd
/head/NFS/mkuyokwa/lungcxr/kaggle-negatives/Normal/Normal-3344.png,results/segments/Normal/Normal-3344.nrrd
/head/NFS/mkuyokwa/lungcxr/kaggle-negatives/Normal/Normal-3345.png,results/segments/Normal/Normal-3345.nrrd
/head/NFS/mkuyokwa/lungcxr/kaggle-negatives/Normal/Normal-3346.png,results/segments/Normal/Normal-3346.nrrd
/head/NFS/mkuyokwa/lungcxr/kaggle-negatives/Normal/Normal-3347.png,results/segments/Normal/Normal-3347.nrrd
/head/NFS/mkuyokwa/lungcxr/kaggle-negatives/Normal/Normal-3348.png,results/segments/Normal/Normal-3348.nrrd
/head/NFS/mkuyokwa/lungcxr/kaggle-negatives/Normal/Normal-3349.png,results/segments/Normal/Normal-3349.nrrd
/head/NFS/mkuyokwa/lungcxr/kaggle-negatives/Normal/Normal-335.png,results/segments/Normal/Normal-335.nrrd
/head/NFS/mkuyokwa/lungcxr/kaggle-negatives/Normal/Normal-3350.png,results/segments/Normal/Normal-3350.nrrd
/head/NFS/mkuyokwa/lungcxr/kaggle-negatives/Normal/Normal-3351.png,results/segments/Normal/Normal-3351.nrrd
/head/NFS/mkuyokwa/lungcxr/kaggle-negatives/Normal/Normal-3352.png,results/segments/Normal/Normal-3352.nrrd
/head/NFS/mkuyokwa/lungcxr/kaggle-negatives/Normal/Normal-3353.png,results/segments/Normal/Normal-3353.nrrd
/head/NFS/mkuyokwa/lungcxr/kaggle-negatives/Normal/Normal-3354.png,results/segments/Normal/Normal-3354.nrrd
/head/NFS/mkuyokwa/lungcxr/kaggle-negatives/Normal/Normal-3355.png,results/segments/Normal/Normal-3355.nrrd
/head/NFS/mkuyokwa/lungcxr/kaggle-negatives/Normal/Normal-3356.png,results/segments/Normal/Normal-3356.nrrd
/head/NFS/mkuyokwa/lungcxr/kaggle-negatives/Normal/Normal-3357.png,results/segments/Normal/Normal-3357.nrrd
/head/NFS/mkuyokwa/lungcxr/kaggle-negatives/Normal/Normal-3358.png,results/segments/Normal/Normal-3358.nrrd
/head/NFS/mkuyokwa/lungcxr/kaggle-negatives/Normal/Normal-3359.png,results/segments/Normal/Normal-3359.nrrd
/head/NFS/mkuyokwa/lungcxr/kaggle-negatives/Normal/Normal-336.png,results/segments/Normal/Normal-336.nrrd
/head/NFS/mkuyokwa/lungcxr/kaggle-negatives/Normal/Normal-3360.png,results/segments/Normal/Normal-3360.nrrd
/head/NFS/mkuyokwa/lungcxr/kaggle-negatives/Normal/Normal-3361.png,results/segments/Normal/Normal-3361.nrrd
/head/NFS/mkuyokwa/lungcxr/kaggle-negatives/Normal/Normal-3362.png,results/segments/Normal/Normal-3362.nrrd
/head/NFS/mkuyokwa/lungcxr/kaggle-negatives/Normal/Normal-3363.png,results/segments/Normal/Normal-3363.nrrd
/head/NFS/mkuyokwa/lungcxr/kaggle-negatives/Normal/Normal-3364.png,results/segments/Normal/Normal-3364.nrrd
/head/NFS/mkuyokwa/lungcxr/kaggle-negatives/Normal/Normal-3365.png,results/segments/Normal/Normal-3365.nrrd
/head/NFS/mkuyokwa/lungcxr/kaggle-negatives/Normal/Normal-3366.png,results/segments/Normal/Normal-3366.nrrd
/head/NFS/mkuyokwa/lungcxr/kaggle-negatives/Normal/Normal-3367.png,results/segments/Normal/Normal-3367.nrrd
/head/NFS/mkuyokwa/lungcxr/kaggle-negatives/Normal/Normal-3368.png,results/segments/Normal/Normal-3368.nrrd
/head/NFS/mkuyokwa/lungcxr/kaggle-negatives/Normal/Normal-3369.png,results/segments/Normal/Normal-3369.nrrd
/head/NFS/mkuyokwa/lungcxr/kaggle-negatives/Normal/Normal-337.png,results/segments/Normal/Normal-337.nrrd
/head/NFS/mkuyokwa/lungcxr/kaggle-negatives/Normal/Normal-3370.png,results/segments/Normal/Normal-3370.nrrd
/head/NFS/mkuyokwa/lungcxr/kaggle-negatives/Normal/Normal-3371.png,results/segments/Normal/Normal-3371.nrrd
/head/NFS/mkuyokwa/lungcxr/kaggle-negatives/Normal/Normal-3372.png,results/segments/Normal/Normal-3372.nrrd
/head/NFS/mkuyokwa/lungcxr/kaggle-negatives/Normal/Normal-3373.png,results/segments/Normal/Normal-3373.nrrd
/head/NFS/mkuyokwa/lungcxr/kaggle-negatives/Normal/Normal-3374.png,results/segments/Normal/Normal-3374.nrrd
/head/NFS/mkuyokwa/lungcxr/kaggle-negatives/Normal/Normal-3375.png,results/segments/Normal/Normal-3375.nrrd
/head/NFS/mkuyokwa/lungcxr/kaggle-negatives/Normal/Normal-3376.png,results/segments/Normal/Normal-3376.nrrd
/head/NFS/mkuyokwa/lungcxr/kaggle-negatives/Normal/Normal-3377.png,results/segments/Normal/Normal-3377.nrrd
/head/NFS/mkuyokwa/lungcxr/kaggle-negatives/Normal/Normal-3378.png,results/segments/Normal/Normal-3378.nrrd
/head/NFS/mkuyokwa/lungcxr/kaggle-negatives/Normal/Normal-3379.png,results/segments/Normal/Normal-3379.nrrd
/head/NFS/mkuyokwa/lungcxr/kaggle-negatives/Normal/Normal-338.png,results/segments/Normal/Normal-338.nrrd
/head/NFS/mkuyokwa/lungcxr/kaggle-negatives/Normal/Normal-3380.png,results/segments/Normal/Normal-3380.nrrd
/head/NFS/mkuyokwa/lungcxr/kaggle-negatives/Normal/Normal-3381.png,results/segments/Normal/Normal-3381.nrrd
/head/NFS/mkuyokwa/lungcxr/kaggle-negatives/Normal/Normal-3382.png,results/segments/Normal/Normal-3382.nrrd
/head/NFS/mkuyokwa/lungcxr/kaggle-negatives/Normal/Normal-3383.png,results/segments/Normal/Normal-3383.nrrd
/head/NFS/mkuyokwa/lungcxr/kaggle-negatives/Normal/Normal-3384.png,results/segments/Normal/Normal-3384.nrrd
/head/NFS/mkuyokwa/lungcxr/kaggle-negatives/Normal/Normal-3385.png,results/segments/Normal/Normal-3385.nrrd
/head/NFS/mkuyokwa/lungcxr/kaggle-negatives/Normal/Normal-3386.png,results/segments/Normal/Normal-3386.nrrd
/head/NFS/mkuyokwa/lungcxr/kaggle-negatives/Normal/Normal-3387.png,results/segments/Normal/Normal-3387.nrrd
/head/NFS/mkuyokwa/lungcxr/kaggle-negatives/Normal/Normal-3388.png,results/segments/Normal/Normal-3388.nrrd
/head/NFS/mkuyokwa/lungcxr/kaggle-negatives/Normal/Normal-3389.png,results/segments/Normal/Normal-3389.nrrd
/head/NFS/mkuyokwa/lungcxr/kaggle-negatives/Normal/Normal-339.png,results/segments/Normal/Normal-339.nrrd
/head/NFS/mkuyokwa/lungcxr/kaggle-negatives/Normal/Normal-3390.png,results/segments/Normal/Normal-3390.nrrd
/head/NFS/mkuyokwa/lungcxr/kaggle-negatives/Normal/Normal-3391.png,results/segments/Normal/Normal-3391.nrrd
/head/NFS/mkuyokwa/lungcxr/kaggle-negatives/Normal/Normal-3392.png,results/segments/Normal/Normal-3392.nrrd
/head/NFS/mkuyokwa/lungcxr/kaggle-negatives/Normal/Normal-3393.png,results/segments/Normal/Normal-3393.nrrd
/head/NFS/mkuyokwa/lungcxr/kaggle-negatives/Normal/Normal-3394.png,results/segments/Normal/Normal-3394.nrrd
/head/NFS/mkuyokwa/lungcxr/kaggle-negatives/Normal/Normal-3395.png,results/segments/Normal/Normal-3395.nrrd
/head/NFS/mkuyokwa/lungcxr/kaggle-negatives/Normal/Normal-3396.png,results/segments/Normal/Normal-3396.nrrd
/head/NFS/mkuyokwa/lungcxr/kaggle-negatives/Normal/Normal-3397.png,results/segments/Normal/Normal-3397.nrrd
/head/NFS/mkuyokwa/lungcxr/kaggle-negatives/Normal/Normal-3398.png,results/segments/Normal/Normal-3398.nrrd
/head/NFS/mkuyokwa/lungcxr/kaggle-negatives/Normal/Normal-3399.png,results/segments/Normal/Normal-3399.nrrd
/head/NFS/mkuyokwa/lungcxr/kaggle-negatives/Normal/Normal-34.png,results/segments/Normal/Normal-34.nrrd
/head/NFS/mkuyokwa/lungcxr/kaggle-negatives/Normal/Normal-340.png,results/segments/Normal/Normal-340.nrrd
/head/NFS/mkuyokwa/lungcxr/kaggle-negatives/Normal/Normal-3400.png,results/segments/Normal/Normal-3400.nrrd
/head/NFS/mkuyokwa/lungcxr/kaggle-negatives/Normal/Normal-3401.png,results/segments/Normal/Normal-3401.nrrd
/head/NFS/mkuyokwa/lungcxr/kaggle-negatives/Normal/Normal-3402.png,results/segments/Normal/Normal-3402.nrrd
/head/NFS/mkuyokwa/lungcxr/kaggle-negatives/Normal/Normal-3403.png,results/segments/Normal/Normal-3403.nrrd
/head/NFS/mkuyokwa/lungcxr/kaggle-negatives/Normal/Normal-3404.png,results/segments/Normal/Normal-3404.nrrd
/head/NFS/mkuyokwa/lungcxr/kaggle-negatives/Normal/Normal-3405.png,results/segments/Normal/Normal-3405.nrrd
/head/NFS/mkuyokwa/lungcxr/kaggle-negatives/Normal/Normal-3406.png,results/segments/Normal/Normal-3406.nrrd
/head/NFS/mkuyokwa/lungcxr/kaggle-negatives/Normal/Normal-3407.png,results/segments/Normal/Normal-3407.nrrd
/head/NFS/mkuyokwa/lungcxr/kaggle-negatives/Normal/Normal-3408.png,results/segments/Normal/Normal-3408.nrrd
/head/NFS/mkuyokwa/lungcxr/kaggle-negatives/Normal/Normal-3409.png,results/segments/Normal/Normal-3409.nrrd
/head/NFS/mkuyokwa/lungcxr/kaggle-negatives/Normal/Normal-341.png,results/segments/Normal/Normal-341.nrrd
/head/NFS/mkuyokwa/lungcxr/kaggle-negatives/Normal/Normal-3410.png,results/segments/Normal/Normal-3410.nrrd
/head/NFS/mkuyokwa/lungcxr/kaggle-negatives/Normal/Normal-3411.png,results/segments/Normal/Normal-3411.nrrd
/head/NFS/mkuyokwa/lungcxr/kaggle-negatives/Normal/Normal-3412.png,results/segments/Normal/Normal-3412.nrrd
/head/NFS/mkuyokwa/lungcxr/kaggle-negatives/Normal/Normal-3413.png,results/segments/Normal/Normal-3413.nrrd
/head/NFS/mkuyokwa/lungcxr/kaggle-negatives/Normal/Normal-3414.png,results/segments/Normal/Normal-3414.nrrd
/head/NFS/mkuyokwa/lungcxr/kaggle-negatives/Normal/Normal-3415.png,results/segments/Normal/Normal-3415.nrrd
/head/NFS/mkuyokwa/lungcxr/kaggle-negatives/Normal/Normal-3416.png,results/segments/Normal/Normal-3416.nrrd
/head/NFS/mkuyokwa/lungcxr/kaggle-negatives/Normal/Normal-3417.png,results/segments/Normal/Normal-3417.nrrd
/head/NFS/mkuyokwa/lungcxr/kaggle-negatives/Normal/Normal-3418.png,results/segments/Normal/Normal-3418.nrrd
/head/NFS/mkuyokwa/lungcxr/kaggle-negatives/Normal/Normal-3419.png,results/segments/Normal/Normal-3419.nrrd
/head/NFS/mkuyokwa/lungcxr/kaggle-negatives/Normal/Normal-342.png,results/segments/Normal/Normal-342.nrrd
/head/NFS/mkuyokwa/lungcxr/kaggle-negatives/Normal/Normal-3420.png,results/segments/Normal/Normal-3420.nrrd
/head/NFS/mkuyokwa/lungcxr/kaggle-negatives/Normal/Normal-3421.png,results/segments/Normal/Normal-3421.nrrd
/head/NFS/mkuyokwa/lungcxr/kaggle-negatives/Normal/Normal-3422.png,results/segments/Normal/Normal-3422.nrrd
/head/NFS/mkuyokwa/lungcxr/kaggle-negatives/Normal/Normal-3423.png,results/segments/Normal/Normal-3423.nrrd
/head/NFS/mkuyokwa/lungcxr/kaggle-negatives/Normal/Normal-3424.png,results/segments/Normal/Normal-3424.nrrd
/head/NFS/mkuyokwa/lungcxr/kaggle-negatives/Normal/Normal-3425.png,results/segments/Normal/Normal-3425.nrrd
/head/NFS/mkuyokwa/lungcxr/kaggle-negatives/Normal/Normal-3426.png,results/segments/Normal/Normal-3426.nrrd
/head/NFS/mkuyokwa/lungcxr/kaggle-negatives/Normal/Normal-3427.png,results/segments/Normal/Normal-3427.nrrd
/head/NFS/mkuyokwa/lungcxr/kaggle-negatives/Normal/Normal-3428.png,results/segments/Normal/Normal-3428.nrrd
/head/NFS/mkuyokwa/lungcxr/kaggle-negatives/Normal/Normal-3429.png,results/segments/Normal/Normal-3429.nrrd
/head/NFS/mkuyokwa/lungcxr/kaggle-negatives/Normal/Normal-343.png,results/segments/Normal/Normal-343.nrrd
/head/NFS/mkuyokwa/lungcxr/kaggle-negatives/Normal/Normal-3430.png,results/segments/Normal/Normal-3430.nrrd
/head/NFS/mkuyokwa/lungcxr/kaggle-negatives/Normal/Normal-3431.png,results/segments/Normal/Normal-3431.nrrd
/head/NFS/mkuyokwa/lungcxr/kaggle-negatives/Normal/Normal-3432.png,results/segments/Normal/Normal-3432.nrrd
/head/NFS/mkuyokwa/lungcxr/kaggle-negatives/Normal/Normal-3433.png,results/segments/Normal/Normal-3433.nrrd
/head/NFS/mkuyokwa/lungcxr/kaggle-negatives/Normal/Normal-3434.png,results/segments/Normal/Normal-3434.nrrd
/head/NFS/mkuyokwa/lungcxr/kaggle-negatives/Normal/Normal-3435.png,results/segments/Normal/Normal-3435.nrrd
/head/NFS/mkuyokwa/lungcxr/kaggle-negatives/Normal/Normal-3436.png,results/segments/Normal/Normal-3436.nrrd
/head/NFS/mkuyokwa/lungcxr/kaggle-negatives/Normal/Normal-3437.png,results/segments/Normal/Normal-3437.nrrd
/head/NFS/mkuyokwa/lungcxr/kaggle-negatives/Normal/Normal-3438.png,results/segments/Normal/Normal-3438.nrrd
/head/NFS/mkuyokwa/lungcxr/kaggle-negatives/Normal/Normal-3439.png,results/segments/Normal/Normal-3439.nrrd
/head/NFS/mkuyokwa/lungcxr/kaggle-negatives/Normal/Normal-344.png,results/segments/Normal/Normal-344.nrrd
/head/NFS/mkuyokwa/lungcxr/kaggle-negatives/Normal/Normal-3440.png,results/segments/Normal/Normal-3440.nrrd
/head/NFS/mkuyokwa/lungcxr/kaggle-negatives/Normal/Normal-3441.png,results/segments/Normal/Normal-3441.nrrd
/head/NFS/mkuyokwa/lungcxr/kaggle-negatives/Normal/Normal-3442.png,results/segments/Normal/Normal-3442.nrrd
/head/NFS/mkuyokwa/lungcxr/kaggle-negatives/Normal/Normal-3443.png,results/segments/Normal/Normal-3443.nrrd
/head/NFS/mkuyokwa/lungcxr/kaggle-negatives/Normal/Normal-3444.png,results/segments/Normal/Normal-3444.nrrd
/head/NFS/mkuyokwa/lungcxr/kaggle-negatives/Normal/Normal-3445.png,results/segments/Normal/Normal-3445.nrrd
/head/NFS/mkuyokwa/lungcxr/kaggle-negatives/Normal/Normal-3446.png,results/segments/Normal/Normal-3446.nrrd
/head/NFS/mkuyokwa/lungcxr/kaggle-negatives/Normal/Normal-3447.png,results/segments/Normal/Normal-3447.nrrd
/head/NFS/mkuyokwa/lungcxr/kaggle-negatives/Normal/Normal-3448.png,results/segments/Normal/Normal-3448.nrrd
/head/NFS/mkuyokwa/lungcxr/kaggle-negatives/Normal/Normal-3449.png,results/segments/Normal/Normal-3449.nrrd
/head/NFS/mkuyokwa/lungcxr/kaggle-negatives/Normal/Normal-345.png,results/segments/Normal/Normal-345.nrrd
/head/NFS/mkuyokwa/lungcxr/kaggle-negatives/Normal/Normal-3450.png,results/segments/Normal/Normal-3450.nrrd
/head/NFS/mkuyokwa/lungcxr/kaggle-negatives/Normal/Normal-3451.png,results/segments/Normal/Normal-3451.nrrd
/head/NFS/mkuyokwa/lungcxr/kaggle-negatives/Normal/Normal-3452.png,results/segments/Normal/Normal-3452.nrrd
/head/NFS/mkuyokwa/lungcxr/kaggle-negatives/Normal/Normal-3453.png,results/segments/Normal/Normal-3453.nrrd
/head/NFS/mkuyokwa/lungcxr/kaggle-negatives/Normal/Normal-3454.png,results/segments/Normal/Normal-3454.nrrd
/head/NFS/mkuyokwa/lungcxr/kaggle-negatives/Normal/Normal-3455.png,results/segments/Normal/Normal-3455.nrrd
/head/NFS/mkuyokwa/lungcxr/kaggle-negatives/Normal/Normal-3456.png,results/segments/Normal/Normal-3456.nrrd
/head/NFS/mkuyokwa/lungcxr/kaggle-negatives/Normal/Normal-3457.png,results/segments/Normal/Normal-3457.nrrd
/head/NFS/mkuyokwa/lungcxr/kaggle-negatives/Normal/Normal-3458.png,results/segments/Normal/Normal-3458.nrrd
/head/NFS/mkuyokwa/lungcxr/kaggle-negatives/Normal/Normal-3459.png,results/segments/Normal/Normal-3459.nrrd
/head/NFS/mkuyokwa/lungcxr/kaggle-negatives/Normal/Normal-346.png,results/segments/Normal/Normal-346.nrrd
/head/NFS/mkuyokwa/lungcxr/kaggle-negatives/Normal/Normal-3460.png,results/segments/Normal/Normal-3460.nrrd
/head/NFS/mkuyokwa/lungcxr/kaggle-negatives/Normal/Normal-3461.png,results/segments/Normal/Normal-3461.nrrd
/head/NFS/mkuyokwa/lungcxr/kaggle-negatives/Normal/Normal-3462.png,results/segments/Normal/Normal-3462.nrrd
/head/NFS/mkuyokwa/lungcxr/kaggle-negatives/Normal/Normal-3463.png,results/segments/Normal/Normal-3463.nrrd
/head/NFS/mkuyokwa/lungcxr/kaggle-negatives/Normal/Normal-3464.png,results/segments/Normal/Normal-3464.nrrd
/head/NFS/mkuyokwa/lungcxr/kaggle-negatives/Normal/Normal-3465.png,results/segments/Normal/Normal-3465.nrrd
/head/NFS/mkuyokwa/lungcxr/kaggle-negatives/Normal/Normal-3466.png,results/segments/Normal/Normal-3466.nrrd
/head/NFS/mkuyokwa/lungcxr/kaggle-negatives/Normal/Normal-3467.png,results/segments/Normal/Normal-3467.nrrd
/head/NFS/mkuyokwa/lungcxr/kaggle-negatives/Normal/Normal-3468.png,results/segments/Normal/Normal-3468.nrrd
/head/NFS/mkuyokwa/lungcxr/kaggle-negatives/Normal/Normal-3469.png,results/segments/Normal/Normal-3469.nrrd
/head/NFS/mkuyokwa/lungcxr/kaggle-negatives/Normal/Normal-347.png,results/segments/Normal/Normal-347.nrrd
/head/NFS/mkuyokwa/lungcxr/kaggle-negatives/Normal/Normal-3470.png,results/segments/Normal/Normal-3470.nrrd
/head/NFS/mkuyokwa/lungcxr/kaggle-negatives/Normal/Normal-3471.png,results/segments/Normal/Normal-3471.nrrd
/head/NFS/mkuyokwa/lungcxr/kaggle-negatives/Normal/Normal-3472.png,results/segments/Normal/Normal-3472.nrrd
/head/NFS/mkuyokwa/lungcxr/kaggle-negatives/Normal/Normal-3473.png,results/segments/Normal/Normal-3473.nrrd
/head/NFS/mkuyokwa/lungcxr/kaggle-negatives/Normal/Normal-3474.png,results/segments/Normal/Normal-3474.nrrd
/head/NFS/mkuyokwa/lungcxr/kaggle-negatives/Normal/Normal-3475.png,results/segments/Normal/Normal-3475.nrrd
/head/NFS/mkuyokwa/lungcxr/kaggle-negatives/Normal/Normal-3476.png,results/segments/Normal/Normal-3476.nrrd
/head/NFS/mkuyokwa/lungcxr/kaggle-negatives/Normal/Normal-3477.png,results/segments/Normal/Normal-3477.nrrd
/head/NFS/mkuyokwa/lungcxr/kaggle-negatives/Normal/Normal-3478.png,results/segments/Normal/Normal-3478.nrrd
/head/NFS/mkuyokwa/lungcxr/kaggle-negatives/Normal/Normal-3479.png,results/segments/Normal/Normal-3479.nrrd
/head/NFS/mkuyokwa/lungcxr/kaggle-negatives/Normal/Normal-348.png,results/segments/Normal/Normal-348.nrrd
/head/NFS/mkuyokwa/lungcxr/kaggle-negatives/Normal/Normal-3480.png,results/segments/Normal/Normal-3480.nrrd
/head/NFS/mkuyokwa/lungcxr/kaggle-negatives/Normal/Normal-3481.png,results/segments/Normal/Normal-3481.nrrd
/head/NFS/mkuyokwa/lungcxr/kaggle-negatives/Normal/Normal-3482.png,results/segments/Normal/Normal-3482.nrrd
/head/NFS/mkuyokwa/lungcxr/kaggle-negatives/Normal/Normal-3483.png,results/segments/Normal/Normal-3483.nrrd
/head/NFS/mkuyokwa/lungcxr/kaggle-negatives/Normal/Normal-3484.png,results/segments/Normal/Normal-3484.nrrd
/head/NFS/mkuyokwa/lungcxr/kaggle-negatives/Normal/Normal-3485.png,results/segments/Normal/Normal-3485.nrrd
/head/NFS/mkuyokwa/lungcxr/kaggle-negatives/Normal/Normal-3486.png,results/segments/Normal/Normal-3486.nrrd
/head/NFS/mkuyokwa/lungcxr/kaggle-negatives/Normal/Normal-3487.png,results/segments/Normal/Normal-3487.nrrd
/head/NFS/mkuyokwa/lungcxr/kaggle-negatives/Normal/Normal-3488.png,results/segments/Normal/Normal-3488.nrrd
/head/NFS/mkuyokwa/lungcxr/kaggle-negatives/Normal/Normal-3489.png,results/segments/Normal/Normal-3489.nrrd
/head/NFS/mkuyokwa/lungcxr/kaggle-negatives/Normal/Normal-349.png,results/segments/Normal/Normal-349.nrrd
/head/NFS/mkuyokwa/lungcxr/kaggle-negatives/Normal/Normal-3490.png,results/segments/Normal/Normal-3490.nrrd
/head/NFS/mkuyokwa/lungcxr/kaggle-negatives/Normal/Normal-3491.png,results/segments/Normal/Normal-3491.nrrd
/head/NFS/mkuyokwa/lungcxr/kaggle-negatives/Normal/Normal-3492.png,results/segments/Normal/Normal-3492.nrrd
/head/NFS/mkuyokwa/lungcxr/kaggle-negatives/Normal/Normal-3493.png,results/segments/Normal/Normal-3493.nrrd
/head/NFS/mkuyokwa/lungcxr/kaggle-negatives/Normal/Normal-3494.png,results/segments/Normal/Normal-3494.nrrd
/head/NFS/mkuyokwa/lungcxr/kaggle-negatives/Normal/Normal-3495.png,results/segments/Normal/Normal-3495.nrrd
/head/NFS/mkuyokwa/lungcxr/kaggle-negatives/Normal/Normal-3496.png,results/segments/Normal/Normal-3496.nrrd
/head/NFS/mkuyokwa/lungcxr/kaggle-negatives/Normal/Normal-3497.png,results/segments/Normal/Normal-3497.nrrd
/head/NFS/mkuyokwa/lungcxr/kaggle-negatives/Normal/Normal-3498.png,results/segments/Normal/Normal-3498.nrrd
/head/NFS/mkuyokwa/lungcxr/kaggle-negatives/Normal/Normal-3499.png,results/segments/Normal/Normal-3499.nrrd
/head/NFS/mkuyokwa/lungcxr/kaggle-negatives/Normal/Normal-35.png,results/segments/Normal/Normal-35.nrrd
/head/NFS/mkuyokwa/lungcxr/kaggle-negatives/Normal/Normal-350.png,results/segments/Normal/Normal-350.nrrd
/head/NFS/mkuyokwa/lungcxr/kaggle-negatives/Normal/Normal-3500.png,results/segments/Normal/Normal-3500.nrrd
/head/NFS/mkuyokwa/lungcxr/kaggle-negatives/Normal/Normal-351.png,results/segments/Normal/Normal-351.nrrd
/head/NFS/mkuyokwa/lungcxr/kaggle-negatives/Normal/Normal-352.png,results/segments/Normal/Normal-352.nrrd
/head/NFS/mkuyokwa/lungcxr/kaggle-negatives/Normal/Normal-353.png,results/segments/Normal/Normal-353.nrrd
/head/NFS/mkuyokwa/lungcxr/kaggle-negatives/Normal/Normal-354.png,results/segments/Normal/Normal-354.nrrd
/head/NFS/mkuyokwa/lungcxr/kaggle-negatives/Normal/Normal-355.png,results/segments/Normal/Normal-355.nrrd
/head/NFS/mkuyokwa/lungcxr/kaggle-negatives/Normal/Normal-356.png,results/segments/Normal/Normal-356.nrrd
/head/NFS/mkuyokwa/lungcxr/kaggle-negatives/Normal/Normal-357.png,results/segments/Normal/Normal-357.nrrd
/head/NFS/mkuyokwa/lungcxr/kaggle-negatives/Normal/Normal-358.png,results/segments/Normal/Normal-358.nrrd
/head/NFS/mkuyokwa/lungcxr/kaggle-negatives/Normal/Normal-359.png,results/segments/Normal/Normal-359.nrrd
/head/NFS/mkuyokwa/lungcxr/kaggle-negatives/Normal/Normal-36.png,results/segments/Normal/Normal-36.nrrd
/head/NFS/mkuyokwa/lungcxr/kaggle-negatives/Normal/Normal-360.png,results/segments/Normal/Normal-360.nrrd
/head/NFS/mkuyokwa/lungcxr/kaggle-negatives/Normal/Normal-361.png,results/segments/Normal/Normal-361.nrrd
/head/NFS/mkuyokwa/lungcxr/kaggle-negatives/Normal/Normal-362.png,results/segments/Normal/Normal-362.nrrd
/head/NFS/mkuyokwa/lungcxr/kaggle-negatives/Normal/Normal-363.png,results/segments/Normal/Normal-363.nrrd
/head/NFS/mkuyokwa/lungcxr/kaggle-negatives/Normal/Normal-364.png,results/segments/Normal/Normal-364.nrrd
/head/NFS/mkuyokwa/lungcxr/kaggle-negatives/Normal/Normal-365.png,results/segments/Normal/Normal-365.nrrd
/head/NFS/mkuyokwa/lungcxr/kaggle-negatives/Normal/Normal-366.png,results/segments/Normal/Normal-366.nrrd
/head/NFS/mkuyokwa/lungcxr/kaggle-negatives/Normal/Normal-367.png,results/segments/Normal/Normal-367.nrrd
/head/NFS/mkuyokwa/lungcxr/kaggle-negatives/Normal/Normal-368.png,results/segments/Normal/Normal-368.nrrd
/head/NFS/mkuyokwa/lungcxr/kaggle-negatives/Normal/Normal-369.png,results/segments/Normal/Normal-369.nrrd
/head/NFS/mkuyokwa/lungcxr/kaggle-negatives/Normal/Normal-37.png,results/segments/Normal/Normal-37.nrrd
/head/NFS/mkuyokwa/lungcxr/kaggle-negatives/Normal/Normal-370.png,results/segments/Normal/Normal-370.nrrd
/head/NFS/mkuyokwa/lungcxr/kaggle-negatives/Normal/Normal-371.png,results/segments/Normal/Normal-371.nrrd
/head/NFS/mkuyokwa/lungcxr/kaggle-negatives/Normal/Normal-372.png,results/segments/Normal/Normal-372.nrrd
/head/NFS/mkuyokwa/lungcxr/kaggle-negatives/Normal/Normal-373.png,results/segments/Normal/Normal-373.nrrd
/head/NFS/mkuyokwa/lungcxr/kaggle-negatives/Normal/Normal-374.png,results/segments/Normal/Normal-374.nrrd
/head/NFS/mkuyokwa/lungcxr/kaggle-negatives/Normal/Normal-375.png,results/segments/Normal/Normal-375.nrrd
/head/NFS/mkuyokwa/lungcxr/kaggle-negatives/Normal/Normal-376.png,results/segments/Normal/Normal-376.nrrd
/head/NFS/mkuyokwa/lungcxr/kaggle-negatives/Normal/Normal-377.png,results/segments/Normal/Normal-377.nrrd
/head/NFS/mkuyokwa/lungcxr/kaggle-negatives/Normal/Normal-378.png,results/segments/Normal/Normal-378.nrrd
/head/NFS/mkuyokwa/lungcxr/kaggle-negatives/Normal/Normal-379.png,results/segments/Normal/Normal-379.nrrd
/head/NFS/mkuyokwa/lungcxr/kaggle-negatives/Normal/Normal-38.png,results/segments/Normal/Normal-38.nrrd
/head/NFS/mkuyokwa/lungcxr/kaggle-negatives/Normal/Normal-380.png,results/segments/Normal/Normal-380.nrrd
/head/NFS/mkuyokwa/lungcxr/kaggle-negatives/Normal/Normal-381.png,results/segments/Normal/Normal-381.nrrd
/head/NFS/mkuyokwa/lungcxr/kaggle-negatives/Normal/Normal-382.png,results/segments/Normal/Normal-382.nrrd
/head/NFS/mkuyokwa/lungcxr/kaggle-negatives/Normal/Normal-383.png,results/segments/Normal/Normal-383.nrrd
/head/NFS/mkuyokwa/lungcxr/kaggle-negatives/Normal/Normal-384.png,results/segments/Normal/Normal-384.nrrd
/head/NFS/mkuyokwa/lungcxr/kaggle-negatives/Normal/Normal-385.png,results/segments/Normal/Normal-385.nrrd
/head/NFS/mkuyokwa/lungcxr/kaggle-negatives/Normal/Normal-386.png,results/segments/Normal/Normal-386.nrrd
/head/NFS/mkuyokwa/lungcxr/kaggle-negatives/Normal/Normal-387.png,results/segments/Normal/Normal-387.nrrd
/head/NFS/mkuyokwa/lungcxr/kaggle-negatives/Normal/Normal-388.png,results/segments/Normal/Normal-388.nrrd
/head/NFS/mkuyokwa/lungcxr/kaggle-negatives/Normal/Normal-389.png,results/segments/Normal/Normal-389.nrrd
/head/NFS/mkuyokwa/lungcxr/kaggle-negatives/Normal/Normal-39.png,results/segments/Normal/Normal-39.nrrd
/head/NFS/mkuyokwa/lungcxr/kaggle-negatives/Normal/Normal-390.png,results/segments/Normal/Normal-390.nrrd
/head/NFS/mkuyokwa/lungcxr/kaggle-negatives/Normal/Normal-391.png,results/segments/Normal/Normal-391.nrrd
/head/NFS/mkuyokwa/lungcxr/kaggle-negatives/Normal/Normal-392.png,results/segments/Normal/Normal-392.nrrd
/head/NFS/mkuyokwa/lungcxr/kaggle-negatives/Normal/Normal-393.png,results/segments/Normal/Normal-393.nrrd
/head/NFS/mkuyokwa/lungcxr/kaggle-negatives/Normal/Normal-394.png,results/segments/Normal/Normal-394.nrrd
/head/NFS/mkuyokwa/lungcxr/kaggle-negatives/Normal/Normal-395.png,results/segments/Normal/Normal-395.nrrd
/head/NFS/mkuyokwa/lungcxr/kaggle-negatives/Normal/Normal-396.png,results/segments/Normal/Normal-396.nrrd
/head/NFS/mkuyokwa/lungcxr/kaggle-negatives/Normal/Normal-397.png,results/segments/Normal/Normal-397.nrrd
/head/NFS/mkuyokwa/lungcxr/kaggle-negatives/Normal/Normal-398.png,results/segments/Normal/Normal-398.nrrd
/head/NFS/mkuyokwa/lungcxr/kaggle-negatives/Normal/Normal-399.png,results/segments/Normal/Normal-399.nrrd
/head/NFS/mkuyokwa/lungcxr/kaggle-negatives/Normal/Normal-4.png,results/segments/Normal/Normal-4.nrrd
/head/NFS/mkuyokwa/lungcxr/kaggle-negatives/Normal/Normal-40.png,results/segments/Normal/Normal-40.nrrd
/head/NFS/mkuyokwa/lungcxr/kaggle-negatives/Normal/Normal-400.png,results/segments/Normal/Normal-400.nrrd
/head/NFS/mkuyokwa/lungcxr/kaggle-negatives/Normal/Normal-401.png,results/segments/Normal/Normal-401.nrrd
/head/NFS/mkuyokwa/lungcxr/kaggle-negatives/Normal/Normal-402.png,results/segments/Normal/Normal-402.nrrd
/head/NFS/mkuyokwa/lungcxr/kaggle-negatives/Normal/Normal-403.png,results/segments/Normal/Normal-403.nrrd
/head/NFS/mkuyokwa/lungcxr/kaggle-negatives/Normal/Normal-404.png,results/segments/Normal/Normal-404.nrrd
/head/NFS/mkuyokwa/lungcxr/kaggle-negatives/Normal/Normal-405.png,results/segments/Normal/Normal-405.nrrd
/head/NFS/mkuyokwa/lungcxr/kaggle-negatives/Normal/Normal-406.png,results/segments/Normal/Normal-406.nrrd
/head/NFS/mkuyokwa/lungcxr/kaggle-negatives/Normal/Normal-407.png,results/segments/Normal/Normal-407.nrrd
/head/NFS/mkuyokwa/lungcxr/kaggle-negatives/Normal/Normal-408.png,results/segments/Normal/Normal-408.nrrd
/head/NFS/mkuyokwa/lungcxr/kaggle-negatives/Normal/Normal-409.png,results/segments/Normal/Normal-409.nrrd
/head/NFS/mkuyokwa/lungcxr/kaggle-negatives/Normal/Normal-41.png,results/segments/Normal/Normal-41.nrrd
/head/NFS/mkuyokwa/lungcxr/kaggle-negatives/Normal/Normal-410.png,results/segments/Normal/Normal-410.nrrd
/head/NFS/mkuyokwa/lungcxr/kaggle-negatives/Normal/Normal-411.png,results/segments/Normal/Normal-411.nrrd
/head/NFS/mkuyokwa/lungcxr/kaggle-negatives/Normal/Normal-412.png,results/segments/Normal/Normal-412.nrrd
/head/NFS/mkuyokwa/lungcxr/kaggle-negatives/Normal/Normal-413.png,results/segments/Normal/Normal-413.nrrd
/head/NFS/mkuyokwa/lungcxr/kaggle-negatives/Normal/Normal-414.png,results/segments/Normal/Normal-414.nrrd
/head/NFS/mkuyokwa/lungcxr/kaggle-negatives/Normal/Normal-415.png,results/segments/Normal/Normal-415.nrrd
/head/NFS/mkuyokwa/lungcxr/kaggle-negatives/Normal/Normal-416.png,results/segments/Normal/Normal-416.nrrd
/head/NFS/mkuyokwa/lungcxr/kaggle-negatives/Normal/Normal-417.png,results/segments/Normal/Normal-417.nrrd
/head/NFS/mkuyokwa/lungcxr/kaggle-negatives/Normal/Normal-418.png,results/segments/Normal/Normal-418.nrrd
/head/NFS/mkuyokwa/lungcxr/kaggle-negatives/Normal/Normal-419.png,results/segments/Normal/Normal-419.nrrd
/head/NFS/mkuyokwa/lungcxr/kaggle-negatives/Normal/Normal-42.png,results/segments/Normal/Normal-42.nrrd
/head/NFS/mkuyokwa/lungcxr/kaggle-negatives/Normal/Normal-420.png,results/segments/Normal/Normal-420.nrrd
/head/NFS/mkuyokwa/lungcxr/kaggle-negatives/Normal/Normal-421.png,results/segments/Normal/Normal-421.nrrd
/head/NFS/mkuyokwa/lungcxr/kaggle-negatives/Normal/Normal-422.png,results/segments/Normal/Normal-422.nrrd
/head/NFS/mkuyokwa/lungcxr/kaggle-negatives/Normal/Normal-423.png,results/segments/Normal/Normal-423.nrrd
/head/NFS/mkuyokwa/lungcxr/kaggle-negatives/Normal/Normal-424.png,results/segments/Normal/Normal-424.nrrd
/head/NFS/mkuyokwa/lungcxr/kaggle-negatives/Normal/Normal-425.png,results/segments/Normal/Normal-425.nrrd
/head/NFS/mkuyokwa/lungcxr/kaggle-negatives/Normal/Normal-426.png,results/segments/Normal/Normal-426.nrrd
/head/NFS/mkuyokwa/lungcxr/kaggle-negatives/Normal/Normal-427.png,results/segments/Normal/Normal-427.nrrd
/head/NFS/mkuyokwa/lungcxr/kaggle-negatives/Normal/Normal-428.png,results/segments/Normal/Normal-428.nrrd
/head/NFS/mkuyokwa/lungcxr/kaggle-negatives/Normal/Normal-429.png,results/segments/Normal/Normal-429.nrrd
/head/NFS/mkuyokwa/lungcxr/kaggle-negatives/Normal/Normal-43.png,results/segments/Normal/Normal-43.nrrd
/head/NFS/mkuyokwa/lungcxr/kaggle-negatives/Normal/Normal-430.png,results/segments/Normal/Normal-430.nrrd
/head/NFS/mkuyokwa/lungcxr/kaggle-negatives/Normal/Normal-431.png,results/segments/Normal/Normal-431.nrrd
/head/NFS/mkuyokwa/lungcxr/kaggle-negatives/Normal/Normal-432.png,results/segments/Normal/Normal-432.nrrd
/head/NFS/mkuyokwa/lungcxr/kaggle-negatives/Normal/Normal-433.png,results/segments/Normal/Normal-433.nrrd
/head/NFS/mkuyokwa/lungcxr/kaggle-negatives/Normal/Normal-434.png,results/segments/Normal/Normal-434.nrrd
/head/NFS/mkuyokwa/lungcxr/kaggle-negatives/Normal/Normal-435.png,results/segments/Normal/Normal-435.nrrd
/head/NFS/mkuyokwa/lungcxr/kaggle-negatives/Normal/Normal-436.png,results/segments/Normal/Normal-436.nrrd
/head/NFS/mkuyokwa/lungcxr/kaggle-negatives/Normal/Normal-437.png,results/segments/Normal/Normal-437.nrrd
/head/NFS/mkuyokwa/lungcxr/kaggle-negatives/Normal/Normal-438.png,results/segments/Normal/Normal-438.nrrd
/head/NFS/mkuyokwa/lungcxr/kaggle-negatives/Normal/Normal-439.png,results/segments/Normal/Normal-439.nrrd
/head/NFS/mkuyokwa/lungcxr/kaggle-negatives/Normal/Normal-44.png,results/segments/Normal/Normal-44.nrrd
/head/NFS/mkuyokwa/lungcxr/kaggle-negatives/Normal/Normal-440.png,results/segments/Normal/Normal-440.nrrd
/head/NFS/mkuyokwa/lungcxr/kaggle-negatives/Normal/Normal-441.png,results/segments/Normal/Normal-441.nrrd
/head/NFS/mkuyokwa/lungcxr/kaggle-negatives/Normal/Normal-442.png,results/segments/Normal/Normal-442.nrrd
/head/NFS/mkuyokwa/lungcxr/kaggle-negatives/Normal/Normal-443.png,results/segments/Normal/Normal-443.nrrd
/head/NFS/mkuyokwa/lungcxr/kaggle-negatives/Normal/Normal-444.png,results/segments/Normal/Normal-444.nrrd
/head/NFS/mkuyokwa/lungcxr/kaggle-negatives/Normal/Normal-445.png,results/segments/Normal/Normal-445.nrrd
/head/NFS/mkuyokwa/lungcxr/kaggle-negatives/Normal/Normal-446.png,results/segments/Normal/Normal-446.nrrd
/head/NFS/mkuyokwa/lungcxr/kaggle-negatives/Normal/Normal-447.png,results/segments/Normal/Normal-447.nrrd
/head/NFS/mkuyokwa/lungcxr/kaggle-negatives/Normal/Normal-448.png,results/segments/Normal/Normal-448.nrrd
/head/NFS/mkuyokwa/lungcxr/kaggle-negatives/Normal/Normal-449.png,results/segments/Normal/Normal-449.nrrd
/head/NFS/mkuyokwa/lungcxr/kaggle-negatives/Normal/Normal-45.png,results/segments/Normal/Normal-45.nrrd
/head/NFS/mkuyokwa/lungcxr/kaggle-negatives/Normal/Normal-450.png,results/segments/Normal/Normal-450.nrrd
/head/NFS/mkuyokwa/lungcxr/kaggle-negatives/Normal/Normal-451.png,results/segments/Normal/Normal-451.nrrd
/head/NFS/mkuyokwa/lungcxr/kaggle-negatives/Normal/Normal-452.png,results/segments/Normal/Normal-452.nrrd
/head/NFS/mkuyokwa/lungcxr/kaggle-negatives/Normal/Normal-453.png,results/segments/Normal/Normal-453.nrrd
/head/NFS/mkuyokwa/lungcxr/kaggle-negatives/Normal/Normal-454.png,results/segments/Normal/Normal-454.nrrd
/head/NFS/mkuyokwa/lungcxr/kaggle-negatives/Normal/Normal-455.png,results/segments/Normal/Normal-455.nrrd
/head/NFS/mkuyokwa/lungcxr/kaggle-negatives/Normal/Normal-456.png,results/segments/Normal/Normal-456.nrrd
/head/NFS/mkuyokwa/lungcxr/kaggle-negatives/Normal/Normal-457.png,results/segments/Normal/Normal-457.nrrd
/head/NFS/mkuyokwa/lungcxr/kaggle-negatives/Normal/Normal-458.png,results/segments/Normal/Normal-458.nrrd
/head/NFS/mkuyokwa/lungcxr/kaggle-negatives/Normal/Normal-459.png,results/segments/Normal/Normal-459.nrrd
/head/NFS/mkuyokwa/lungcxr/kaggle-negatives/Normal/Normal-46.png,results/segments/Normal/Normal-46.nrrd
/head/NFS/mkuyokwa/lungcxr/kaggle-negatives/Normal/Normal-460.png,results/segments/Normal/Normal-460.nrrd
/head/NFS/mkuyokwa/lungcxr/kaggle-negatives/Normal/Normal-461.png,results/segments/Normal/Normal-461.nrrd
/head/NFS/mkuyokwa/lungcxr/kaggle-negatives/Normal/Normal-462.png,results/segments/Normal/Normal-462.nrrd
/head/NFS/mkuyokwa/lungcxr/kaggle-negatives/Normal/Normal-463.png,results/segments/Normal/Normal-463.nrrd
/head/NFS/mkuyokwa/lungcxr/kaggle-negatives/Normal/Normal-464.png,results/segments/Normal/Normal-464.nrrd
/head/NFS/mkuyokwa/lungcxr/kaggle-negatives/Normal/Normal-465.png,results/segments/Normal/Normal-465.nrrd
/head/NFS/mkuyokwa/lungcxr/kaggle-negatives/Normal/Normal-466.png,results/segments/Normal/Normal-466.nrrd
/head/NFS/mkuyokwa/lungcxr/kaggle-negatives/Normal/Normal-467.png,results/segments/Normal/Normal-467.nrrd
/head/NFS/mkuyokwa/lungcxr/kaggle-negatives/Normal/Normal-468.png,results/segments/Normal/Normal-468.nrrd
/head/NFS/mkuyokwa/lungcxr/kaggle-negatives/Normal/Normal-469.png,results/segments/Normal/Normal-469.nrrd
/head/NFS/mkuyokwa/lungcxr/kaggle-negatives/Normal/Normal-47.png,results/segments/Normal/Normal-47.nrrd
/head/NFS/mkuyokwa/lungcxr/kaggle-negatives/Normal/Normal-470.png,results/segments/Normal/Normal-470.nrrd
/head/NFS/mkuyokwa/lungcxr/kaggle-negatives/Normal/Normal-471.png,results/segments/Normal/Normal-471.nrrd
/head/NFS/mkuyokwa/lungcxr/kaggle-negatives/Normal/Normal-472.png,results/segments/Normal/Normal-472.nrrd
/head/NFS/mkuyokwa/lungcxr/kaggle-negatives/Normal/Normal-473.png,results/segments/Normal/Normal-473.nrrd
/head/NFS/mkuyokwa/lungcxr/kaggle-negatives/Normal/Normal-474.png,results/segments/Normal/Normal-474.nrrd
/head/NFS/mkuyokwa/lungcxr/kaggle-negatives/Normal/Normal-475.png,results/segments/Normal/Normal-475.nrrd
/head/NFS/mkuyokwa/lungcxr/kaggle-negatives/Normal/Normal-476.png,results/segments/Normal/Normal-476.nrrd
/head/NFS/mkuyokwa/lungcxr/kaggle-negatives/Normal/Normal-477.png,results/segments/Normal/Normal-477.nrrd
/head/NFS/mkuyokwa/lungcxr/kaggle-negatives/Normal/Normal-478.png,results/segments/Normal/Normal-478.nrrd
/head/NFS/mkuyokwa/lungcxr/kaggle-negatives/Normal/Normal-479.png,results/segments/Normal/Normal-479.nrrd
/head/NFS/mkuyokwa/lungcxr/kaggle-negatives/Normal/Normal-48.png,results/segments/Normal/Normal-48.nrrd
/head/NFS/mkuyokwa/lungcxr/kaggle-negatives/Normal/Normal-480.png,results/segments/Normal/Normal-480.nrrd
/head/NFS/mkuyokwa/lungcxr/kaggle-negatives/Normal/Normal-481.png,results/segments/Normal/Normal-481.nrrd
/head/NFS/mkuyokwa/lungcxr/kaggle-negatives/Normal/Normal-482.png,results/segments/Normal/Normal-482.nrrd
/head/NFS/mkuyokwa/lungcxr/kaggle-negatives/Normal/Normal-483.png,results/segments/Normal/Normal-483.nrrd
/head/NFS/mkuyokwa/lungcxr/kaggle-negatives/Normal/Normal-484.png,results/segments/Normal/Normal-484.nrrd
/head/NFS/mkuyokwa/lungcxr/kaggle-negatives/Normal/Normal-485.png,results/segments/Normal/Normal-485.nrrd
/head/NFS/mkuyokwa/lungcxr/kaggle-negatives/Normal/Normal-486.png,results/segments/Normal/Normal-486.nrrd
/head/NFS/mkuyokwa/lungcxr/kaggle-negatives/Normal/Normal-487.png,results/segments/Normal/Normal-487.nrrd
/head/NFS/mkuyokwa/lungcxr/kaggle-negatives/Normal/Normal-488.png,results/segments/Normal/Normal-488.nrrd
/head/NFS/mkuyokwa/lungcxr/kaggle-negatives/Normal/Normal-489.png,results/segments/Normal/Normal-489.nrrd
/head/NFS/mkuyokwa/lungcxr/kaggle-negatives/Normal/Normal-49.png,results/segments/Normal/Normal-49.nrrd
/head/NFS/mkuyokwa/lungcxr/kaggle-negatives/Normal/Normal-490.png,results/segments/Normal/Normal-490.nrrd
/head/NFS/mkuyokwa/lungcxr/kaggle-negatives/Normal/Normal-491.png,results/segments/Normal/Normal-491.nrrd
/head/NFS/mkuyokwa/lungcxr/kaggle-negatives/Normal/Normal-492.png,results/segments/Normal/Normal-492.nrrd
/head/NFS/mkuyokwa/lungcxr/kaggle-negatives/Normal/Normal-493.png,results/segments/Normal/Normal-493.nrrd
/head/NFS/mkuyokwa/lungcxr/kaggle-negatives/Normal/Normal-494.png,results/segments/Normal/Normal-494.nrrd
/head/NFS/mkuyokwa/lungcxr/kaggle-negatives/Normal/Normal-495.png,results/segments/Normal/Normal-495.nrrd
/head/NFS/mkuyokwa/lungcxr/kaggle-negatives/Normal/Normal-496.png,results/segments/Normal/Normal-496.nrrd
/head/NFS/mkuyokwa/lungcxr/kaggle-negatives/Normal/Normal-497.png,results/segments/Normal/Normal-497.nrrd
/head/NFS/mkuyokwa/lungcxr/kaggle-negatives/Normal/Normal-498.png,results/segments/Normal/Normal-498.nrrd
/head/NFS/mkuyokwa/lungcxr/kaggle-negatives/Normal/Normal-499.png,results/segments/Normal/Normal-499.nrrd
/head/NFS/mkuyokwa/lungcxr/kaggle-negatives/Normal/Normal-5.png,results/segments/Normal/Normal-5.nrrd
/head/NFS/mkuyokwa/lungcxr/kaggle-negatives/Normal/Normal-50.png,results/segments/Normal/Normal-50.nrrd
/head/NFS/mkuyokwa/lungcxr/kaggle-negatives/Normal/Normal-500.png,results/segments/Normal/Normal-500.nrrd
/head/NFS/mkuyokwa/lungcxr/kaggle-negatives/Normal/Normal-501.png,results/segments/Normal/Normal-501.nrrd
/head/NFS/mkuyokwa/lungcxr/kaggle-negatives/Normal/Normal-502.png,results/segments/Normal/Normal-502.nrrd
/head/NFS/mkuyokwa/lungcxr/kaggle-negatives/Normal/Normal-503.png,results/segments/Normal/Normal-503.nrrd
/head/NFS/mkuyokwa/lungcxr/kaggle-negatives/Normal/Normal-504.png,results/segments/Normal/Normal-504.nrrd
/head/NFS/mkuyokwa/lungcxr/kaggle-negatives/Normal/Normal-505.png,results/segments/Normal/Normal-505.nrrd
/head/NFS/mkuyokwa/lungcxr/kaggle-negatives/Normal/Normal-506.png,results/segments/Normal/Normal-506.nrrd
/head/NFS/mkuyokwa/lungcxr/kaggle-negatives/Normal/Normal-507.png,results/segments/Normal/Normal-507.nrrd
/head/NFS/mkuyokwa/lungcxr/kaggle-negatives/Normal/Normal-508.png,results/segments/Normal/Normal-508.nrrd
/head/NFS/mkuyokwa/lungcxr/kaggle-negatives/Normal/Normal-509.png,results/segments/Normal/Normal-509.nrrd
/head/NFS/mkuyokwa/lungcxr/kaggle-negatives/Normal/Normal-51.png,results/segments/Normal/Normal-51.nrrd
/head/NFS/mkuyokwa/lungcxr/kaggle-negatives/Normal/Normal-510.png,results/segments/Normal/Normal-510.nrrd
/head/NFS/mkuyokwa/lungcxr/kaggle-negatives/Normal/Normal-511.png,results/segments/Normal/Normal-511.nrrd
/head/NFS/mkuyokwa/lungcxr/kaggle-negatives/Normal/Normal-512.png,results/segments/Normal/Normal-512.nrrd
/head/NFS/mkuyokwa/lungcxr/kaggle-negatives/Normal/Normal-513.png,results/segments/Normal/Normal-513.nrrd
/head/NFS/mkuyokwa/lungcxr/kaggle-negatives/Normal/Normal-514.png,results/segments/Normal/Normal-514.nrrd
/head/NFS/mkuyokwa/lungcxr/kaggle-negatives/Normal/Normal-515.png,results/segments/Normal/Normal-515.nrrd
/head/NFS/mkuyokwa/lungcxr/kaggle-negatives/Normal/Normal-516.png,results/segments/Normal/Normal-516.nrrd
/head/NFS/mkuyokwa/lungcxr/kaggle-negatives/Normal/Normal-517.png,results/segments/Normal/Normal-517.nrrd
/head/NFS/mkuyokwa/lungcxr/kaggle-negatives/Normal/Normal-518.png,results/segments/Normal/Normal-518.nrrd
/head/NFS/mkuyokwa/lungcxr/kaggle-negatives/Normal/Normal-519.png,results/segments/Normal/Normal-519.nrrd
/head/NFS/mkuyokwa/lungcxr/kaggle-negatives/Normal/Normal-52.png,results/segments/Normal/Normal-52.nrrd
/head/NFS/mkuyokwa/lungcxr/kaggle-negatives/Normal/Normal-520.png,results/segments/Normal/Normal-520.nrrd
/head/NFS/mkuyokwa/lungcxr/kaggle-negatives/Normal/Normal-521.png,results/segments/Normal/Normal-521.nrrd
/head/NFS/mkuyokwa/lungcxr/kaggle-negatives/Normal/Normal-522.png,results/segments/Normal/Normal-522.nrrd
/head/NFS/mkuyokwa/lungcxr/kaggle-negatives/Normal/Normal-523.png,results/segments/Normal/Normal-523.nrrd
/head/NFS/mkuyokwa/lungcxr/kaggle-negatives/Normal/Normal-524.png,results/segments/Normal/Normal-524.nrrd
/head/NFS/mkuyokwa/lungcxr/kaggle-negatives/Normal/Normal-525.png,results/segments/Normal/Normal-525.nrrd
/head/NFS/mkuyokwa/lungcxr/kaggle-negatives/Normal/Normal-526.png,results/segments/Normal/Normal-526.nrrd
/head/NFS/mkuyokwa/lungcxr/kaggle-negatives/Normal/Normal-527.png,results/segments/Normal/Normal-527.nrrd
/head/NFS/mkuyokwa/lungcxr/kaggle-negatives/Normal/Normal-528.png,results/segments/Normal/Normal-528.nrrd
/head/NFS/mkuyokwa/lungcxr/kaggle-negatives/Normal/Normal-529.png,results/segments/Normal/Normal-529.nrrd
/head/NFS/mkuyokwa/lungcxr/kaggle-negatives/Normal/Normal-53.png,results/segments/Normal/Normal-53.nrrd
/head/NFS/mkuyokwa/lungcxr/kaggle-negatives/Normal/Normal-530.png,results/segments/Normal/Normal-530.nrrd
/head/NFS/mkuyokwa/lungcxr/kaggle-negatives/Normal/Normal-531.png,results/segments/Normal/Normal-531.nrrd
/head/NFS/mkuyokwa/lungcxr/kaggle-negatives/Normal/Normal-532.png,results/segments/Normal/Normal-532.nrrd
/head/NFS/mkuyokwa/lungcxr/kaggle-negatives/Normal/Normal-533.png,results/segments/Normal/Normal-533.nrrd
/head/NFS/mkuyokwa/lungcxr/kaggle-negatives/Normal/Normal-534.png,results/segments/Normal/Normal-534.nrrd
/head/NFS/mkuyokwa/lungcxr/kaggle-negatives/Normal/Normal-535.png,results/segments/Normal/Normal-535.nrrd
/head/NFS/mkuyokwa/lungcxr/kaggle-negatives/Normal/Normal-536.png,results/segments/Normal/Normal-536.nrrd
/head/NFS/mkuyokwa/lungcxr/kaggle-negatives/Normal/Normal-537.png,results/segments/Normal/Normal-537.nrrd
/head/NFS/mkuyokwa/lungcxr/kaggle-negatives/Normal/Normal-538.png,results/segments/Normal/Normal-538.nrrd
/head/NFS/mkuyokwa/lungcxr/kaggle-negatives/Normal/Normal-539.png,results/segments/Normal/Normal-539.nrrd
/head/NFS/mkuyokwa/lungcxr/kaggle-negatives/Normal/Normal-54.png,results/segments/Normal/Normal-54.nrrd
/head/NFS/mkuyokwa/lungcxr/kaggle-negatives/Normal/Normal-540.png,results/segments/Normal/Normal-540.nrrd
/head/NFS/mkuyokwa/lungcxr/kaggle-negatives/Normal/Normal-541.png,results/segments/Normal/Normal-541.nrrd
/head/NFS/mkuyokwa/lungcxr/kaggle-negatives/Normal/Normal-542.png,results/segments/Normal/Normal-542.nrrd
/head/NFS/mkuyokwa/lungcxr/kaggle-negatives/Normal/Normal-543.png,results/segments/Normal/Normal-543.nrrd
/head/NFS/mkuyokwa/lungcxr/kaggle-negatives/Normal/Normal-544.png,results/segments/Normal/Normal-544.nrrd
/head/NFS/mkuyokwa/lungcxr/kaggle-negatives/Normal/Normal-545.png,results/segments/Normal/Normal-545.nrrd
/head/NFS/mkuyokwa/lungcxr/kaggle-negatives/Normal/Normal-546.png,results/segments/Normal/Normal-546.nrrd
/head/NFS/mkuyokwa/lungcxr/kaggle-negatives/Normal/Normal-547.png,results/segments/Normal/Normal-547.nrrd
/head/NFS/mkuyokwa/lungcxr/kaggle-negatives/Normal/Normal-548.png,results/segments/Normal/Normal-548.nrrd
/head/NFS/mkuyokwa/lungcxr/kaggle-negatives/Normal/Normal-549.png,results/segments/Normal/Normal-549.nrrd
/head/NFS/mkuyokwa/lungcxr/kaggle-negatives/Normal/Normal-55.png,results/segments/Normal/Normal-55.nrrd
/head/NFS/mkuyokwa/lungcxr/kaggle-negatives/Normal/Normal-550.png,results/segments/Normal/Normal-550.nrrd
/head/NFS/mkuyokwa/lungcxr/kaggle-negatives/Normal/Normal-551.png,results/segments/Normal/Normal-551.nrrd
/head/NFS/mkuyokwa/lungcxr/kaggle-negatives/Normal/Normal-552.png,results/segments/Normal/Normal-552.nrrd
/head/NFS/mkuyokwa/lungcxr/kaggle-negatives/Normal/Normal-553.png,results/segments/Normal/Normal-553.nrrd
/head/NFS/mkuyokwa/lungcxr/kaggle-negatives/Normal/Normal-554.png,results/segments/Normal/Normal-554.nrrd
/head/NFS/mkuyokwa/lungcxr/kaggle-negatives/Normal/Normal-555.png,results/segments/Normal/Normal-555.nrrd
/head/NFS/mkuyokwa/lungcxr/kaggle-negatives/Normal/Normal-556.png,results/segments/Normal/Normal-556.nrrd
/head/NFS/mkuyokwa/lungcxr/kaggle-negatives/Normal/Normal-557.png,results/segments/Normal/Normal-557.nrrd
/head/NFS/mkuyokwa/lungcxr/kaggle-negatives/Normal/Normal-558.png,results/segments/Normal/Normal-558.nrrd
/head/NFS/mkuyokwa/lungcxr/kaggle-negatives/Normal/Normal-559.png,results/segments/Normal/Normal-559.nrrd
/head/NFS/mkuyokwa/lungcxr/kaggle-negatives/Normal/Normal-56.png,results/segments/Normal/Normal-56.nrrd
/head/NFS/mkuyokwa/lungcxr/kaggle-negatives/Normal/Normal-560.png,results/segments/Normal/Normal-560.nrrd
/head/NFS/mkuyokwa/lungcxr/kaggle-negatives/Normal/Normal-561.png,results/segments/Normal/Normal-561.nrrd
/head/NFS/mkuyokwa/lungcxr/kaggle-negatives/Normal/Normal-562.png,results/segments/Normal/Normal-562.nrrd
/head/NFS/mkuyokwa/lungcxr/kaggle-negatives/Normal/Normal-563.png,results/segments/Normal/Normal-563.nrrd
/head/NFS/mkuyokwa/lungcxr/kaggle-negatives/Normal/Normal-564.png,results/segments/Normal/Normal-564.nrrd
/head/NFS/mkuyokwa/lungcxr/kaggle-negatives/Normal/Normal-565.png,results/segments/Normal/Normal-565.nrrd
/head/NFS/mkuyokwa/lungcxr/kaggle-negatives/Normal/Normal-566.png,results/segments/Normal/Normal-566.nrrd
/head/NFS/mkuyokwa/lungcxr/kaggle-negatives/Normal/Normal-567.png,results/segments/Normal/Normal-567.nrrd
/head/NFS/mkuyokwa/lungcxr/kaggle-negatives/Normal/Normal-568.png,results/segments/Normal/Normal-568.nrrd
/head/NFS/mkuyokwa/lungcxr/kaggle-negatives/Normal/Normal-569.png,results/segments/Normal/Normal-569.nrrd
/head/NFS/mkuyokwa/lungcxr/kaggle-negatives/Normal/Normal-57.png,results/segments/Normal/Normal-57.nrrd
/head/NFS/mkuyokwa/lungcxr/kaggle-negatives/Normal/Normal-570.png,results/segments/Normal/Normal-570.nrrd
/head/NFS/mkuyokwa/lungcxr/kaggle-negatives/Normal/Normal-571.png,results/segments/Normal/Normal-571.nrrd
/head/NFS/mkuyokwa/lungcxr/kaggle-negatives/Normal/Normal-572.png,results/segments/Normal/Normal-572.nrrd
/head/NFS/mkuyokwa/lungcxr/kaggle-negatives/Normal/Normal-573.png,results/segments/Normal/Normal-573.nrrd
/head/NFS/mkuyokwa/lungcxr/kaggle-negatives/Normal/Normal-574.png,results/segments/Normal/Normal-574.nrrd
/head/NFS/mkuyokwa/lungcxr/kaggle-negatives/Normal/Normal-575.png,results/segments/Normal/Normal-575.nrrd
/head/NFS/mkuyokwa/lungcxr/kaggle-negatives/Normal/Normal-576.png,results/segments/Normal/Normal-576.nrrd
/head/NFS/mkuyokwa/lungcxr/kaggle-negatives/Normal/Normal-577.png,results/segments/Normal/Normal-577.nrrd
/head/NFS/mkuyokwa/lungcxr/kaggle-negatives/Normal/Normal-578.png,results/segments/Normal/Normal-578.nrrd
/head/NFS/mkuyokwa/lungcxr/kaggle-negatives/Normal/Normal-579.png,results/segments/Normal/Normal-579.nrrd
/head/NFS/mkuyokwa/lungcxr/kaggle-negatives/Normal/Normal-58.png,results/segments/Normal/Normal-58.nrrd
/head/NFS/mkuyokwa/lungcxr/kaggle-negatives/Normal/Normal-580.png,results/segments/Normal/Normal-580.nrrd
/head/NFS/mkuyokwa/lungcxr/kaggle-negatives/Normal/Normal-581.png,results/segments/Normal/Normal-581.nrrd
/head/NFS/mkuyokwa/lungcxr/kaggle-negatives/Normal/Normal-582.png,results/segments/Normal/Normal-582.nrrd
/head/NFS/mkuyokwa/lungcxr/kaggle-negatives/Normal/Normal-583.png,results/segments/Normal/Normal-583.nrrd
/head/NFS/mkuyokwa/lungcxr/kaggle-negatives/Normal/Normal-584.png,results/segments/Normal/Normal-584.nrrd
/head/NFS/mkuyokwa/lungcxr/kaggle-negatives/Normal/Normal-585.png,results/segments/Normal/Normal-585.nrrd
/head/NFS/mkuyokwa/lungcxr/kaggle-negatives/Normal/Normal-586.png,results/segments/Normal/Normal-586.nrrd
/head/NFS/mkuyokwa/lungcxr/kaggle-negatives/Normal/Normal-587.png,results/segments/Normal/Normal-587.nrrd
/head/NFS/mkuyokwa/lungcxr/kaggle-negatives/Normal/Normal-588.png,results/segments/Normal/Normal-588.nrrd
/head/NFS/mkuyokwa/lungcxr/kaggle-negatives/Normal/Normal-589.png,results/segments/Normal/Normal-589.nrrd
/head/NFS/mkuyokwa/lungcxr/kaggle-negatives/Normal/Normal-59.png,results/segments/Normal/Normal-59.nrrd
/head/NFS/mkuyokwa/lungcxr/kaggle-negatives/Normal/Normal-590.png,results/segments/Normal/Normal-590.nrrd
/head/NFS/mkuyokwa/lungcxr/kaggle-negatives/Normal/Normal-591.png,results/segments/Normal/Normal-591.nrrd
/head/NFS/mkuyokwa/lungcxr/kaggle-negatives/Normal/Normal-592.png,results/segments/Normal/Normal-592.nrrd
/head/NFS/mkuyokwa/lungcxr/kaggle-negatives/Normal/Normal-593.png,results/segments/Normal/Normal-593.nrrd
/head/NFS/mkuyokwa/lungcxr/kaggle-negatives/Normal/Normal-594.png,results/segments/Normal/Normal-594.nrrd
/head/NFS/mkuyokwa/lungcxr/kaggle-negatives/Normal/Normal-595.png,results/segments/Normal/Normal-595.nrrd
/head/NFS/mkuyokwa/lungcxr/kaggle-negatives/Normal/Normal-596.png,results/segments/Normal/Normal-596.nrrd
/head/NFS/mkuyokwa/lungcxr/kaggle-negatives/Normal/Normal-597.png,results/segments/Normal/Normal-597.nrrd
/head/NFS/mkuyokwa/lungcxr/kaggle-negatives/Normal/Normal-598.png,results/segments/Normal/Normal-598.nrrd
/head/NFS/mkuyokwa/lungcxr/kaggle-negatives/Normal/Normal-599.png,results/segments/Normal/Normal-599.nrrd
/head/NFS/mkuyokwa/lungcxr/kaggle-negatives/Normal/Normal-6.png,results/segments/Normal/Normal-6.nrrd
/head/NFS/mkuyokwa/lungcxr/kaggle-negatives/Normal/Normal-60.png,results/segments/Normal/Normal-60.nrrd
/head/NFS/mkuyokwa/lungcxr/kaggle-negatives/Normal/Normal-600.png,results/segments/Normal/Normal-600.nrrd
/head/NFS/mkuyokwa/lungcxr/kaggle-negatives/Normal/Normal-601.png,results/segments/Normal/Normal-601.nrrd
/head/NFS/mkuyokwa/lungcxr/kaggle-negatives/Normal/Normal-602.png,results/segments/Normal/Normal-602.nrrd
/head/NFS/mkuyokwa/lungcxr/kaggle-negatives/Normal/Normal-603.png,results/segments/Normal/Normal-603.nrrd
/head/NFS/mkuyokwa/lungcxr/kaggle-negatives/Normal/Normal-604.png,results/segments/Normal/Normal-604.nrrd
/head/NFS/mkuyokwa/lungcxr/kaggle-negatives/Normal/Normal-605.png,results/segments/Normal/Normal-605.nrrd
/head/NFS/mkuyokwa/lungcxr/kaggle-negatives/Normal/Normal-606.png,results/segments/Normal/Normal-606.nrrd
/head/NFS/mkuyokwa/lungcxr/kaggle-negatives/Normal/Normal-607.png,results/segments/Normal/Normal-607.nrrd
/head/NFS/mkuyokwa/lungcxr/kaggle-negatives/Normal/Normal-608.png,results/segments/Normal/Normal-608.nrrd
/head/NFS/mkuyokwa/lungcxr/kaggle-negatives/Normal/Normal-609.png,results/segments/Normal/Normal-609.nrrd
/head/NFS/mkuyokwa/lungcxr/kaggle-negatives/Normal/Normal-61.png,results/segments/Normal/Normal-61.nrrd
/head/NFS/mkuyokwa/lungcxr/kaggle-negatives/Normal/Normal-610.png,results/segments/Normal/Normal-610.nrrd
/head/NFS/mkuyokwa/lungcxr/kaggle-negatives/Normal/Normal-611.png,results/segments/Normal/Normal-611.nrrd
/head/NFS/mkuyokwa/lungcxr/kaggle-negatives/Normal/Normal-612.png,results/segments/Normal/Normal-612.nrrd
/head/NFS/mkuyokwa/lungcxr/kaggle-negatives/Normal/Normal-613.png,results/segments/Normal/Normal-613.nrrd
/head/NFS/mkuyokwa/lungcxr/kaggle-negatives/Normal/Normal-614.png,results/segments/Normal/Normal-614.nrrd
/head/NFS/mkuyokwa/lungcxr/kaggle-negatives/Normal/Normal-615.png,results/segments/Normal/Normal-615.nrrd
/head/NFS/mkuyokwa/lungcxr/kaggle-negatives/Normal/Normal-616.png,results/segments/Normal/Normal-616.nrrd
/head/NFS/mkuyokwa/lungcxr/kaggle-negatives/Normal/Normal-617.png,results/segments/Normal/Normal-617.nrrd
/head/NFS/mkuyokwa/lungcxr/kaggle-negatives/Normal/Normal-618.png,results/segments/Normal/Normal-618.nrrd
/head/NFS/mkuyokwa/lungcxr/kaggle-negatives/Normal/Normal-619.png,results/segments/Normal/Normal-619.nrrd
/head/NFS/mkuyokwa/lungcxr/kaggle-negatives/Normal/Normal-62.png,results/segments/Normal/Normal-62.nrrd
/head/NFS/mkuyokwa/lungcxr/kaggle-negatives/Normal/Normal-620.png,results/segments/Normal/Normal-620.nrrd
/head/NFS/mkuyokwa/lungcxr/kaggle-negatives/Normal/Normal-621.png,results/segments/Normal/Normal-621.nrrd
/head/NFS/mkuyokwa/lungcxr/kaggle-negatives/Normal/Normal-622.png,results/segments/Normal/Normal-622.nrrd
/head/NFS/mkuyokwa/lungcxr/kaggle-negatives/Normal/Normal-623.png,results/segments/Normal/Normal-623.nrrd
/head/NFS/mkuyokwa/lungcxr/kaggle-negatives/Normal/Normal-624.png,results/segments/Normal/Normal-624.nrrd
/head/NFS/mkuyokwa/lungcxr/kaggle-negatives/Normal/Normal-625.png,results/segments/Normal/Normal-625.nrrd
/head/NFS/mkuyokwa/lungcxr/kaggle-negatives/Normal/Normal-626.png,results/segments/Normal/Normal-626.nrrd
/head/NFS/mkuyokwa/lungcxr/kaggle-negatives/Normal/Normal-627.png,results/segments/Normal/Normal-627.nrrd
/head/NFS/mkuyokwa/lungcxr/kaggle-negatives/Normal/Normal-628.png,results/segments/Normal/Normal-628.nrrd
/head/NFS/mkuyokwa/lungcxr/kaggle-negatives/Normal/Normal-629.png,results/segments/Normal/Normal-629.nrrd
/head/NFS/mkuyokwa/lungcxr/kaggle-negatives/Normal/Normal-63.png,results/segments/Normal/Normal-63.nrrd
/head/NFS/mkuyokwa/lungcxr/kaggle-negatives/Normal/Normal-630.png,results/segments/Normal/Normal-630.nrrd
/head/NFS/mkuyokwa/lungcxr/kaggle-negatives/Normal/Normal-631.png,results/segments/Normal/Normal-631.nrrd
/head/NFS/mkuyokwa/lungcxr/kaggle-negatives/Normal/Normal-632.png,results/segments/Normal/Normal-632.nrrd
/head/NFS/mkuyokwa/lungcxr/kaggle-negatives/Normal/Normal-633.png,results/segments/Normal/Normal-633.nrrd
/head/NFS/mkuyokwa/lungcxr/kaggle-negatives/Normal/Normal-634.png,results/segments/Normal/Normal-634.nrrd
/head/NFS/mkuyokwa/lungcxr/kaggle-negatives/Normal/Normal-635.png,results/segments/Normal/Normal-635.nrrd
/head/NFS/mkuyokwa/lungcxr/kaggle-negatives/Normal/Normal-636.png,results/segments/Normal/Normal-636.nrrd
/head/NFS/mkuyokwa/lungcxr/kaggle-negatives/Normal/Normal-637.png,results/segments/Normal/Normal-637.nrrd
/head/NFS/mkuyokwa/lungcxr/kaggle-negatives/Normal/Normal-638.png,results/segments/Normal/Normal-638.nrrd
/head/NFS/mkuyokwa/lungcxr/kaggle-negatives/Normal/Normal-639.png,results/segments/Normal/Normal-639.nrrd
/head/NFS/mkuyokwa/lungcxr/kaggle-negatives/Normal/Normal-64.png,results/segments/Normal/Normal-64.nrrd
/head/NFS/mkuyokwa/lungcxr/kaggle-negatives/Normal/Normal-640.png,results/segments/Normal/Normal-640.nrrd
/head/NFS/mkuyokwa/lungcxr/kaggle-negatives/Normal/Normal-641.png,results/segments/Normal/Normal-641.nrrd
/head/NFS/mkuyokwa/lungcxr/kaggle-negatives/Normal/Normal-642.png,results/segments/Normal/Normal-642.nrrd
/head/NFS/mkuyokwa/lungcxr/kaggle-negatives/Normal/Normal-643.png,results/segments/Normal/Normal-643.nrrd
/head/NFS/mkuyokwa/lungcxr/kaggle-negatives/Normal/Normal-644.png,results/segments/Normal/Normal-644.nrrd
/head/NFS/mkuyokwa/lungcxr/kaggle-negatives/Normal/Normal-645.png,results/segments/Normal/Normal-645.nrrd
/head/NFS/mkuyokwa/lungcxr/kaggle-negatives/Normal/Normal-646.png,results/segments/Normal/Normal-646.nrrd
/head/NFS/mkuyokwa/lungcxr/kaggle-negatives/Normal/Normal-647.png,results/segments/Normal/Normal-647.nrrd
/head/NFS/mkuyokwa/lungcxr/kaggle-negatives/Normal/Normal-648.png,results/segments/Normal/Normal-648.nrrd
/head/NFS/mkuyokwa/lungcxr/kaggle-negatives/Normal/Normal-649.png,results/segments/Normal/Normal-649.nrrd
/head/NFS/mkuyokwa/lungcxr/kaggle-negatives/Normal/Normal-65.png,results/segments/Normal/Normal-65.nrrd
/head/NFS/mkuyokwa/lungcxr/kaggle-negatives/Normal/Normal-650.png,results/segments/Normal/Normal-650.nrrd
/head/NFS/mkuyokwa/lungcxr/kaggle-negatives/Normal/Normal-651.png,results/segments/Normal/Normal-651.nrrd
/head/NFS/mkuyokwa/lungcxr/kaggle-negatives/Normal/Normal-652.png,results/segments/Normal/Normal-652.nrrd
/head/NFS/mkuyokwa/lungcxr/kaggle-negatives/Normal/Normal-653.png,results/segments/Normal/Normal-653.nrrd
/head/NFS/mkuyokwa/lungcxr/kaggle-negatives/Normal/Normal-654.png,results/segments/Normal/Normal-654.nrrd
/head/NFS/mkuyokwa/lungcxr/kaggle-negatives/Normal/Normal-655.png,results/segments/Normal/Normal-655.nrrd
/head/NFS/mkuyokwa/lungcxr/kaggle-negatives/Normal/Normal-656.png,results/segments/Normal/Normal-656.nrrd
/head/NFS/mkuyokwa/lungcxr/kaggle-negatives/Normal/Normal-657.png,results/segments/Normal/Normal-657.nrrd
/head/NFS/mkuyokwa/lungcxr/kaggle-negatives/Normal/Normal-658.png,results/segments/Normal/Normal-658.nrrd
/head/NFS/mkuyokwa/lungcxr/kaggle-negatives/Normal/Normal-659.png,results/segments/Normal/Normal-659.nrrd
/head/NFS/mkuyokwa/lungcxr/kaggle-negatives/Normal/Normal-66.png,results/segments/Normal/Normal-66.nrrd
/head/NFS/mkuyokwa/lungcxr/kaggle-negatives/Normal/Normal-660.png,results/segments/Normal/Normal-660.nrrd
/head/NFS/mkuyokwa/lungcxr/kaggle-negatives/Normal/Normal-661.png,results/segments/Normal/Normal-661.nrrd
/head/NFS/mkuyokwa/lungcxr/kaggle-negatives/Normal/Normal-662.png,results/segments/Normal/Normal-662.nrrd
/head/NFS/mkuyokwa/lungcxr/kaggle-negatives/Normal/Normal-663.png,results/segments/Normal/Normal-663.nrrd
/head/NFS/mkuyokwa/lungcxr/kaggle-negatives/Normal/Normal-664.png,results/segments/Normal/Normal-664.nrrd
/head/NFS/mkuyokwa/lungcxr/kaggle-negatives/Normal/Normal-665.png,results/segments/Normal/Normal-665.nrrd
/head/NFS/mkuyokwa/lungcxr/kaggle-negatives/Normal/Normal-666.png,results/segments/Normal/Normal-666.nrrd
/head/NFS/mkuyokwa/lungcxr/kaggle-negatives/Normal/Normal-667.png,results/segments/Normal/Normal-667.nrrd
/head/NFS/mkuyokwa/lungcxr/kaggle-negatives/Normal/Normal-668.png,results/segments/Normal/Normal-668.nrrd
/head/NFS/mkuyokwa/lungcxr/kaggle-negatives/Normal/Normal-669.png,results/segments/Normal/Normal-669.nrrd
/head/NFS/mkuyokwa/lungcxr/kaggle-negatives/Normal/Normal-67.png,results/segments/Normal/Normal-67.nrrd
/head/NFS/mkuyokwa/lungcxr/kaggle-negatives/Normal/Normal-670.png,results/segments/Normal/Normal-670.nrrd
/head/NFS/mkuyokwa/lungcxr/kaggle-negatives/Normal/Normal-671.png,results/segments/Normal/Normal-671.nrrd
/head/NFS/mkuyokwa/lungcxr/kaggle-negatives/Normal/Normal-672.png,results/segments/Normal/Normal-672.nrrd
/head/NFS/mkuyokwa/lungcxr/kaggle-negatives/Normal/Normal-673.png,results/segments/Normal/Normal-673.nrrd
/head/NFS/mkuyokwa/lungcxr/kaggle-negatives/Normal/Normal-674.png,results/segments/Normal/Normal-674.nrrd
/head/NFS/mkuyokwa/lungcxr/kaggle-negatives/Normal/Normal-675.png,results/segments/Normal/Normal-675.nrrd
/head/NFS/mkuyokwa/lungcxr/kaggle-negatives/Normal/Normal-676.png,results/segments/Normal/Normal-676.nrrd
/head/NFS/mkuyokwa/lungcxr/kaggle-negatives/Normal/Normal-677.png,results/segments/Normal/Normal-677.nrrd
/head/NFS/mkuyokwa/lungcxr/kaggle-negatives/Normal/Normal-678.png,results/segments/Normal/Normal-678.nrrd
/head/NFS/mkuyokwa/lungcxr/kaggle-negatives/Normal/Normal-679.png,results/segments/Normal/Normal-679.nrrd
/head/NFS/mkuyokwa/lungcxr/kaggle-negatives/Normal/Normal-68.png,results/segments/Normal/Normal-68.nrrd
/head/NFS/mkuyokwa/lungcxr/kaggle-negatives/Normal/Normal-680.png,results/segments/Normal/Normal-680.nrrd
/head/NFS/mkuyokwa/lungcxr/kaggle-negatives/Normal/Normal-681.png,results/segments/Normal/Normal-681.nrrd
/head/NFS/mkuyokwa/lungcxr/kaggle-negatives/Normal/Normal-682.png,results/segments/Normal/Normal-682.nrrd
/head/NFS/mkuyokwa/lungcxr/kaggle-negatives/Normal/Normal-683.png,results/segments/Normal/Normal-683.nrrd
/head/NFS/mkuyokwa/lungcxr/kaggle-negatives/Normal/Normal-684.png,results/segments/Normal/Normal-684.nrrd
/head/NFS/mkuyokwa/lungcxr/kaggle-negatives/Normal/Normal-685.png,results/segments/Normal/Normal-685.nrrd
/head/NFS/mkuyokwa/lungcxr/kaggle-negatives/Normal/Normal-686.png,results/segments/Normal/Normal-686.nrrd
/head/NFS/mkuyokwa/lungcxr/kaggle-negatives/Normal/Normal-687.png,results/segments/Normal/Normal-687.nrrd
/head/NFS/mkuyokwa/lungcxr/kaggle-negatives/Normal/Normal-688.png,results/segments/Normal/Normal-688.nrrd
/head/NFS/mkuyokwa/lungcxr/kaggle-negatives/Normal/Normal-689.png,results/segments/Normal/Normal-689.nrrd
/head/NFS/mkuyokwa/lungcxr/kaggle-negatives/Normal/Normal-69.png,results/segments/Normal/Normal-69.nrrd
/head/NFS/mkuyokwa/lungcxr/kaggle-negatives/Normal/Normal-690.png,results/segments/Normal/Normal-690.nrrd
/head/NFS/mkuyokwa/lungcxr/kaggle-negatives/Normal/Normal-691.png,results/segments/Normal/Normal-691.nrrd
/head/NFS/mkuyokwa/lungcxr/kaggle-negatives/Normal/Normal-692.png,results/segments/Normal/Normal-692.nrrd
/head/NFS/mkuyokwa/lungcxr/kaggle-negatives/Normal/Normal-693.png,results/segments/Normal/Normal-693.nrrd
/head/NFS/mkuyokwa/lungcxr/kaggle-negatives/Normal/Normal-694.png,results/segments/Normal/Normal-694.nrrd
/head/NFS/mkuyokwa/lungcxr/kaggle-negatives/Normal/Normal-695.png,results/segments/Normal/Normal-695.nrrd
/head/NFS/mkuyokwa/lungcxr/kaggle-negatives/Normal/Normal-696.png,results/segments/Normal/Normal-696.nrrd
/head/NFS/mkuyokwa/lungcxr/kaggle-negatives/Normal/Normal-697.png,results/segments/Normal/Normal-697.nrrd
/head/NFS/mkuyokwa/lungcxr/kaggle-negatives/Normal/Normal-698.png,results/segments/Normal/Normal-698.nrrd
/head/NFS/mkuyokwa/lungcxr/kaggle-negatives/Normal/Normal-699.png,results/segments/Normal/Normal-699.nrrd
/head/NFS/mkuyokwa/lungcxr/kaggle-negatives/Normal/Normal-7.png,results/segments/Normal/Normal-7.nrrd
/head/NFS/mkuyokwa/lungcxr/kaggle-negatives/Normal/Normal-70.png,results/segments/Normal/Normal-70.nrrd
/head/NFS/mkuyokwa/lungcxr/kaggle-negatives/Normal/Normal-700.png,results/segments/Normal/Normal-700.nrrd
/head/NFS/mkuyokwa/lungcxr/kaggle-negatives/Normal/Normal-701.png,results/segments/Normal/Normal-701.nrrd
/head/NFS/mkuyokwa/lungcxr/kaggle-negatives/Normal/Normal-702.png,results/segments/Normal/Normal-702.nrrd
/head/NFS/mkuyokwa/lungcxr/kaggle-negatives/Normal/Normal-703.png,results/segments/Normal/Normal-703.nrrd
/head/NFS/mkuyokwa/lungcxr/kaggle-negatives/Normal/Normal-704.png,results/segments/Normal/Normal-704.nrrd
/head/NFS/mkuyokwa/lungcxr/kaggle-negatives/Normal/Normal-705.png,results/segments/Normal/Normal-705.nrrd
/head/NFS/mkuyokwa/lungcxr/kaggle-negatives/Normal/Normal-706.png,results/segments/Normal/Normal-706.nrrd
/head/NFS/mkuyokwa/lungcxr/kaggle-negatives/Normal/Normal-707.png,results/segments/Normal/Normal-707.nrrd
/head/NFS/mkuyokwa/lungcxr/kaggle-negatives/Normal/Normal-708.png,results/segments/Normal/Normal-708.nrrd
/head/NFS/mkuyokwa/lungcxr/kaggle-negatives/Normal/Normal-709.png,results/segments/Normal/Normal-709.nrrd
/head/NFS/mkuyokwa/lungcxr/kaggle-negatives/Normal/Normal-71.png,results/segments/Normal/Normal-71.nrrd
/head/NFS/mkuyokwa/lungcxr/kaggle-negatives/Normal/Normal-710.png,results/segments/Normal/Normal-710.nrrd
/head/NFS/mkuyokwa/lungcxr/kaggle-negatives/Normal/Normal-711.png,results/segments/Normal/Normal-711.nrrd
/head/NFS/mkuyokwa/lungcxr/kaggle-negatives/Normal/Normal-712.png,results/segments/Normal/Normal-712.nrrd
/head/NFS/mkuyokwa/lungcxr/kaggle-negatives/Normal/Normal-713.png,results/segments/Normal/Normal-713.nrrd
/head/NFS/mkuyokwa/lungcxr/kaggle-negatives/Normal/Normal-714.png,results/segments/Normal/Normal-714.nrrd
/head/NFS/mkuyokwa/lungcxr/kaggle-negatives/Normal/Normal-715.png,results/segments/Normal/Normal-715.nrrd
/head/NFS/mkuyokwa/lungcxr/kaggle-negatives/Normal/Normal-716.png,results/segments/Normal/Normal-716.nrrd
/head/NFS/mkuyokwa/lungcxr/kaggle-negatives/Normal/Normal-717.png,results/segments/Normal/Normal-717.nrrd
/head/NFS/mkuyokwa/lungcxr/kaggle-negatives/Normal/Normal-718.png,results/segments/Normal/Normal-718.nrrd
/head/NFS/mkuyokwa/lungcxr/kaggle-negatives/Normal/Normal-719.png,results/segments/Normal/Normal-719.nrrd
/head/NFS/mkuyokwa/lungcxr/kaggle-negatives/Normal/Normal-72.png,results/segments/Normal/Normal-72.nrrd
/head/NFS/mkuyokwa/lungcxr/kaggle-negatives/Normal/Normal-720.png,results/segments/Normal/Normal-720.nrrd
/head/NFS/mkuyokwa/lungcxr/kaggle-negatives/Normal/Normal-721.png,results/segments/Normal/Normal-721.nrrd
/head/NFS/mkuyokwa/lungcxr/kaggle-negatives/Normal/Normal-722.png,results/segments/Normal/Normal-722.nrrd
/head/NFS/mkuyokwa/lungcxr/kaggle-negatives/Normal/Normal-723.png,results/segments/Normal/Normal-723.nrrd
/head/NFS/mkuyokwa/lungcxr/kaggle-negatives/Normal/Normal-724.png,results/segments/Normal/Normal-724.nrrd
/head/NFS/mkuyokwa/lungcxr/kaggle-negatives/Normal/Normal-725.png,results/segments/Normal/Normal-725.nrrd
/head/NFS/mkuyokwa/lungcxr/kaggle-negatives/Normal/Normal-726.png,results/segments/Normal/Normal-726.nrrd
/head/NFS/mkuyokwa/lungcxr/kaggle-negatives/Normal/Normal-727.png,results/segments/Normal/Normal-727.nrrd
/head/NFS/mkuyokwa/lungcxr/kaggle-negatives/Normal/Normal-728.png,results/segments/Normal/Normal-728.nrrd
/head/NFS/mkuyokwa/lungcxr/kaggle-negatives/Normal/Normal-729.png,results/segments/Normal/Normal-729.nrrd
/head/NFS/mkuyokwa/lungcxr/kaggle-negatives/Normal/Normal-73.png,results/segments/Normal/Normal-73.nrrd
/head/NFS/mkuyokwa/lungcxr/kaggle-negatives/Normal/Normal-730.png,results/segments/Normal/Normal-730.nrrd
/head/NFS/mkuyokwa/lungcxr/kaggle-negatives/Normal/Normal-731.png,results/segments/Normal/Normal-731.nrrd
/head/NFS/mkuyokwa/lungcxr/kaggle-negatives/Normal/Normal-732.png,results/segments/Normal/Normal-732.nrrd
/head/NFS/mkuyokwa/lungcxr/kaggle-negatives/Normal/Normal-733.png,results/segments/Normal/Normal-733.nrrd
/head/NFS/mkuyokwa/lungcxr/kaggle-negatives/Normal/Normal-734.png,results/segments/Normal/Normal-734.nrrd
/head/NFS/mkuyokwa/lungcxr/kaggle-negatives/Normal/Normal-735.png,results/segments/Normal/Normal-735.nrrd
/head/NFS/mkuyokwa/lungcxr/kaggle-negatives/Normal/Normal-736.png,results/segments/Normal/Normal-736.nrrd
/head/NFS/mkuyokwa/lungcxr/kaggle-negatives/Normal/Normal-737.png,results/segments/Normal/Normal-737.nrrd
/head/NFS/mkuyokwa/lungcxr/kaggle-negatives/Normal/Normal-738.png,results/segments/Normal/Normal-738.nrrd
/head/NFS/mkuyokwa/lungcxr/kaggle-negatives/Normal/Normal-739.png,results/segments/Normal/Normal-739.nrrd
/head/NFS/mkuyokwa/lungcxr/kaggle-negatives/Normal/Normal-74.png,results/segments/Normal/Normal-74.nrrd
/head/NFS/mkuyokwa/lungcxr/kaggle-negatives/Normal/Normal-740.png,results/segments/Normal/Normal-740.nrrd
/head/NFS/mkuyokwa/lungcxr/kaggle-negatives/Normal/Normal-741.png,results/segments/Normal/Normal-741.nrrd
/head/NFS/mkuyokwa/lungcxr/kaggle-negatives/Normal/Normal-742.png,results/segments/Normal/Normal-742.nrrd
/head/NFS/mkuyokwa/lungcxr/kaggle-negatives/Normal/Normal-743.png,results/segments/Normal/Normal-743.nrrd
/head/NFS/mkuyokwa/lungcxr/kaggle-negatives/Normal/Normal-744.png,results/segments/Normal/Normal-744.nrrd
/head/NFS/mkuyokwa/lungcxr/kaggle-negatives/Normal/Normal-745.png,results/segments/Normal/Normal-745.nrrd
/head/NFS/mkuyokwa/lungcxr/kaggle-negatives/Normal/Normal-746.png,results/segments/Normal/Normal-746.nrrd
/head/NFS/mkuyokwa/lungcxr/kaggle-negatives/Normal/Normal-747.png,results/segments/Normal/Normal-747.nrrd
/head/NFS/mkuyokwa/lungcxr/kaggle-negatives/Normal/Normal-748.png,results/segments/Normal/Normal-748.nrrd
/head/NFS/mkuyokwa/lungcxr/kaggle-negatives/Normal/Normal-749.png,results/segments/Normal/Normal-749.nrrd
/head/NFS/mkuyokwa/lungcxr/kaggle-negatives/Normal/Normal-75.png,results/segments/Normal/Normal-75.nrrd
/head/NFS/mkuyokwa/lungcxr/kaggle-negatives/Normal/Normal-750.png,results/segments/Normal/Normal-750.nrrd
/head/NFS/mkuyokwa/lungcxr/kaggle-negatives/Normal/Normal-751.png,results/segments/Normal/Normal-751.nrrd
/head/NFS/mkuyokwa/lungcxr/kaggle-negatives/Normal/Normal-752.png,results/segments/Normal/Normal-752.nrrd
/head/NFS/mkuyokwa/lungcxr/kaggle-negatives/Normal/Normal-753.png,results/segments/Normal/Normal-753.nrrd
/head/NFS/mkuyokwa/lungcxr/kaggle-negatives/Normal/Normal-754.png,results/segments/Normal/Normal-754.nrrd
/head/NFS/mkuyokwa/lungcxr/kaggle-negatives/Normal/Normal-755.png,results/segments/Normal/Normal-755.nrrd
/head/NFS/mkuyokwa/lungcxr/kaggle-negatives/Normal/Normal-756.png,results/segments/Normal/Normal-756.nrrd
/head/NFS/mkuyokwa/lungcxr/kaggle-negatives/Normal/Normal-757.png,results/segments/Normal/Normal-757.nrrd
/head/NFS/mkuyokwa/lungcxr/kaggle-negatives/Normal/Normal-758.png,results/segments/Normal/Normal-758.nrrd
/head/NFS/mkuyokwa/lungcxr/kaggle-negatives/Normal/Normal-759.png,results/segments/Normal/Normal-759.nrrd
/head/NFS/mkuyokwa/lungcxr/kaggle-negatives/Normal/Normal-76.png,results/segments/Normal/Normal-76.nrrd
/head/NFS/mkuyokwa/lungcxr/kaggle-negatives/Normal/Normal-760.png,results/segments/Normal/Normal-760.nrrd
/head/NFS/mkuyokwa/lungcxr/kaggle-negatives/Normal/Normal-761.png,results/segments/Normal/Normal-761.nrrd
/head/NFS/mkuyokwa/lungcxr/kaggle-negatives/Normal/Normal-762.png,results/segments/Normal/Normal-762.nrrd
/head/NFS/mkuyokwa/lungcxr/kaggle-negatives/Normal/Normal-763.png,results/segments/Normal/Normal-763.nrrd
/head/NFS/mkuyokwa/lungcxr/kaggle-negatives/Normal/Normal-764.png,results/segments/Normal/Normal-764.nrrd
/head/NFS/mkuyokwa/lungcxr/kaggle-negatives/Normal/Normal-765.png,results/segments/Normal/Normal-765.nrrd
/head/NFS/mkuyokwa/lungcxr/kaggle-negatives/Normal/Normal-766.png,results/segments/Normal/Normal-766.nrrd
/head/NFS/mkuyokwa/lungcxr/kaggle-negatives/Normal/Normal-767.png,results/segments/Normal/Normal-767.nrrd
/head/NFS/mkuyokwa/lungcxr/kaggle-negatives/Normal/Normal-768.png,results/segments/Normal/Normal-768.nrrd
/head/NFS/mkuyokwa/lungcxr/kaggle-negatives/Normal/Normal-769.png,results/segments/Normal/Normal-769.nrrd
/head/NFS/mkuyokwa/lungcxr/kaggle-negatives/Normal/Normal-77.png,results/segments/Normal/Normal-77.nrrd
/head/NFS/mkuyokwa/lungcxr/kaggle-negatives/Normal/Normal-770.png,results/segments/Normal/Normal-770.nrrd
/head/NFS/mkuyokwa/lungcxr/kaggle-negatives/Normal/Normal-771.png,results/segments/Normal/Normal-771.nrrd
/head/NFS/mkuyokwa/lungcxr/kaggle-negatives/Normal/Normal-772.png,results/segments/Normal/Normal-772.nrrd
/head/NFS/mkuyokwa/lungcxr/kaggle-negatives/Normal/Normal-773.png,results/segments/Normal/Normal-773.nrrd
/head/NFS/mkuyokwa/lungcxr/kaggle-negatives/Normal/Normal-774.png,results/segments/Normal/Normal-774.nrrd
/head/NFS/mkuyokwa/lungcxr/kaggle-negatives/Normal/Normal-775.png,results/segments/Normal/Normal-775.nrrd
/head/NFS/mkuyokwa/lungcxr/kaggle-negatives/Normal/Normal-776.png,results/segments/Normal/Normal-776.nrrd
/head/NFS/mkuyokwa/lungcxr/kaggle-negatives/Normal/Normal-777.png,results/segments/Normal/Normal-777.nrrd
/head/NFS/mkuyokwa/lungcxr/kaggle-negatives/Normal/Normal-778.png,results/segments/Normal/Normal-778.nrrd
/head/NFS/mkuyokwa/lungcxr/kaggle-negatives/Normal/Normal-779.png,results/segments/Normal/Normal-779.nrrd
/head/NFS/mkuyokwa/lungcxr/kaggle-negatives/Normal/Normal-78.png,results/segments/Normal/Normal-78.nrrd
/head/NFS/mkuyokwa/lungcxr/kaggle-negatives/Normal/Normal-780.png,results/segments/Normal/Normal-780.nrrd
/head/NFS/mkuyokwa/lungcxr/kaggle-negatives/Normal/Normal-781.png,results/segments/Normal/Normal-781.nrrd
/head/NFS/mkuyokwa/lungcxr/kaggle-negatives/Normal/Normal-782.png,results/segments/Normal/Normal-782.nrrd
/head/NFS/mkuyokwa/lungcxr/kaggle-negatives/Normal/Normal-783.png,results/segments/Normal/Normal-783.nrrd
/head/NFS/mkuyokwa/lungcxr/kaggle-negatives/Normal/Normal-784.png,results/segments/Normal/Normal-784.nrrd
/head/NFS/mkuyokwa/lungcxr/kaggle-negatives/Normal/Normal-785.png,results/segments/Normal/Normal-785.nrrd
/head/NFS/mkuyokwa/lungcxr/kaggle-negatives/Normal/Normal-786.png,results/segments/Normal/Normal-786.nrrd
/head/NFS/mkuyokwa/lungcxr/kaggle-negatives/Normal/Normal-787.png,results/segments/Normal/Normal-787.nrrd
/head/NFS/mkuyokwa/lungcxr/kaggle-negatives/Normal/Normal-788.png,results/segments/Normal/Normal-788.nrrd
/head/NFS/mkuyokwa/lungcxr/kaggle-negatives/Normal/Normal-789.png,results/segments/Normal/Normal-789.nrrd
/head/NFS/mkuyokwa/lungcxr/kaggle-negatives/Normal/Normal-79.png,results/segments/Normal/Normal-79.nrrd
/head/NFS/mkuyokwa/lungcxr/kaggle-negatives/Normal/Normal-790.png,results/segments/Normal/Normal-790.nrrd
/head/NFS/mkuyokwa/lungcxr/kaggle-negatives/Normal/Normal-791.png,results/segments/Normal/Normal-791.nrrd
/head/NFS/mkuyokwa/lungcxr/kaggle-negatives/Normal/Normal-792.png,results/segments/Normal/Normal-792.nrrd
/head/NFS/mkuyokwa/lungcxr/kaggle-negatives/Normal/Normal-793.png,results/segments/Normal/Normal-793.nrrd
/head/NFS/mkuyokwa/lungcxr/kaggle-negatives/Normal/Normal-794.png,results/segments/Normal/Normal-794.nrrd
/head/NFS/mkuyokwa/lungcxr/kaggle-negatives/Normal/Normal-795.png,results/segments/Normal/Normal-795.nrrd
/head/NFS/mkuyokwa/lungcxr/kaggle-negatives/Normal/Normal-796.png,results/segments/Normal/Normal-796.nrrd
/head/NFS/mkuyokwa/lungcxr/kaggle-negatives/Normal/Normal-797.png,results/segments/Normal/Normal-797.nrrd
/head/NFS/mkuyokwa/lungcxr/kaggle-negatives/Normal/Normal-798.png,results/segments/Normal/Normal-798.nrrd
/head/NFS/mkuyokwa/lungcxr/kaggle-negatives/Normal/Normal-799.png,results/segments/Normal/Normal-799.nrrd
/head/NFS/mkuyokwa/lungcxr/kaggle-negatives/Normal/Normal-8.png,results/segments/Normal/Normal-8.nrrd
/head/NFS/mkuyokwa/lungcxr/kaggle-negatives/Normal/Normal-80.png,results/segments/Normal/Normal-80.nrrd
/head/NFS/mkuyokwa/lungcxr/kaggle-negatives/Normal/Normal-800.png,results/segments/Normal/Normal-800.nrrd
/head/NFS/mkuyokwa/lungcxr/kaggle-negatives/Normal/Normal-801.png,results/segments/Normal/Normal-801.nrrd
/head/NFS/mkuyokwa/lungcxr/kaggle-negatives/Normal/Normal-802.png,results/segments/Normal/Normal-802.nrrd
/head/NFS/mkuyokwa/lungcxr/kaggle-negatives/Normal/Normal-803.png,results/segments/Normal/Normal-803.nrrd
/head/NFS/mkuyokwa/lungcxr/kaggle-negatives/Normal/Normal-804.png,results/segments/Normal/Normal-804.nrrd
/head/NFS/mkuyokwa/lungcxr/kaggle-negatives/Normal/Normal-805.png,results/segments/Normal/Normal-805.nrrd
/head/NFS/mkuyokwa/lungcxr/kaggle-negatives/Normal/Normal-806.png,results/segments/Normal/Normal-806.nrrd
/head/NFS/mkuyokwa/lungcxr/kaggle-negatives/Normal/Normal-807.png,results/segments/Normal/Normal-807.nrrd
/head/NFS/mkuyokwa/lungcxr/kaggle-negatives/Normal/Normal-808.png,results/segments/Normal/Normal-808.nrrd
/head/NFS/mkuyokwa/lungcxr/kaggle-negatives/Normal/Normal-809.png,results/segments/Normal/Normal-809.nrrd
/head/NFS/mkuyokwa/lungcxr/kaggle-negatives/Normal/Normal-81.png,results/segments/Normal/Normal-81.nrrd
/head/NFS/mkuyokwa/lungcxr/kaggle-negatives/Normal/Normal-810.png,results/segments/Normal/Normal-810.nrrd
/head/NFS/mkuyokwa/lungcxr/kaggle-negatives/Normal/Normal-811.png,results/segments/Normal/Normal-811.nrrd
/head/NFS/mkuyokwa/lungcxr/kaggle-negatives/Normal/Normal-812.png,results/segments/Normal/Normal-812.nrrd
/head/NFS/mkuyokwa/lungcxr/kaggle-negatives/Normal/Normal-813.png,results/segments/Normal/Normal-813.nrrd
/head/NFS/mkuyokwa/lungcxr/kaggle-negatives/Normal/Normal-814.png,results/segments/Normal/Normal-814.nrrd
/head/NFS/mkuyokwa/lungcxr/kaggle-negatives/Normal/Normal-815.png,results/segments/Normal/Normal-815.nrrd
/head/NFS/mkuyokwa/lungcxr/kaggle-negatives/Normal/Normal-816.png,results/segments/Normal/Normal-816.nrrd
/head/NFS/mkuyokwa/lungcxr/kaggle-negatives/Normal/Normal-817.png,results/segments/Normal/Normal-817.nrrd
/head/NFS/mkuyokwa/lungcxr/kaggle-negatives/Normal/Normal-818.png,results/segments/Normal/Normal-818.nrrd
/head/NFS/mkuyokwa/lungcxr/kaggle-negatives/Normal/Normal-819.png,results/segments/Normal/Normal-819.nrrd
/head/NFS/mkuyokwa/lungcxr/kaggle-negatives/Normal/Normal-82.png,results/segments/Normal/Normal-82.nrrd
/head/NFS/mkuyokwa/lungcxr/kaggle-negatives/Normal/Normal-820.png,results/segments/Normal/Normal-820.nrrd
/head/NFS/mkuyokwa/lungcxr/kaggle-negatives/Normal/Normal-821.png,results/segments/Normal/Normal-821.nrrd
/head/NFS/mkuyokwa/lungcxr/kaggle-negatives/Normal/Normal-822.png,results/segments/Normal/Normal-822.nrrd
/head/NFS/mkuyokwa/lungcxr/kaggle-negatives/Normal/Normal-823.png,results/segments/Normal/Normal-823.nrrd
/head/NFS/mkuyokwa/lungcxr/kaggle-negatives/Normal/Normal-824.png,results/segments/Normal/Normal-824.nrrd
/head/NFS/mkuyokwa/lungcxr/kaggle-negatives/Normal/Normal-825.png,results/segments/Normal/Normal-825.nrrd
/head/NFS/mkuyokwa/lungcxr/kaggle-negatives/Normal/Normal-826.png,results/segments/Normal/Normal-826.nrrd
/head/NFS/mkuyokwa/lungcxr/kaggle-negatives/Normal/Normal-827.png,results/segments/Normal/Normal-827.nrrd
/head/NFS/mkuyokwa/lungcxr/kaggle-negatives/Normal/Normal-828.png,results/segments/Normal/Normal-828.nrrd
/head/NFS/mkuyokwa/lungcxr/kaggle-negatives/Normal/Normal-829.png,results/segments/Normal/Normal-829.nrrd
/head/NFS/mkuyokwa/lungcxr/kaggle-negatives/Normal/Normal-83.png,results/segments/Normal/Normal-83.nrrd
/head/NFS/mkuyokwa/lungcxr/kaggle-negatives/Normal/Normal-830.png,results/segments/Normal/Normal-830.nrrd
/head/NFS/mkuyokwa/lungcxr/kaggle-negatives/Normal/Normal-831.png,results/segments/Normal/Normal-831.nrrd
/head/NFS/mkuyokwa/lungcxr/kaggle-negatives/Normal/Normal-832.png,results/segments/Normal/Normal-832.nrrd
/head/NFS/mkuyokwa/lungcxr/kaggle-negatives/Normal/Normal-833.png,results/segments/Normal/Normal-833.nrrd
/head/NFS/mkuyokwa/lungcxr/kaggle-negatives/Normal/Normal-834.png,results/segments/Normal/Normal-834.nrrd
/head/NFS/mkuyokwa/lungcxr/kaggle-negatives/Normal/Normal-835.png,results/segments/Normal/Normal-835.nrrd
/head/NFS/mkuyokwa/lungcxr/kaggle-negatives/Normal/Normal-836.png,results/segments/Normal/Normal-836.nrrd
/head/NFS/mkuyokwa/lungcxr/kaggle-negatives/Normal/Normal-837.png,results/segments/Normal/Normal-837.nrrd
/head/NFS/mkuyokwa/lungcxr/kaggle-negatives/Normal/Normal-838.png,results/segments/Normal/Normal-838.nrrd
/head/NFS/mkuyokwa/lungcxr/kaggle-negatives/Normal/Normal-839.png,results/segments/Normal/Normal-839.nrrd
/head/NFS/mkuyokwa/lungcxr/kaggle-negatives/Normal/Normal-84.png,results/segments/Normal/Normal-84.nrrd
/head/NFS/mkuyokwa/lungcxr/kaggle-negatives/Normal/Normal-840.png,results/segments/Normal/Normal-840.nrrd
/head/NFS/mkuyokwa/lungcxr/kaggle-negatives/Normal/Normal-841.png,results/segments/Normal/Normal-841.nrrd
/head/NFS/mkuyokwa/lungcxr/kaggle-negatives/Normal/Normal-842.png,results/segments/Normal/Normal-842.nrrd
/head/NFS/mkuyokwa/lungcxr/kaggle-negatives/Normal/Normal-843.png,results/segments/Normal/Normal-843.nrrd
/head/NFS/mkuyokwa/lungcxr/kaggle-negatives/Normal/Normal-844.png,results/segments/Normal/Normal-844.nrrd
/head/NFS/mkuyokwa/lungcxr/kaggle-negatives/Normal/Normal-845.png,results/segments/Normal/Normal-845.nrrd
/head/NFS/mkuyokwa/lungcxr/kaggle-negatives/Normal/Normal-846.png,results/segments/Normal/Normal-846.nrrd
/head/NFS/mkuyokwa/lungcxr/kaggle-negatives/Normal/Normal-847.png,results/segments/Normal/Normal-847.nrrd
/head/NFS/mkuyokwa/lungcxr/kaggle-negatives/Normal/Normal-848.png,results/segments/Normal/Normal-848.nrrd
/head/NFS/mkuyokwa/lungcxr/kaggle-negatives/Normal/Normal-849.png,results/segments/Normal/Normal-849.nrrd
/head/NFS/mkuyokwa/lungcxr/kaggle-negatives/Normal/Normal-85.png,results/segments/Normal/Normal-85.nrrd
/head/NFS/mkuyokwa/lungcxr/kaggle-negatives/Normal/Normal-850.png,results/segments/Normal/Normal-850.nrrd
/head/NFS/mkuyokwa/lungcxr/kaggle-negatives/Normal/Normal-851.png,results/segments/Normal/Normal-851.nrrd
/head/NFS/mkuyokwa/lungcxr/kaggle-negatives/Normal/Normal-852.png,results/segments/Normal/Normal-852.nrrd
/head/NFS/mkuyokwa/lungcxr/kaggle-negatives/Normal/Normal-853.png,results/segments/Normal/Normal-853.nrrd
/head/NFS/mkuyokwa/lungcxr/kaggle-negatives/Normal/Normal-854.png,results/segments/Normal/Normal-854.nrrd
/head/NFS/mkuyokwa/lungcxr/kaggle-negatives/Normal/Normal-855.png,results/segments/Normal/Normal-855.nrrd
/head/NFS/mkuyokwa/lungcxr/kaggle-negatives/Normal/Normal-856.png,results/segments/Normal/Normal-856.nrrd
/head/NFS/mkuyokwa/lungcxr/kaggle-negatives/Normal/Normal-857.png,results/segments/Normal/Normal-857.nrrd
/head/NFS/mkuyokwa/lungcxr/kaggle-negatives/Normal/Normal-858.png,results/segments/Normal/Normal-858.nrrd
/head/NFS/mkuyokwa/lungcxr/kaggle-negatives/Normal/Normal-859.png,results/segments/Normal/Normal-859.nrrd
/head/NFS/mkuyokwa/lungcxr/kaggle-negatives/Normal/Normal-86.png,results/segments/Normal/Normal-86.nrrd
/head/NFS/mkuyokwa/lungcxr/kaggle-negatives/Normal/Normal-860.png,results/segments/Normal/Normal-860.nrrd
/head/NFS/mkuyokwa/lungcxr/kaggle-negatives/Normal/Normal-861.png,results/segments/Normal/Normal-861.nrrd
/head/NFS/mkuyokwa/lungcxr/kaggle-negatives/Normal/Normal-862.png,results/segments/Normal/Normal-862.nrrd
/head/NFS/mkuyokwa/lungcxr/kaggle-negatives/Normal/Normal-863.png,results/segments/Normal/Normal-863.nrrd
/head/NFS/mkuyokwa/lungcxr/kaggle-negatives/Normal/Normal-864.png,results/segments/Normal/Normal-864.nrrd
/head/NFS/mkuyokwa/lungcxr/kaggle-negatives/Normal/Normal-865.png,results/segments/Normal/Normal-865.nrrd
/head/NFS/mkuyokwa/lungcxr/kaggle-negatives/Normal/Normal-866.png,results/segments/Normal/Normal-866.nrrd
/head/NFS/mkuyokwa/lungcxr/kaggle-negatives/Normal/Normal-867.png,results/segments/Normal/Normal-867.nrrd
/head/NFS/mkuyokwa/lungcxr/kaggle-negatives/Normal/Normal-868.png,results/segments/Normal/Normal-868.nrrd
/head/NFS/mkuyokwa/lungcxr/kaggle-negatives/Normal/Normal-869.png,results/segments/Normal/Normal-869.nrrd
/head/NFS/mkuyokwa/lungcxr/kaggle-negatives/Normal/Normal-87.png,results/segments/Normal/Normal-87.nrrd
/head/NFS/mkuyokwa/lungcxr/kaggle-negatives/Normal/Normal-870.png,results/segments/Normal/Normal-870.nrrd
/head/NFS/mkuyokwa/lungcxr/kaggle-negatives/Normal/Normal-871.png,results/segments/Normal/Normal-871.nrrd
/head/NFS/mkuyokwa/lungcxr/kaggle-negatives/Normal/Normal-872.png,results/segments/Normal/Normal-872.nrrd
/head/NFS/mkuyokwa/lungcxr/kaggle-negatives/Normal/Normal-873.png,results/segments/Normal/Normal-873.nrrd
/head/NFS/mkuyokwa/lungcxr/kaggle-negatives/Normal/Normal-874.png,results/segments/Normal/Normal-874.nrrd
/head/NFS/mkuyokwa/lungcxr/kaggle-negatives/Normal/Normal-875.png,results/segments/Normal/Normal-875.nrrd
/head/NFS/mkuyokwa/lungcxr/kaggle-negatives/Normal/Normal-876.png,results/segments/Normal/Normal-876.nrrd
/head/NFS/mkuyokwa/lungcxr/kaggle-negatives/Normal/Normal-877.png,results/segments/Normal/Normal-877.nrrd
/head/NFS/mkuyokwa/lungcxr/kaggle-negatives/Normal/Normal-878.png,results/segments/Normal/Normal-878.nrrd
/head/NFS/mkuyokwa/lungcxr/kaggle-negatives/Normal/Normal-879.png,results/segments/Normal/Normal-879.nrrd
/head/NFS/mkuyokwa/lungcxr/kaggle-negatives/Normal/Normal-88.png,results/segments/Normal/Normal-88.nrrd
/head/NFS/mkuyokwa/lungcxr/kaggle-negatives/Normal/Normal-880.png,results/segments/Normal/Normal-880.nrrd
/head/NFS/mkuyokwa/lungcxr/kaggle-negatives/Normal/Normal-881.png,results/segments/Normal/Normal-881.nrrd
/head/NFS/mkuyokwa/lungcxr/kaggle-negatives/Normal/Normal-882.png,results/segments/Normal/Normal-882.nrrd
/head/NFS/mkuyokwa/lungcxr/kaggle-negatives/Normal/Normal-883.png,results/segments/Normal/Normal-883.nrrd
/head/NFS/mkuyokwa/lungcxr/kaggle-negatives/Normal/Normal-884.png,results/segments/Normal/Normal-884.nrrd
/head/NFS/mkuyokwa/lungcxr/kaggle-negatives/Normal/Normal-885.png,results/segments/Normal/Normal-885.nrrd
/head/NFS/mkuyokwa/lungcxr/kaggle-negatives/Normal/Normal-886.png,results/segments/Normal/Normal-886.nrrd
/head/NFS/mkuyokwa/lungcxr/kaggle-negatives/Normal/Normal-887.png,results/segments/Normal/Normal-887.nrrd
/head/NFS/mkuyokwa/lungcxr/kaggle-negatives/Normal/Normal-888.png,results/segments/Normal/Normal-888.nrrd
/head/NFS/mkuyokwa/lungcxr/kaggle-negatives/Normal/Normal-889.png,results/segments/Normal/Normal-889.nrrd
/head/NFS/mkuyokwa/lungcxr/kaggle-negatives/Normal/Normal-89.png,results/segments/Normal/Normal-89.nrrd
/head/NFS/mkuyokwa/lungcxr/kaggle-negatives/Normal/Normal-890.png,results/segments/Normal/Normal-890.nrrd
/head/NFS/mkuyokwa/lungcxr/kaggle-negatives/Normal/Normal-891.png,results/segments/Normal/Normal-891.nrrd
/head/NFS/mkuyokwa/lungcxr/kaggle-negatives/Normal/Normal-892.png,results/segments/Normal/Normal-892.nrrd
/head/NFS/mkuyokwa/lungcxr/kaggle-negatives/Normal/Normal-893.png,results/segments/Normal/Normal-893.nrrd
/head/NFS/mkuyokwa/lungcxr/kaggle-negatives/Normal/Normal-894.png,results/segments/Normal/Normal-894.nrrd
/head/NFS/mkuyokwa/lungcxr/kaggle-negatives/Normal/Normal-895.png,results/segments/Normal/Normal-895.nrrd
/head/NFS/mkuyokwa/lungcxr/kaggle-negatives/Normal/Normal-896.png,results/segments/Normal/Normal-896.nrrd
/head/NFS/mkuyokwa/lungcxr/kaggle-negatives/Normal/Normal-897.png,results/segments/Normal/Normal-897.nrrd
/head/NFS/mkuyokwa/lungcxr/kaggle-negatives/Normal/Normal-898.png,results/segments/Normal/Normal-898.nrrd
/head/NFS/mkuyokwa/lungcxr/kaggle-negatives/Normal/Normal-899.png,results/segments/Normal/Normal-899.nrrd
/head/NFS/mkuyokwa/lungcxr/kaggle-negatives/Normal/Normal-9.png,results/segments/Normal/Normal-9.nrrd
/head/NFS/mkuyokwa/lungcxr/kaggle-negatives/Normal/Normal-90.png,results/segments/Normal/Normal-90.nrrd
/head/NFS/mkuyokwa/lungcxr/kaggle-negatives/Normal/Normal-900.png,results/segments/Normal/Normal-900.nrrd
/head/NFS/mkuyokwa/lungcxr/kaggle-negatives/Normal/Normal-901.png,results/segments/Normal/Normal-901.nrrd
/head/NFS/mkuyokwa/lungcxr/kaggle-negatives/Normal/Normal-902.png,results/segments/Normal/Normal-902.nrrd
/head/NFS/mkuyokwa/lungcxr/kaggle-negatives/Normal/Normal-903.png,results/segments/Normal/Normal-903.nrrd
/head/NFS/mkuyokwa/lungcxr/kaggle-negatives/Normal/Normal-904.png,results/segments/Normal/Normal-904.nrrd
/head/NFS/mkuyokwa/lungcxr/kaggle-negatives/Normal/Normal-905.png,results/segments/Normal/Normal-905.nrrd
/head/NFS/mkuyokwa/lungcxr/kaggle-negatives/Normal/Normal-906.png,results/segments/Normal/Normal-906.nrrd
/head/NFS/mkuyokwa/lungcxr/kaggle-negatives/Normal/Normal-907.png,results/segments/Normal/Normal-907.nrrd
/head/NFS/mkuyokwa/lungcxr/kaggle-negatives/Normal/Normal-908.png,results/segments/Normal/Normal-908.nrrd
/head/NFS/mkuyokwa/lungcxr/kaggle-negatives/Normal/Normal-909.png,results/segments/Normal/Normal-909.nrrd
/head/NFS/mkuyokwa/lungcxr/kaggle-negatives/Normal/Normal-91.png,results/segments/Normal/Normal-91.nrrd
/head/NFS/mkuyokwa/lungcxr/kaggle-negatives/Normal/Normal-910.png,results/segments/Normal/Normal-910.nrrd
/head/NFS/mkuyokwa/lungcxr/kaggle-negatives/Normal/Normal-911.png,results/segments/Normal/Normal-911.nrrd
/head/NFS/mkuyokwa/lungcxr/kaggle-negatives/Normal/Normal-912.png,results/segments/Normal/Normal-912.nrrd
/head/NFS/mkuyokwa/lungcxr/kaggle-negatives/Normal/Normal-913.png,results/segments/Normal/Normal-913.nrrd
/head/NFS/mkuyokwa/lungcxr/kaggle-negatives/Normal/Normal-914.png,results/segments/Normal/Normal-914.nrrd
/head/NFS/mkuyokwa/lungcxr/kaggle-negatives/Normal/Normal-915.png,results/segments/Normal/Normal-915.nrrd
/head/NFS/mkuyokwa/lungcxr/kaggle-negatives/Normal/Normal-916.png,results/segments/Normal/Normal-916.nrrd
/head/NFS/mkuyokwa/lungcxr/kaggle-negatives/Normal/Normal-917.png,results/segments/Normal/Normal-917.nrrd
/head/NFS/mkuyokwa/lungcxr/kaggle-negatives/Normal/Normal-918.png,results/segments/Normal/Normal-918.nrrd
/head/NFS/mkuyokwa/lungcxr/kaggle-negatives/Normal/Normal-919.png,results/segments/Normal/Normal-919.nrrd
/head/NFS/mkuyokwa/lungcxr/kaggle-negatives/Normal/Normal-92.png,results/segments/Normal/Normal-92.nrrd
/head/NFS/mkuyokwa/lungcxr/kaggle-negatives/Normal/Normal-920.png,results/segments/Normal/Normal-920.nrrd
/head/NFS/mkuyokwa/lungcxr/kaggle-negatives/Normal/Normal-921.png,results/segments/Normal/Normal-921.nrrd
/head/NFS/mkuyokwa/lungcxr/kaggle-negatives/Normal/Normal-922.png,results/segments/Normal/Normal-922.nrrd
/head/NFS/mkuyokwa/lungcxr/kaggle-negatives/Normal/Normal-923.png,results/segments/Normal/Normal-923.nrrd
/head/NFS/mkuyokwa/lungcxr/kaggle-negatives/Normal/Normal-924.png,results/segments/Normal/Normal-924.nrrd
/head/NFS/mkuyokwa/lungcxr/kaggle-negatives/Normal/Normal-925.png,results/segments/Normal/Normal-925.nrrd
/head/NFS/mkuyokwa/lungcxr/kaggle-negatives/Normal/Normal-926.png,results/segments/Normal/Normal-926.nrrd
/head/NFS/mkuyokwa/lungcxr/kaggle-negatives/Normal/Normal-927.png,results/segments/Normal/Normal-927.nrrd
/head/NFS/mkuyokwa/lungcxr/kaggle-negatives/Normal/Normal-928.png,results/segments/Normal/Normal-928.nrrd
/head/NFS/mkuyokwa/lungcxr/kaggle-negatives/Normal/Normal-929.png,results/segments/Normal/Normal-929.nrrd
/head/NFS/mkuyokwa/lungcxr/kaggle-negatives/Normal/Normal-93.png,results/segments/Normal/Normal-93.nrrd
/head/NFS/mkuyokwa/lungcxr/kaggle-negatives/Normal/Normal-930.png,results/segments/Normal/Normal-930.nrrd
/head/NFS/mkuyokwa/lungcxr/kaggle-negatives/Normal/Normal-931.png,results/segments/Normal/Normal-931.nrrd
/head/NFS/mkuyokwa/lungcxr/kaggle-negatives/Normal/Normal-932.png,results/segments/Normal/Normal-932.nrrd
/head/NFS/mkuyokwa/lungcxr/kaggle-negatives/Normal/Normal-933.png,results/segments/Normal/Normal-933.nrrd
/head/NFS/mkuyokwa/lungcxr/kaggle-negatives/Normal/Normal-934.png,results/segments/Normal/Normal-934.nrrd
/head/NFS/mkuyokwa/lungcxr/kaggle-negatives/Normal/Normal-935.png,results/segments/Normal/Normal-935.nrrd
/head/NFS/mkuyokwa/lungcxr/kaggle-negatives/Normal/Normal-936.png,results/segments/Normal/Normal-936.nrrd
/head/NFS/mkuyokwa/lungcxr/kaggle-negatives/Normal/Normal-937.png,results/segments/Normal/Normal-937.nrrd
/head/NFS/mkuyokwa/lungcxr/kaggle-negatives/Normal/Normal-938.png,results/segments/Normal/Normal-938.nrrd
/head/NFS/mkuyokwa/lungcxr/kaggle-negatives/Normal/Normal-939.png,results/segments/Normal/Normal-939.nrrd
/head/NFS/mkuyokwa/lungcxr/kaggle-negatives/Normal/Normal-94.png,results/segments/Normal/Normal-94.nrrd
/head/NFS/mkuyokwa/lungcxr/kaggle-negatives/Normal/Normal-940.png,results/segments/Normal/Normal-940.nrrd
/head/NFS/mkuyokwa/lungcxr/kaggle-negatives/Normal/Normal-941.png,results/segments/Normal/Normal-941.nrrd
/head/NFS/mkuyokwa/lungcxr/kaggle-negatives/Normal/Normal-942.png,results/segments/Normal/Normal-942.nrrd
/head/NFS/mkuyokwa/lungcxr/kaggle-negatives/Normal/Normal-943.png,results/segments/Normal/Normal-943.nrrd
/head/NFS/mkuyokwa/lungcxr/kaggle-negatives/Normal/Normal-944.png,results/segments/Normal/Normal-944.nrrd
/head/NFS/mkuyokwa/lungcxr/kaggle-negatives/Normal/Normal-945.png,results/segments/Normal/Normal-945.nrrd
/head/NFS/mkuyokwa/lungcxr/kaggle-negatives/Normal/Normal-946.png,results/segments/Normal/Normal-946.nrrd
/head/NFS/mkuyokwa/lungcxr/kaggle-negatives/Normal/Normal-947.png,results/segments/Normal/Normal-947.nrrd
/head/NFS/mkuyokwa/lungcxr/kaggle-negatives/Normal/Normal-948.png,results/segments/Normal/Normal-948.nrrd
/head/NFS/mkuyokwa/lungcxr/kaggle-negatives/Normal/Normal-949.png,results/segments/Normal/Normal-949.nrrd
/head/NFS/mkuyokwa/lungcxr/kaggle-negatives/Normal/Normal-95.png,results/segments/Normal/Normal-95.nrrd
/head/NFS/mkuyokwa/lungcxr/kaggle-negatives/Normal/Normal-950.png,results/segments/Normal/Normal-950.nrrd
/head/NFS/mkuyokwa/lungcxr/kaggle-negatives/Normal/Normal-951.png,results/segments/Normal/Normal-951.nrrd
/head/NFS/mkuyokwa/lungcxr/kaggle-negatives/Normal/Normal-952.png,results/segments/Normal/Normal-952.nrrd
/head/NFS/mkuyokwa/lungcxr/kaggle-negatives/Normal/Normal-953.png,results/segments/Normal/Normal-953.nrrd
/head/NFS/mkuyokwa/lungcxr/kaggle-negatives/Normal/Normal-954.png,results/segments/Normal/Normal-954.nrrd
/head/NFS/mkuyokwa/lungcxr/kaggle-negatives/Normal/Normal-955.png,results/segments/Normal/Normal-955.nrrd
/head/NFS/mkuyokwa/lungcxr/kaggle-negatives/Normal/Normal-956.png,results/segments/Normal/Normal-956.nrrd
/head/NFS/mkuyokwa/lungcxr/kaggle-negatives/Normal/Normal-957.png,results/segments/Normal/Normal-957.nrrd
/head/NFS/mkuyokwa/lungcxr/kaggle-negatives/Normal/Normal-958.png,results/segments/Normal/Normal-958.nrrd
/head/NFS/mkuyokwa/lungcxr/kaggle-negatives/Normal/Normal-959.png,results/segments/Normal/Normal-959.nrrd
/head/NFS/mkuyokwa/lungcxr/kaggle-negatives/Normal/Normal-96.png,results/segments/Normal/Normal-96.nrrd
/head/NFS/mkuyokwa/lungcxr/kaggle-negatives/Normal/Normal-960.png,results/segments/Normal/Normal-960.nrrd
/head/NFS/mkuyokwa/lungcxr/kaggle-negatives/Normal/Normal-961.png,results/segments/Normal/Normal-961.nrrd
/head/NFS/mkuyokwa/lungcxr/kaggle-negatives/Normal/Normal-962.png,results/segments/Normal/Normal-962.nrrd
/head/NFS/mkuyokwa/lungcxr/kaggle-negatives/Normal/Normal-963.png,results/segments/Normal/Normal-963.nrrd
/head/NFS/mkuyokwa/lungcxr/kaggle-negatives/Normal/Normal-964.png,results/segments/Normal/Normal-964.nrrd
/head/NFS/mkuyokwa/lungcxr/kaggle-negatives/Normal/Normal-965.png,results/segments/Normal/Normal-965.nrrd
/head/NFS/mkuyokwa/lungcxr/kaggle-negatives/Normal/Normal-966.png,results/segments/Normal/Normal-966.nrrd
/head/NFS/mkuyokwa/lungcxr/kaggle-negatives/Normal/Normal-967.png,results/segments/Normal/Normal-967.nrrd
/head/NFS/mkuyokwa/lungcxr/kaggle-negatives/Normal/Normal-968.png,results/segments/Normal/Normal-968.nrrd
/head/NFS/mkuyokwa/lungcxr/kaggle-negatives/Normal/Normal-969.png,results/segments/Normal/Normal-969.nrrd
/head/NFS/mkuyokwa/lungcxr/kaggle-negatives/Normal/Normal-97.png,results/segments/Normal/Normal-97.nrrd
/head/NFS/mkuyokwa/lungcxr/kaggle-negatives/Normal/Normal-970.png,results/segments/Normal/Normal-970.nrrd
/head/NFS/mkuyokwa/lungcxr/kaggle-negatives/Normal/Normal-971.png,results/segments/Normal/Normal-971.nrrd
/head/NFS/mkuyokwa/lungcxr/kaggle-negatives/Normal/Normal-972.png,results/segments/Normal/Normal-972.nrrd
/head/NFS/mkuyokwa/lungcxr/kaggle-negatives/Normal/Normal-973.png,results/segments/Normal/Normal-973.nrrd
/head/NFS/mkuyokwa/lungcxr/kaggle-negatives/Normal/Normal-974.png,results/segments/Normal/Normal-974.nrrd
/head/NFS/mkuyokwa/lungcxr/kaggle-negatives/Normal/Normal-975.png,results/segments/Normal/Normal-975.nrrd
/head/NFS/mkuyokwa/lungcxr/kaggle-negatives/Normal/Normal-976.png,results/segments/Normal/Normal-976.nrrd
/head/NFS/mkuyokwa/lungcxr/kaggle-negatives/Normal/Normal-977.png,results/segments/Normal/Normal-977.nrrd
/head/NFS/mkuyokwa/lungcxr/kaggle-negatives/Normal/Normal-978.png,results/segments/Normal/Normal-978.nrrd
/head/NFS/mkuyokwa/lungcxr/kaggle-negatives/Normal/Normal-979.png,results/segments/Normal/Normal-979.nrrd
/head/NFS/mkuyokwa/lungcxr/kaggle-negatives/Normal/Normal-98.png,results/segments/Normal/Normal-98.nrrd
/head/NFS/mkuyokwa/lungcxr/kaggle-negatives/Normal/Normal-980.png,results/segments/Normal/Normal-980.nrrd
/head/NFS/mkuyokwa/lungcxr/kaggle-negatives/Normal/Normal-981.png,results/segments/Normal/Normal-981.nrrd
/head/NFS/mkuyokwa/lungcxr/kaggle-negatives/Normal/Normal-982.png,results/segments/Normal/Normal-982.nrrd
/head/NFS/mkuyokwa/lungcxr/kaggle-negatives/Normal/Normal-983.png,results/segments/Normal/Normal-983.nrrd
/head/NFS/mkuyokwa/lungcxr/kaggle-negatives/Normal/Normal-984.png,results/segments/Normal/Normal-984.nrrd
/head/NFS/mkuyokwa/lungcxr/kaggle-negatives/Normal/Normal-985.png,results/segments/Normal/Normal-985.nrrd
/head/NFS/mkuyokwa/lungcxr/kaggle-negatives/Normal/Normal-986.png,results/segments/Normal/Normal-986.nrrd
/head/NFS/mkuyokwa/lungcxr/kaggle-negatives/Normal/Normal-987.png,results/segments/Normal/Normal-987.nrrd
/head/NFS/mkuyokwa/lungcxr/kaggle-negatives/Normal/Normal-988.png,results/segments/Normal/Normal-988.nrrd
/head/NFS/mkuyokwa/lungcxr/kaggle-negatives/Normal/Normal-989.png,results/segments/Normal/Normal-989.nrrd
/head/NFS/mkuyokwa/lungcxr/kaggle-negatives/Normal/Normal-99.png,results/segments/Normal/Normal-99.nrrd
/head/NFS/mkuyokwa/lungcxr/kaggle-negatives/Normal/Normal-990.png,results/segments/Normal/Normal-990.nrrd
/head/NFS/mkuyokwa/lungcxr/kaggle-negatives/Normal/Normal-991.png,results/segments/Normal/Normal-991.nrrd
/head/NFS/mkuyokwa/lungcxr/kaggle-negatives/Normal/Normal-992.png,results/segments/Normal/Normal-992.nrrd
/head/NFS/mkuyokwa/lungcxr/kaggle-negatives/Normal/Normal-993.png,results/segments/Normal/Normal-993.nrrd
/head/NFS/mkuyokwa/lungcxr/kaggle-negatives/Normal/Normal-994.png,results/segments/Normal/Normal-994.nrrd
/head/NFS/mkuyokwa/lungcxr/kaggle-negatives/Normal/Normal-995.png,results/segments/Normal/Normal-995.nrrd
/head/NFS/mkuyokwa/lungcxr/kaggle-negatives/Normal/Normal-996.png,results/segments/Normal/Normal-996.nrrd
/head/NFS/mkuyokwa/lungcxr/kaggle-negatives/Normal/Normal-997.png,results/segments/Normal/Normal-997.nrrd
/head/NFS/mkuyokwa/lungcxr/kaggle-negatives/Normal/Normal-998.png,results/segments/Normal/Normal-998.nrrd
/head/NFS/mkuyokwa/lungcxr/kaggle-negatives/Normal/Normal-999.png,results/segments/Normal/Normal-999.nrrd
