cxr_file,pred_mask_file,true_label,predicted_label,tb_probability,category,confidence,correct,masked,gradcam_path,left_activation,right_activation,left_activation_ratio,left_lung_bias,split_col,split_method
/head/NFS/mkuyokwa/lungcxr/lung_cxr_segmentation/normal_dataset/img/00004146_person1315_bacteria_3322.png,/head/NFS/mkuyokwa/lungcxr/lung_cxr_segmentation/normal-results/segments/normal_full/00004146_person1315_bacteria_3322.nrrd,0,0,2.268225e-09,excellent,0.9999997615814209,True,True,/head/NFS/mkuyokwa/lungcxr/classification-pipeline/gradcam/overlays/00004146_person1315_bacteria_3322_gradcam.png,21140.3125,16642.51953125,0.5595216494760094,1,246,mask_bbox_midline
/head/NFS/mkuyokwa/lungcxr/lung_cxr_segmentation/normal_dataset/img/00005326_IM-0629-0001-0002.png,/head/NFS/mkuyokwa/lungcxr/lung_cxr_segmentation/normal-results/segments/normal_full/00005326_IM-0629-0001-0002.nrrd,0,0,6.3504473e-09,excellent,0.9999995231628418,True,True,/head/NFS/mkuyokwa/lungcxr/classification-pipeline/gradcam/overlays/00005326_IM-0629-0001-0002_gradcam.png,19093.18359375,13699.86328125,0.5822326808036193,1,246,mask_bbox_midline
/head/NFS/mkuyokwa/lungcxr/lung_cxr_segmentation/normal_dataset/img/00006292_person8_virus_27.png,/head/NFS/mkuyokwa/lungcxr/lung_cxr_segmentation/normal-results/segments/normal_full/00006292_person8_virus_27.nrrd,0,0,1.4119986e-09,excellent,0.9999998807907104,True,True,/head/NFS/mkuyokwa/lungcxr/classification-pipeline/gradcam/overlays/00006292_person8_virus_27_gradcam.png,20385.2890625,15452.3359375,0.5688236612359218,1,261,mask_bbox_midline
/head/NFS/mkuyokwa/lungcxr/lung_cxr_segmentation/normal_dataset/img/00000674_person574_virus_1118.png,/head/NFS/mkuyokwa/lungcxr/lung_cxr_segmentation/normal-results/segments/normal_full/00000674_person574_virus_1118.nrrd,0,0,1.1737359e-09,excellent,0.9999998807907104,True,True,/head/NFS/mkuyokwa/lungcxr/classification-pipeline/gradcam/overlays/00000674_person574_virus_1118_gradcam.png,24103.857421875,20908.19921875,0.5354978026069664,1,249,mask_bbox_midline
/head/NFS/mkuyokwa/lungcxr/lung_cxr_segmentation/normal_dataset/img/00003418_person264_bacteria_1229.png,/head/NFS/mkuyokwa/lungcxr/lung_cxr_segmentation/normal-results/segments/normal_full/00003418_person264_bacteria_1229.nrrd,0,0,1.0448088e-09,excellent,0.9999998807907104,True,True,/head/NFS/mkuyokwa/lungcxr/classification-pipeline/gradcam/overlays/00003418_person264_bacteria_1229_gradcam.png,22296.767578125,15454.451171875,0.5906237815997663,1,259,mask_bbox_midline
/head/NFS/mkuyokwa/lungcxr/lung_cxr_segmentation/normal_dataset/img/00002456_person548_bacteria_2301.png,/head/NFS/mkuyokwa/lungcxr/lung_cxr_segmentation/normal-results/segments/normal_full/00002456_person548_bacteria_2301.nrrd,0,0,4.8771964e-10,excellent,0.9999998807907104,True,True,/head/NFS/mkuyokwa/lungcxr/classification-pipeline/gradcam/overlays/00002456_person548_bacteria_2301_gradcam.png,21879.6171875,22721.26171875,0.49056470912805195,0,241,mask_bbox_midline
/head/NFS/mkuyokwa/lungcxr/lung_cxr_segmentation/normal_dataset/img/00004534_NORMAL2-IM-1277-0001-0001.png,/head/NFS/mkuyokwa/lungcxr/lung_cxr_segmentation/normal-results/segments/normal_full/00004534_NORMAL2-IM-1277-0001-0001.nrrd,0,0,1.5401065e-09,excellent,0.9999995231628418,True,True,/head/NFS/mkuyokwa/lungcxr/classification-pipeline/gradcam/overlays/00004534_NORMAL2-IM-1277-0001-0001_gradcam.png,18874.32421875,18092.544921875,0.5105740534030763,1,270,mask_bbox_midline
/head/NFS/mkuyokwa/lungcxr/lung_cxr_segmentation/normal_dataset/img/00000789_person408_virus_815.png,/head/NFS/mkuyokwa/lungcxr/lung_cxr_segmentation/normal-results/segments/normal_full/00000789_person408_virus_815.nrrd,0,0,1.8479022e-09,excellent,0.9999997615814209,True,True,/head/NFS/mkuyokwa/lungcxr/classification-pipeline/gradcam/overlays/00000789_person408_virus_815_gradcam.png,24951.193359375,12127.37109375,0.6729277070831177,1,277,mask_bbox_midline
/head/NFS/mkuyokwa/lungcxr/lung_cxr_segmentation/normal_dataset/img/00006011_NORMAL2-IM-0353-0001.png,/head/NFS/mkuyokwa/lungcxr/lung_cxr_segmentation/normal-results/segments/normal_full/00006011_NORMAL2-IM-0353-0001.nrrd,0,0,4.758028e-08,excellent,0.9999992847442627,True,True,/head/NFS/mkuyokwa/lungcxr/classification-pipeline/gradcam/overlays/00006011_NORMAL2-IM-0353-0001_gradcam.png,22038.109375,12563.431640625,0.636911210545457,1,261,mask_bbox_midline
/head/NFS/mkuyokwa/lungcxr/lung_cxr_segmentation/normal_dataset/img/00006122_person108_bacteria_511.png,/head/NFS/mkuyokwa/lungcxr/lung_cxr_segmentation/normal-results/segments/normal_full/00006122_person108_bacteria_511.nrrd,0,0,3.8266097e-09,excellent,0.9999996423721313,True,True,/head/NFS/mkuyokwa/lungcxr/classification-pipeline/gradcam/overlays/00006122_person108_bacteria_511_gradcam.png,21602.2265625,14967.736328125,0.590709556558995,1,252,mask_bbox_midline
/head/NFS/mkuyokwa/lungcxr/lung_cxr_segmentation/normal_dataset/img/00004918_NORMAL2-IM-0834-0001.png,/head/NFS/mkuyokwa/lungcxr/lung_cxr_segmentation/normal-results/segments/normal_full/00004918_NORMAL2-IM-0834-0001.nrrd,0,0,8.612488e-08,excellent,0.9999922513961792,True,True,/head/NFS/mkuyokwa/lungcxr/classification-pipeline/gradcam/overlays/00004918_NORMAL2-IM-0834-0001_gradcam.png,15316.25390625,12121.796875,0.5582121714242354,1,244,mask_bbox_midline
/head/NFS/mkuyokwa/lungcxr/lung_cxr_segmentation/normal_dataset/img/00000813_person430_virus_879.png,/head/NFS/mkuyokwa/lungcxr/lung_cxr_segmentation/normal-results/segments/normal_full/00000813_person430_virus_879.nrrd,0,0,1.2093969e-09,excellent,1.0,True,True,/head/NFS/mkuyokwa/lungcxr/classification-pipeline/gradcam/overlays/00000813_person430_virus_879_gradcam.png,24587.673828125,19630.453125,0.5560541687844454,1,267,mask_bbox_midline
/head/NFS/mkuyokwa/lungcxr/lung_cxr_segmentation/normal_dataset/img/00003052_person363_bacteria_1654.png,/head/NFS/mkuyokwa/lungcxr/lung_cxr_segmentation/normal-results/segments/normal_full/00003052_person363_bacteria_1654.nrrd,0,0,5.4385323e-09,excellent,0.9999997615814209,True,True,/head/NFS/mkuyokwa/lungcxr/classification-pipeline/gradcam/overlays/00003052_person363_bacteria_1654_gradcam.png,22923.44140625,11955.4140625,0.6572303218718988,1,255,mask_bbox_midline
/head/NFS/mkuyokwa/lungcxr/lung_cxr_segmentation/normal_dataset/img/00000546_person621_virus_1195.png,/head/NFS/mkuyokwa/lungcxr/lung_cxr_segmentation/normal-results/segments/normal_full/00000546_person621_virus_1195.nrrd,0,0,4.5617338e-10,excellent,0.9999998807907104,True,True,/head/NFS/mkuyokwa/lungcxr/classification-pipeline/gradcam/overlays/00000546_person621_virus_1195_gradcam.png,23679.716796875,20977.103515625,0.530259804239729,1,241,mask_bbox_midline
/head/NFS/mkuyokwa/lungcxr/lung_cxr_segmentation/normal_dataset/img/00000738_person493_virus_999.png,/head/NFS/mkuyokwa/lungcxr/lung_cxr_segmentation/normal-results/segments/normal_full/00000738_person493_virus_999.nrrd,0,0,7.85485e-10,excellent,1.0,True,True,/head/NFS/mkuyokwa/lungcxr/classification-pipeline/gradcam/overlays/00000738_person493_virus_999_gradcam.png,23546.376953125,22081.427734375,0.5160532511785663,1,259,mask_bbox_midline
/head/NFS/mkuyokwa/lungcxr/lung_cxr_segmentation/normal_dataset/img/00003254_person309_bacteria_1449.png,/head/NFS/mkuyokwa/lungcxr/lung_cxr_segmentation/normal-results/segments/normal_full/00003254_person309_bacteria_1449.nrrd,0,0,4.234863e-09,excellent,0.9999986886978149,True,True,/head/NFS/mkuyokwa/lungcxr/classification-pipeline/gradcam/overlays/00003254_person309_bacteria_1449_gradcam.png,25372.48828125,15040.1142578125,0.6278360384418488,1,256,mask_bbox_midline
/head/NFS/mkuyokwa/lungcxr/lung_cxr_segmentation/normal_dataset/img/00004093_person1274_bacteria_3236.png,/head/NFS/mkuyokwa/lungcxr/lung_cxr_segmentation/normal-results/segments/normal_full/00004093_person1274_bacteria_3236.nrrd,0,0,1.0296568e-09,excellent,0.9999998807907104,True,True,/head/NFS/mkuyokwa/lungcxr/classification-pipeline/gradcam/overlays/00004093_person1274_bacteria_3236_gradcam.png,26336.28125,15912.734375,0.6233584584256217,1,253,mask_bbox_midline
/head/NFS/mkuyokwa/lungcxr/lung_cxr_segmentation/normal_dataset/img/00000544_person620_virus_1192.png,/head/NFS/mkuyokwa/lungcxr/lung_cxr_segmentation/normal-results/segments/normal_full/00000544_person620_virus_1192.nrrd,0,0,3.4987702e-10,excellent,0.9999995231628418,True,True,/head/NFS/mkuyokwa/lungcxr/classification-pipeline/gradcam/overlays/00000544_person620_virus_1192_gradcam.png,21002.2890625,15298.677734375,0.578560047175052,1,248,mask_bbox_midline
/head/NFS/mkuyokwa/lungcxr/lung_cxr_segmentation/normal_dataset/img/00001190_person1510_virus_2628.png,/head/NFS/mkuyokwa/lungcxr/lung_cxr_segmentation/normal-results/segments/normal_full/00001190_person1510_virus_2628.nrrd,0,0,3.6320527e-09,excellent,0.9999862909317017,True,True,/head/NFS/mkuyokwa/lungcxr/classification-pipeline/gradcam/overlays/00001190_person1510_virus_2628_gradcam.png,18815.453125,14527.1279296875,0.5643070371228748,1,265,mask_bbox_midline
/head/NFS/mkuyokwa/lungcxr/lung_cxr_segmentation/normal_dataset/img/00000717_person472_virus_969.png,/head/NFS/mkuyokwa/lungcxr/lung_cxr_segmentation/normal-results/segments/normal_full/00000717_person472_virus_969.nrrd,0,0,3.3040837e-09,excellent,0.9999997615814209,True,True,/head/NFS/mkuyokwa/lungcxr/classification-pipeline/gradcam/overlays/00000717_person472_virus_969_gradcam.png,17188.5859375,16240.69921875,0.5141774901006637,1,252,mask_bbox_midline
/head/NFS/mkuyokwa/lungcxr/lung_cxr_segmentation/normal_dataset/img/00005518_IM-0453-0001-0002.png,/head/NFS/mkuyokwa/lungcxr/lung_cxr_segmentation/normal-results/segments/normal_full/00005518_IM-0453-0001-0002.nrrd,0,0,4.4755716e-08,excellent,0.9999961853027344,True,True,/head/NFS/mkuyokwa/lungcxr/classification-pipeline/gradcam/overlays/00005518_IM-0453-0001-0002_gradcam.png,19750.265625,14800.2470703125,0.5716345166617322,1,252,mask_bbox_midline
/head/NFS/mkuyokwa/lungcxr/lung_cxr_segmentation/normal_dataset/img/00005616_IM-0338-0001.png,/head/NFS/mkuyokwa/lungcxr/lung_cxr_segmentation/normal-results/segments/normal_full/00005616_IM-0338-0001.nrrd,0,0,1.8428102e-08,excellent,0.9999940395355225,True,True,/head/NFS/mkuyokwa/lungcxr/classification-pipeline/gradcam/overlays/00005616_IM-0338-0001_gradcam.png,19262.62109375,15140.7021484375,0.5599058253223913,1,261,mask_bbox_midline
/head/NFS/mkuyokwa/lungcxr/lung_cxr_segmentation/normal_dataset/img/00003915_person1481_bacteria_3868.png,/head/NFS/mkuyokwa/lungcxr/lung_cxr_segmentation/normal-results/segments/normal_full/00003915_person1481_bacteria_3868.nrrd,0,0,5.1891575e-09,excellent,0.9999996423721313,True,True,/head/NFS/mkuyokwa/lungcxr/classification-pipeline/gradcam/overlays/00003915_person1481_bacteria_3868_gradcam.png,24822.22265625,13787.087890625,0.6429076900017083,1,252,mask_bbox_midline
/head/NFS/mkuyokwa/lungcxr/lung_cxr_segmentation/normal_dataset/img/00005508_IM-0504-0001.png,/head/NFS/mkuyokwa/lungcxr/lung_cxr_segmentation/normal-results/segments/normal_full/00005508_IM-0504-0001.nrrd,0,0,1.0045802e-08,excellent,0.9999979734420776,True,True,/head/NFS/mkuyokwa/lungcxr/classification-pipeline/gradcam/overlays/00005508_IM-0504-0001_gradcam.png,17001.177734375,11153.576171875,0.6038474991110099,1,279,mask_bbox_midline
/head/NFS/mkuyokwa/lungcxr/lung_cxr_segmentation/normal_dataset/img/00004213_person1352_bacteria_3443.png,/head/NFS/mkuyokwa/lungcxr/lung_cxr_segmentation/normal-results/segments/normal_full/00004213_person1352_bacteria_3443.nrrd,0,0,2.1954303e-09,excellent,0.9999986886978149,True,True,/head/NFS/mkuyokwa/lungcxr/classification-pipeline/gradcam/overlays/00004213_person1352_bacteria_3443_gradcam.png,20866.05078125,13226.5859375,0.6120398065243882,1,239,mask_bbox_midline
/head/NFS/mkuyokwa/lungcxr/lung_cxr_segmentation/normal_dataset/img/00004688_NORMAL2-IM-1067-0001-0001.png,/head/NFS/mkuyokwa/lungcxr/lung_cxr_segmentation/normal-results/segments/normal_full/00004688_NORMAL2-IM-1067-0001-0001.nrrd,0,0,1.6480543e-08,excellent,0.9999986886978149,True,True,/head/NFS/mkuyokwa/lungcxr/classification-pipeline/gradcam/overlays/00004688_NORMAL2-IM-1067-0001-0001_gradcam.png,16524.48828125,14465.62890625,0.5332179991857283,1,249,mask_bbox_midline
/head/NFS/mkuyokwa/lungcxr/lung_cxr_segmentation/normal_dataset/img/00004029_person1411_bacteria_3591.png,/head/NFS/mkuyokwa/lungcxr/lung_cxr_segmentation/normal-results/segments/normal_full/00004029_person1411_bacteria_3591.nrrd,0,0,4.5698894e-08,excellent,0.999992847442627,True,True,/head/NFS/mkuyokwa/lungcxr/classification-pipeline/gradcam/overlays/00004029_person1411_bacteria_3591_gradcam.png,17349.57421875,7662.22998046875,0.6936554468666406,1,255,mask_bbox_midline
/head/NFS/mkuyokwa/lungcxr/lung_cxr_segmentation/normal_dataset/img/00002510_person572_bacteria_2368.png,/head/NFS/mkuyokwa/lungcxr/lung_cxr_segmentation/normal-results/segments/normal_full/00002510_person572_bacteria_2368.nrrd,0,0,3.3757863e-09,excellent,0.9999997615814209,True,True,/head/NFS/mkuyokwa/lungcxr/classification-pipeline/gradcam/overlays/00002510_person572_bacteria_2368_gradcam.png,23253.970703125,23902.8828125,0.49311964156853694,0,257,mask_bbox_midline
/head/NFS/mkuyokwa/lungcxr/lung_cxr_segmentation/normal_dataset/img/00005499_IM-0499-0001-0001.png,/head/NFS/mkuyokwa/lungcxr/lung_cxr_segmentation/normal-results/segments/normal_full/00005499_IM-0499-0001-0001.nrrd,0,0,2.4634172e-09,excellent,0.9999996423721313,True,True,/head/NFS/mkuyokwa/lungcxr/classification-pipeline/gradcam/overlays/00005499_IM-0499-0001-0001_gradcam.png,20873.25,16923.685546875,0.5522471517330662,1,271,mask_bbox_midline
/head/NFS/mkuyokwa/lungcxr/lung_cxr_segmentation/normal_dataset/img/00004878_NORMAL2-IM-0860-0001.png,/head/NFS/mkuyokwa/lungcxr/lung_cxr_segmentation/normal-results/segments/normal_full/00004878_NORMAL2-IM-0860-0001.nrrd,0,0,5.0202004e-08,excellent,0.9999953508377075,True,True,/head/NFS/mkuyokwa/lungcxr/classification-pipeline/gradcam/overlays/00004878_NORMAL2-IM-0860-0001_gradcam.png,19888.072265625,10917.794921875,0.6455936508644989,1,272,mask_bbox_midline
/head/NFS/mkuyokwa/lungcxr/lung_cxr_segmentation/normal_dataset/img/00006102_person100_bacteria_475.png,/head/NFS/mkuyokwa/lungcxr/lung_cxr_segmentation/normal-results/segments/normal_full/00006102_person100_bacteria_475.nrrd,0,0,9.777682e-10,excellent,0.9999998807907104,True,True,/head/NFS/mkuyokwa/lungcxr/classification-pipeline/gradcam/overlays/00006102_person100_bacteria_475_gradcam.png,26018.453125,24299.5234375,0.5170806718088605,1,256,mask_bbox_midline
/head/NFS/mkuyokwa/lungcxr/lung_cxr_segmentation/normal_dataset/img/00006468_1-s2.0-S1521661620303314-gr1_lrg-b.png,/head/NFS/mkuyokwa/lungcxr/lung_cxr_segmentation/normal-results/segments/normal_full/00006468_1-s2.0-S1521661620303314-gr1_lrg-b.nrrd,0,0,1.8624006e-07,excellent,0.9999723434448242,True,True,/head/NFS/mkuyokwa/lungcxr/classification-pipeline/gradcam/overlays/00006468_1-s2.0-S1521661620303314-gr1_lrg-b_gradcam.png,16242.583984375,16828.083984375,0.4911477445730267,0,270,mask_bbox_midline
/head/NFS/mkuyokwa/lungcxr/lung_cxr_segmentation/normal_dataset/img/00004547_NORMAL2-IM-1290-0001.png,/head/NFS/mkuyokwa/lungcxr/lung_cxr_segmentation/normal-results/segments/normal_full/00004547_NORMAL2-IM-1290-0001.nrrd,0,0,3.4764145e-09,excellent,0.9999982118606567,True,True,/head/NFS/mkuyokwa/lungcxr/classification-pipeline/gradcam/overlays/00004547_NORMAL2-IM-1290-0001_gradcam.png,17906.240234375,12251.5439453125,0.593751852844533,1,258,mask_bbox_midline
/head/NFS/mkuyokwa/lungcxr/lung_cxr_segmentation/normal_dataset/img/00003662_person1687_bacteria_4468.png,/head/NFS/mkuyokwa/lungcxr/lung_cxr_segmentation/normal-results/segments/normal_full/00003662_person1687_bacteria_4468.nrrd,0,0,4.772097e-08,excellent,0.9999988079071045,True,True,/head/NFS/mkuyokwa/lungcxr/classification-pipeline/gradcam/overlays/00003662_person1687_bacteria_4468_gradcam.png,22125.4765625,19489.5625,0.5316702101197265,1,252,mask_bbox_midline
/head/NFS/mkuyokwa/lungcxr/lung_cxr_segmentation/normal_dataset/img/00003431_person266_bacteria_1242.png,/head/NFS/mkuyokwa/lungcxr/lung_cxr_segmentation/normal-results/segments/normal_full/00003431_person266_bacteria_1242.nrrd,0,0,1.4383079e-09,excellent,0.9999995231628418,True,True,/head/NFS/mkuyokwa/lungcxr/classification-pipeline/gradcam/overlays/00003431_person266_bacteria_1242_gradcam.png,19854.22265625,21069.25390625,0.48515483834634193,0,250,mask_bbox_midline
/head/NFS/mkuyokwa/lungcxr/lung_cxr_segmentation/normal_dataset/img/00000368_person954_virus_1626.png,/head/NFS/mkuyokwa/lungcxr/lung_cxr_segmentation/normal-results/segments/normal_full/00000368_person954_virus_1626.nrrd,0,0,7.327494e-09,excellent,0.9999998807907104,True,True,/head/NFS/mkuyokwa/lungcxr/classification-pipeline/gradcam/overlays/00000368_person954_virus_1626_gradcam.png,29483.68359375,24751.60546875,0.5436254531578768,1,250,mask_bbox_midline
/head/NFS/mkuyokwa/lungcxr/lung_cxr_segmentation/normal_dataset/img/00004706_NORMAL2-IM-1102-0001-0001.png,/head/NFS/mkuyokwa/lungcxr/lung_cxr_segmentation/normal-results/segments/normal_full/00004706_NORMAL2-IM-1102-0001-0001.nrrd,0,0,8.453494e-09,excellent,0.9999942779541016,True,True,/head/NFS/mkuyokwa/lungcxr/classification-pipeline/gradcam/overlays/00004706_NORMAL2-IM-1102-0001-0001_gradcam.png,19347.09375,11000.8515625,0.6375091806307933,1,251,mask_bbox_midline
/head/NFS/mkuyokwa/lungcxr/lung_cxr_segmentation/normal_dataset/img/00002760_person515_bacteria_2188.png,/head/NFS/mkuyokwa/lungcxr/lung_cxr_segmentation/normal-results/segments/normal_full/00002760_person515_bacteria_2188.nrrd,0,0,1.029891e-08,excellent,0.9999996423721313,True,True,/head/NFS/mkuyokwa/lungcxr/classification-pipeline/gradcam/overlays/00002760_person515_bacteria_2188_gradcam.png,19894.482421875,14051.9140625,0.586055796261972,1,230,mask_bbox_midline
/head/NFS/mkuyokwa/lungcxr/lung_cxr_segmentation/normal_dataset/img/00000538_person615_virus_1184.png,/head/NFS/mkuyokwa/lungcxr/lung_cxr_segmentation/normal-results/segments/normal_full/00000538_person615_virus_1184.nrrd,0,0,4.723142e-09,excellent,0.9999991655349731,True,True,/head/NFS/mkuyokwa/lungcxr/classification-pipeline/gradcam/overlays/00000538_person615_virus_1184_gradcam.png,21746.087890625,16835.3984375,0.563640490821957,1,250,mask_bbox_midline
/head/NFS/mkuyokwa/lungcxr/lung_cxr_segmentation/normal_dataset/img/00004512_NORMAL2-IM-1322-0001.png,/head/NFS/mkuyokwa/lungcxr/lung_cxr_segmentation/normal-results/segments/normal_full/00004512_NORMAL2-IM-1322-0001.nrrd,0,0,5.9659516e-10,excellent,0.9999995231628418,True,True,/head/NFS/mkuyokwa/lungcxr/classification-pipeline/gradcam/overlays/00004512_NORMAL2-IM-1322-0001_gradcam.png,17495.02734375,14111.9345703125,0.5535181581614192,1,269,mask_bbox_midline
/head/NFS/mkuyokwa/lungcxr/lung_cxr_segmentation/normal_dataset/img/00003292_person325_bacteria_1497.png,/head/NFS/mkuyokwa/lungcxr/lung_cxr_segmentation/normal-results/segments/normal_full/00003292_person325_bacteria_1497.nrrd,0,0,4.722923e-10,excellent,1.0,True,True,/head/NFS/mkuyokwa/lungcxr/classification-pipeline/gradcam/overlays/00003292_person325_bacteria_1497_gradcam.png,22392.123046875,18859.84765625,0.5428134138856718,1,259,mask_bbox_midline
/head/NFS/mkuyokwa/lungcxr/lung_cxr_segmentation/normal_dataset/img/00005049_NORMAL2-IM-0536-0001.png,/head/NFS/mkuyokwa/lungcxr/lung_cxr_segmentation/normal-results/segments/normal_full/00005049_NORMAL2-IM-0536-0001.nrrd,0,0,3.76617e-09,excellent,0.9999980926513672,True,True,/head/NFS/mkuyokwa/lungcxr/classification-pipeline/gradcam/overlays/00005049_NORMAL2-IM-0536-0001_gradcam.png,17565.80859375,14743.501953125,0.543676367475102,1,265,mask_bbox_midline
/head/NFS/mkuyokwa/lungcxr/lung_cxr_segmentation/normal_dataset/img/00005199_NORMAL2-IM-0395-0001.png,/head/NFS/mkuyokwa/lungcxr/lung_cxr_segmentation/normal-results/segments/normal_full/00005199_NORMAL2-IM-0395-0001.nrrd,0,0,6.8591928e-09,excellent,0.9999991655349731,True,True,/head/NFS/mkuyokwa/lungcxr/classification-pipeline/gradcam/overlays/00005199_NORMAL2-IM-0395-0001_gradcam.png,16707.158203125,14978.322265625,0.5272812012304039,1,254,mask_bbox_midline
/head/NFS/mkuyokwa/lungcxr/lung_cxr_segmentation/normal_dataset/img/00002532_person581_bacteria_2394.png,/head/NFS/mkuyokwa/lungcxr/lung_cxr_segmentation/normal-results/segments/normal_full/00002532_person581_bacteria_2394.nrrd,0,0,7.6433726e-10,excellent,0.9999995231628418,True,True,/head/NFS/mkuyokwa/lungcxr/classification-pipeline/gradcam/overlays/00002532_person581_bacteria_2394_gradcam.png,20088.35546875,19480.66796875,0.5076788286291656,1,243,mask_bbox_midline
/head/NFS/mkuyokwa/lungcxr/lung_cxr_segmentation/normal_dataset/img/00006457_1-s2.0-S0929664620300449-gr2_lrg-a.png,/head/NFS/mkuyokwa/lungcxr/lung_cxr_segmentation/normal-results/segments/normal_full/00006457_1-s2.0-S0929664620300449-gr2_lrg-a.nrrd,0,0,2.2802618e-07,excellent,0.999954104423523,True,True,/head/NFS/mkuyokwa/lungcxr/classification-pipeline/gradcam/overlays/00006457_1-s2.0-S0929664620300449-gr2_lrg-a_gradcam.png,16268.36328125,13099.603515625,0.553949253408346,1,243,mask_bbox_midline
/head/NFS/mkuyokwa/lungcxr/lung_cxr_segmentation/normal_dataset/img/00004804_NORMAL2-IM-0911-0001.png,/head/NFS/mkuyokwa/lungcxr/lung_cxr_segmentation/normal-results/segments/normal_full/00004804_NORMAL2-IM-0911-0001.nrrd,0,0,3.1758663e-07,excellent,0.9999516010284424,True,True,/head/NFS/mkuyokwa/lungcxr/classification-pipeline/gradcam/overlays/00004804_NORMAL2-IM-0911-0001_gradcam.png,21501.541015625,11973.98828125,0.6423062298713886,1,257,mask_bbox_midline
/head/NFS/mkuyokwa/lungcxr/lung_cxr_segmentation/normal_dataset/img/00004822_NORMAL2-IM-0933-0001.png,/head/NFS/mkuyokwa/lungcxr/lung_cxr_segmentation/normal-results/segments/normal_full/00004822_NORMAL2-IM-0933-0001.nrrd,0,0,5.021567e-09,excellent,0.9999983310699463,True,True,/head/NFS/mkuyokwa/lungcxr/classification-pipeline/gradcam/overlays/00004822_NORMAL2-IM-0933-0001_gradcam.png,18359.15625,14924.201171875,0.5516016914187183,1,265,mask_bbox_midline
/head/NFS/mkuyokwa/lungcxr/lung_cxr_segmentation/normal_dataset/img/00005625_IM-0349-0001.png,/head/NFS/mkuyokwa/lungcxr/lung_cxr_segmentation/normal-results/segments/normal_full/00005625_IM-0349-0001.nrrd,0,0,1.1705551e-08,excellent,0.9999946355819702,True,True,/head/NFS/mkuyokwa/lungcxr/classification-pipeline/gradcam/overlays/00005625_IM-0349-0001_gradcam.png,17982.35546875,12027.328125,0.5992184293637509,1,258,mask_bbox_midline
/head/NFS/mkuyokwa/lungcxr/lung_cxr_segmentation/normal_dataset/img/00000653_person548_virus_1088.png,/head/NFS/mkuyokwa/lungcxr/lung_cxr_segmentation/normal-results/segments/normal_full/00000653_person548_virus_1088.nrrd,0,0,2.1354505e-09,excellent,0.9999994039535522,True,True,/head/NFS/mkuyokwa/lungcxr/classification-pipeline/gradcam/overlays/00000653_person548_virus_1088_gradcam.png,23082.57421875,14689.283203125,0.6111050870742215,1,250,mask_bbox_midline
/head/NFS/mkuyokwa/lungcxr/lung_cxr_segmentation/normal_dataset/img/00003617_person1652_bacteria_4383.png,/head/NFS/mkuyokwa/lungcxr/lung_cxr_segmentation/normal-results/segments/normal_full/00003617_person1652_bacteria_4383.nrrd,0,0,1.7070657e-09,excellent,0.9999997615814209,True,True,/head/NFS/mkuyokwa/lungcxr/classification-pipeline/gradcam/overlays/00003617_person1652_bacteria_4383_gradcam.png,21519.26953125,15203.478515625,0.5859928974754717,1,271,mask_bbox_midline
/head/NFS/mkuyokwa/lungcxr/lung_cxr_segmentation/normal_dataset/img/00005110_NORMAL2-IM-0445-0001.png,/head/NFS/mkuyokwa/lungcxr/lung_cxr_segmentation/normal-results/segments/normal_full/00005110_NORMAL2-IM-0445-0001.nrrd,0,0,2.0479358e-09,excellent,0.9999994039535522,True,True,/head/NFS/mkuyokwa/lungcxr/classification-pipeline/gradcam/overlays/00005110_NORMAL2-IM-0445-0001_gradcam.png,19256.447265625,13905.115234375,0.5806857642978976,1,264,mask_bbox_midline
/head/NFS/mkuyokwa/lungcxr/lung_cxr_segmentation/normal_dataset/img/00005371_IM-0614-0001.png,/head/NFS/mkuyokwa/lungcxr/lung_cxr_segmentation/normal-results/segments/normal_full/00005371_IM-0614-0001.nrrd,0,0,8.214958e-08,excellent,0.999998927116394,True,True,/head/NFS/mkuyokwa/lungcxr/classification-pipeline/gradcam/overlays/00005371_IM-0614-0001_gradcam.png,19696.44921875,14700.05078125,0.5726294599377844,1,252,mask_bbox_midline
/head/NFS/mkuyokwa/lungcxr/lung_cxr_segmentation/normal_dataset/img/00006807_aspiration-pneumonia-5-day27.png,/head/NFS/mkuyokwa/lungcxr/lung_cxr_segmentation/normal-results/segments/normal_full/00006807_aspiration-pneumonia-5-day27.nrrd,0,0,4.373682e-06,excellent,0.9999696016311646,True,True,/head/NFS/mkuyokwa/lungcxr/classification-pipeline/gradcam/overlays/00006807_aspiration-pneumonia-5-day27_gradcam.png,20629.43359375,17596.265625,0.5396744602550293,1,250,mask_bbox_midline
/head/NFS/mkuyokwa/lungcxr/lung_cxr_segmentation/normal_dataset/img/00006776_ac4f6e4e.png,/head/NFS/mkuyokwa/lungcxr/lung_cxr_segmentation/normal-results/segments/normal_full/00006776_ac4f6e4e.nrrd,0,0,3.169999e-07,excellent,0.9999926090240479,True,True,/head/NFS/mkuyokwa/lungcxr/classification-pipeline/gradcam/overlays/00006776_ac4f6e4e_gradcam.png,16334.48828125,14547.2568359375,0.528936697691961,1,249,mask_bbox_midline
/head/NFS/mkuyokwa/lungcxr/lung_cxr_segmentation/normal_dataset/img/00006014_NORMAL2-IM-0359-0001.png,/head/NFS/mkuyokwa/lungcxr/lung_cxr_segmentation/normal-results/segments/normal_full/00006014_NORMAL2-IM-0359-0001.nrrd,0,0,1.2325847e-09,excellent,1.0,True,True,/head/NFS/mkuyokwa/lungcxr/classification-pipeline/gradcam/overlays/00006014_NORMAL2-IM-0359-0001_gradcam.png,23444.3125,22081.802734375,0.5149640460053598,1,258,mask_bbox_midline
/head/NFS/mkuyokwa/lungcxr/lung_cxr_segmentation/normal_dataset/img/00005297_IM-0658-0001.png,/head/NFS/mkuyokwa/lungcxr/lung_cxr_segmentation/normal-results/segments/normal_full/00005297_IM-0658-0001.nrrd,0,0,6.090835e-08,excellent,0.9999885559082031,True,True,/head/NFS/mkuyokwa/lungcxr/classification-pipeline/gradcam/overlays/00005297_IM-0658-0001_gradcam.png,16756.8984375,11807.56640625,0.5866344259961329,1,267,mask_bbox_midline
/head/NFS/mkuyokwa/lungcxr/lung_cxr_segmentation/normal_dataset/img/00001545_person1071_virus_1774.png,/head/NFS/mkuyokwa/lungcxr/lung_cxr_segmentation/normal-results/segments/normal_full/00001545_person1071_virus_1774.nrrd,0,0,2.4165736e-08,excellent,0.9999974966049194,True,True,/head/NFS/mkuyokwa/lungcxr/classification-pipeline/gradcam/overlays/00001545_person1071_virus_1774_gradcam.png,19952.787109375,19840.28125,0.5014136363946473,1,264,mask_bbox_midline
/head/NFS/mkuyokwa/lungcxr/lung_cxr_segmentation/normal_dataset/img/00004248_person1195_bacteria_3144.png,/head/NFS/mkuyokwa/lungcxr/lung_cxr_segmentation/normal-results/segments/normal_full/00004248_person1195_bacteria_3144.nrrd,0,0,4.3055148e-10,excellent,1.0,True,True,/head/NFS/mkuyokwa/lungcxr/classification-pipeline/gradcam/overlays/00004248_person1195_bacteria_3144_gradcam.png,23612.861328125,16162.2275390625,0.5936595492462734,1,255,mask_bbox_midline
/head/NFS/mkuyokwa/lungcxr/lung_cxr_segmentation/normal_dataset/img/00002706_person498_bacteria_2100.png,/head/NFS/mkuyokwa/lungcxr/lung_cxr_segmentation/normal-results/segments/normal_full/00002706_person498_bacteria_2100.nrrd,0,0,2.6695397e-09,excellent,0.9999991655349731,True,True,/head/NFS/mkuyokwa/lungcxr/classification-pipeline/gradcam/overlays/00002706_person498_bacteria_2100_gradcam.png,19458.55859375,13261.1484375,0.5947045483984769,1,266,mask_bbox_midline
/head/NFS/mkuyokwa/lungcxr/lung_cxr_segmentation/normal_dataset/img/00004671_NORMAL2-IM-1131-0001.png,/head/NFS/mkuyokwa/lungcxr/lung_cxr_segmentation/normal-results/segments/normal_full/00004671_NORMAL2-IM-1131-0001.nrrd,0,0,1.5333036e-09,excellent,0.9999995231628418,True,True,/head/NFS/mkuyokwa/lungcxr/classification-pipeline/gradcam/overlays/00004671_NORMAL2-IM-1131-0001_gradcam.png,16780.630859375,16149.234375,0.5095869885874281,1,252,mask_bbox_midline
/head/NFS/mkuyokwa/lungcxr/lung_cxr_segmentation/normal_dataset/img/00005461_IM-0519-0001-0002.png,/head/NFS/mkuyokwa/lungcxr/lung_cxr_segmentation/normal-results/segments/normal_full/00005461_IM-0519-0001-0002.nrrd,0,0,6.54701e-09,excellent,0.9999992847442627,True,True,/head/NFS/mkuyokwa/lungcxr/classification-pipeline/gradcam/overlays/00005461_IM-0519-0001-0002_gradcam.png,20427.7421875,13408.98046875,0.6037151527654461,1,266,mask_bbox_midline
/head/NFS/mkuyokwa/lungcxr/lung_cxr_segmentation/normal_dataset/img/00003413_person260_bacteria_1224.png,/head/NFS/mkuyokwa/lungcxr/lung_cxr_segmentation/normal-results/segments/normal_full/00003413_person260_bacteria_1224.nrrd,0,0,2.248843e-10,excellent,0.9999998807907104,True,True,/head/NFS/mkuyokwa/lungcxr/classification-pipeline/gradcam/overlays/00003413_person260_bacteria_1224_gradcam.png,21681.03515625,16342.9169921875,0.5701941521389414,1,238,mask_bbox_midline
/head/NFS/mkuyokwa/lungcxr/lung_cxr_segmentation/normal_dataset/img/00003510_person1923_bacteria_4831.png,/head/NFS/mkuyokwa/lungcxr/lung_cxr_segmentation/normal-results/segments/normal_full/00003510_person1923_bacteria_4831.nrrd,0,0,3.986704e-08,excellent,0.9999980926513672,True,True,/head/NFS/mkuyokwa/lungcxr/classification-pipeline/gradcam/overlays/00003510_person1923_bacteria_4831_gradcam.png,18311.69921875,14304.65625,0.5614268962789111,1,251,mask_bbox_midline
/head/NFS/mkuyokwa/lungcxr/lung_cxr_segmentation/normal_dataset/img/00005549_IM-0424-0001.png,/head/NFS/mkuyokwa/lungcxr/lung_cxr_segmentation/normal-results/segments/normal_full/00005549_IM-0424-0001.nrrd,0,0,1.34346685e-08,excellent,0.9999969005584717,True,True,/head/NFS/mkuyokwa/lungcxr/classification-pipeline/gradcam/overlays/00005549_IM-0424-0001_gradcam.png,17834.33984375,12239.08203125,0.5930266239032701,1,254,mask_bbox_midline
/head/NFS/mkuyokwa/lungcxr/lung_cxr_segmentation/normal_dataset/img/00001144_person1468_virus_2545.png,/head/NFS/mkuyokwa/lungcxr/lung_cxr_segmentation/normal-results/segments/normal_full/00001144_person1468_virus_2545.nrrd,0,0,8.469063e-10,excellent,0.9999998807907104,True,True,/head/NFS/mkuyokwa/lungcxr/classification-pipeline/gradcam/overlays/00001144_person1468_virus_2545_gradcam.png,22480.76953125,16270.400390625,0.5801313760738777,1,267,mask_bbox_midline
/head/NFS/mkuyokwa/lungcxr/lung_cxr_segmentation/normal_dataset/img/00000494_person841_virus_1481.png,/head/NFS/mkuyokwa/lungcxr/lung_cxr_segmentation/normal-results/segments/normal_full/00000494_person841_virus_1481.nrrd,0,0,1.0534051e-09,excellent,0.9999998807907104,True,True,/head/NFS/mkuyokwa/lungcxr/classification-pipeline/gradcam/overlays/00000494_person841_virus_1481_gradcam.png,21975.947265625,23164.87890625,0.48683086086973565,0,257,mask_bbox_midline
/head/NFS/mkuyokwa/lungcxr/lung_cxr_segmentation/normal_dataset/img/00005614_IM-0335-0001.png,/head/NFS/mkuyokwa/lungcxr/lung_cxr_segmentation/normal-results/segments/normal_full/00005614_IM-0335-0001.nrrd,0,0,1.7795524e-07,excellent,0.999996542930603,True,True,/head/NFS/mkuyokwa/lungcxr/classification-pipeline/gradcam/overlays/00005614_IM-0335-0001_gradcam.png,15567.4638671875,11359.7353515625,0.5781315665517687,1,253,mask_bbox_midline
/head/NFS/mkuyokwa/lungcxr/lung_cxr_segmentation/normal_dataset/img/00004478_NORMAL2-IM-1385-0001.png,/head/NFS/mkuyokwa/lungcxr/lung_cxr_segmentation/normal-results/segments/normal_full/00004478_NORMAL2-IM-1385-0001.nrrd,0,0,3.9208704e-08,excellent,0.9999934434890747,True,True,/head/NFS/mkuyokwa/lungcxr/classification-pipeline/gradcam/overlays/00004478_NORMAL2-IM-1385-0001_gradcam.png,14912.2216796875,12068.8251953125,0.5526924788639247,1,221,mask_bbox_midline
/head/NFS/mkuyokwa/lungcxr/lung_cxr_segmentation/normal_dataset/img/00006358_person72_virus_133.png,/head/NFS/mkuyokwa/lungcxr/lung_cxr_segmentation/normal-results/segments/normal_full/00006358_person72_virus_133.nrrd,0,0,1.517674e-08,excellent,0.9999994039535522,True,True,/head/NFS/mkuyokwa/lungcxr/classification-pipeline/gradcam/overlays/00006358_person72_virus_133_gradcam.png,23530.634765625,10626.0068359375,0.6889036410578664,1,259,mask_bbox_midline
/head/NFS/mkuyokwa/lungcxr/lung_cxr_segmentation/normal_dataset/img/00001499_person110_virus_207.png,/head/NFS/mkuyokwa/lungcxr/lung_cxr_segmentation/normal-results/segments/normal_full/00001499_person110_virus_207.nrrd,0,0,1.856756e-09,excellent,0.9999998807907104,True,True,/head/NFS/mkuyokwa/lungcxr/classification-pipeline/gradcam/overlays/00001499_person110_virus_207_gradcam.png,23201.76953125,13852.978515625,0.6261483549125553,1,255,mask_bbox_midline
/head/NFS/mkuyokwa/lungcxr/lung_cxr_segmentation/normal_dataset/img/00000942_person280_virus_577.png,/head/NFS/mkuyokwa/lungcxr/lung_cxr_segmentation/normal-results/segments/normal_full/00000942_person280_virus_577.nrrd,0,0,1.2329797e-09,excellent,0.9999998807907104,True,True,/head/NFS/mkuyokwa/lungcxr/classification-pipeline/gradcam/overlays/00000942_person280_virus_577_gradcam.png,22764.228515625,15695.1240234375,0.5919035816451608,1,250,mask_bbox_midline
/head/NFS/mkuyokwa/lungcxr/lung_cxr_segmentation/normal_dataset/img/00000422_person738_virus_1360.png,/head/NFS/mkuyokwa/lungcxr/lung_cxr_segmentation/normal-results/segments/normal_full/00000422_person738_virus_1360.nrrd,0,0,1.6598329e-09,excellent,0.9999992847442627,True,True,/head/NFS/mkuyokwa/lungcxr/classification-pipeline/gradcam/overlays/00000422_person738_virus_1360_gradcam.png,20829.25390625,18740.85546875,0.5263885856077445,1,260,mask_bbox_midline
/head/NFS/mkuyokwa/lungcxr/lung_cxr_segmentation/normal_dataset/img/00004381_person1091_bacteria_3031.png,/head/NFS/mkuyokwa/lungcxr/lung_cxr_segmentation/normal-results/segments/normal_full/00004381_person1091_bacteria_3031.nrrd,0,0,5.163071e-10,excellent,0.9999998807907104,True,True,/head/NFS/mkuyokwa/lungcxr/classification-pipeline/gradcam/overlays/00004381_person1091_bacteria_3031_gradcam.png,21191.330078125,16796.826171875,0.5578404473927318,1,243,mask_bbox_midline
/head/NFS/mkuyokwa/lungcxr/lung_cxr_segmentation/normal_dataset/img/00002684_person489_bacteria_2065.png,/head/NFS/mkuyokwa/lungcxr/lung_cxr_segmentation/normal-results/segments/normal_full/00002684_person489_bacteria_2065.nrrd,0,0,8.822341e-09,excellent,0.9999995231628418,True,True,/head/NFS/mkuyokwa/lungcxr/classification-pipeline/gradcam/overlays/00002684_person489_bacteria_2065_gradcam.png,20351.52734375,15516.5615234375,0.5673992673294559,1,268,mask_bbox_midline
/head/NFS/mkuyokwa/lungcxr/lung_cxr_segmentation/normal_dataset/img/00000777_person399_virus_793.png,/head/NFS/mkuyokwa/lungcxr/lung_cxr_segmentation/normal-results/segments/normal_full/00000777_person399_virus_793.nrrd,0,0,1.9822648e-08,excellent,0.9999990463256836,True,True,/head/NFS/mkuyokwa/lungcxr/classification-pipeline/gradcam/overlays/00000777_person399_virus_793_gradcam.png,20763.736328125,13359.087890625,0.6084999352637296,1,258,mask_bbox_midline
/head/NFS/mkuyokwa/lungcxr/lung_cxr_segmentation/normal_dataset/img/00002645_person472_bacteria_2015.png,/head/NFS/mkuyokwa/lungcxr/lung_cxr_segmentation/normal-results/segments/normal_full/00002645_person472_bacteria_2015.nrrd,0,0,2.3697366e-09,excellent,0.9999998807907104,True,True,/head/NFS/mkuyokwa/lungcxr/classification-pipeline/gradcam/overlays/00002645_person472_bacteria_2015_gradcam.png,24194.955078125,17150.8046875,0.585185886419259,1,265,mask_bbox_midline
/head/NFS/mkuyokwa/lungcxr/lung_cxr_segmentation/normal_dataset/img/00007034_pneumocystis-pneumonia-2-PA.png,/head/NFS/mkuyokwa/lungcxr/lung_cxr_segmentation/normal-results/segments/normal_full/00007034_pneumocystis-pneumonia-2-PA.nrrd,0,0,4.9186804e-07,excellent,0.9999681711196899,True,True,/head/NFS/mkuyokwa/lungcxr/classification-pipeline/gradcam/overlays/00007034_pneumocystis-pneumonia-2-PA_gradcam.png,25434.62109375,13061.1455078125,0.660712159781165,1,253,mask_bbox_midline
/head/NFS/mkuyokwa/lungcxr/lung_cxr_segmentation/normal_dataset/img/00002291_person649_bacteria_2541.png,/head/NFS/mkuyokwa/lungcxr/lung_cxr_segmentation/normal-results/segments/normal_full/00002291_person649_bacteria_2541.nrrd,0,0,2.3018436e-10,excellent,0.9999998807907104,True,True,/head/NFS/mkuyokwa/lungcxr/classification-pipeline/gradcam/overlays/00002291_person649_bacteria_2541_gradcam.png,24520.4609375,16891.482421875,0.5921108489092184,1,238,mask_bbox_midline
/head/NFS/mkuyokwa/lungcxr/lung_cxr_segmentation/normal_dataset/img/00006555_6CB4EFC6-68FA-4CD5-940C-BEFA8DAFE9A7.png,/head/NFS/mkuyokwa/lungcxr/lung_cxr_segmentation/normal-results/segments/normal_full/00006555_6CB4EFC6-68FA-4CD5-940C-BEFA8DAFE9A7.nrrd,0,0,4.452939e-08,excellent,0.9999949932098389,True,True,/head/NFS/mkuyokwa/lungcxr/classification-pipeline/gradcam/overlays/00006555_6CB4EFC6-68FA-4CD5-940C-BEFA8DAFE9A7_gradcam.png,18651.875,19176.2734375,0.49306867426558804,0,267,mask_bbox_midline
/head/NFS/mkuyokwa/lungcxr/lung_cxr_segmentation/normal_dataset/img/00001532_person1056_virus_1755.png,/head/NFS/mkuyokwa/lungcxr/lung_cxr_segmentation/normal-results/segments/normal_full/00001532_person1056_virus_1755.nrrd,0,0,9.181958e-09,excellent,0.9999995231628418,True,True,/head/NFS/mkuyokwa/lungcxr/classification-pipeline/gradcam/overlays/00001532_person1056_virus_1755_gradcam.png,22042.47265625,13158.0,0.6261982011294459,1,242,mask_bbox_midline
/head/NFS/mkuyokwa/lungcxr/lung_cxr_segmentation/normal_dataset/img/00005488_IM-0491-0001-0001.png,/head/NFS/mkuyokwa/lungcxr/lung_cxr_segmentation/normal-results/segments/normal_full/00005488_IM-0491-0001-0001.nrrd,0,0,5.949637e-09,excellent,0.9999995231628418,True,True,/head/NFS/mkuyokwa/lungcxr/classification-pipeline/gradcam/overlays/00005488_IM-0491-0001-0001_gradcam.png,20007.4609375,15852.5703125,0.557932055273934,1,267,mask_bbox_midline
/head/NFS/mkuyokwa/lungcxr/lung_cxr_segmentation/normal_dataset/img/00006884_covid-19-pneumonia-24-day12.png,/head/NFS/mkuyokwa/lungcxr/lung_cxr_segmentation/normal-results/segments/normal_full/00006884_covid-19-pneumonia-24-day12.nrrd,0,0,4.603955e-09,excellent,0.9999998807907104,True,True,/head/NFS/mkuyokwa/lungcxr/classification-pipeline/gradcam/overlays/00006884_covid-19-pneumonia-24-day12_gradcam.png,21638.66015625,20304.970703125,0.5158985932524115,1,247,mask_bbox_midline
/head/NFS/mkuyokwa/lungcxr/lung_cxr_segmentation/normal_dataset/img/00005956_NORMAL2-IM-0282-0001.png,/head/NFS/mkuyokwa/lungcxr/lung_cxr_segmentation/normal-results/segments/normal_full/00005956_NORMAL2-IM-0282-0001.nrrd,0,0,8.8192473e-07,excellent,0.9999891519546509,True,True,/head/NFS/mkuyokwa/lungcxr/classification-pipeline/gradcam/overlays/00005956_NORMAL2-IM-0282-0001_gradcam.png,22987.17578125,8889.650390625,0.721124984567367,1,258,mask_bbox_midline
/head/NFS/mkuyokwa/lungcxr/lung_cxr_segmentation/normal_dataset/img/00002627_person469_bacteria_1992.png,/head/NFS/mkuyokwa/lungcxr/lung_cxr_segmentation/normal-results/segments/normal_full/00002627_person469_bacteria_1992.nrrd,0,0,1.1795418e-09,excellent,0.9999996423721313,True,True,/head/NFS/mkuyokwa/lungcxr/classification-pipeline/gradcam/overlays/00002627_person469_bacteria_1992_gradcam.png,23432.173828125,15753.423828125,0.5979792380272049,1,243,mask_bbox_midline
/head/NFS/mkuyokwa/lungcxr/lung_cxr_segmentation/normal_dataset/img/00003050_person362_bacteria_1652.png,/head/NFS/mkuyokwa/lungcxr/lung_cxr_segmentation/normal-results/segments/normal_full/00003050_person362_bacteria_1652.nrrd,0,0,1.2187777e-09,excellent,0.9999997615814209,True,True,/head/NFS/mkuyokwa/lungcxr/classification-pipeline/gradcam/overlays/00003050_person362_bacteria_1652_gradcam.png,23355.40234375,16717.13671875,0.5828281134700061,1,264,mask_bbox_midline
/head/NFS/mkuyokwa/lungcxr/lung_cxr_segmentation/normal_dataset/img/00006393_person1643_virus_2843.png,/head/NFS/mkuyokwa/lungcxr/lung_cxr_segmentation/normal-results/segments/normal_full/00006393_person1643_virus_2843.nrrd,0,0,1.048684e-09,excellent,0.9999997615814209,True,True,/head/NFS/mkuyokwa/lungcxr/classification-pipeline/gradcam/overlays/00006393_person1643_virus_2843_gradcam.png,22360.9296875,19918.98046875,0.5288783633849446,1,252,mask_bbox_midline
/head/NFS/mkuyokwa/lungcxr/lung_cxr_segmentation/normal_dataset/img/00005097_NORMAL2-IM-0518-0001.png,/head/NFS/mkuyokwa/lungcxr/lung_cxr_segmentation/normal-results/segments/normal_full/00005097_NORMAL2-IM-0518-0001.nrrd,0,0,1.2105376e-08,excellent,0.9999922513961792,True,True,/head/NFS/mkuyokwa/lungcxr/classification-pipeline/gradcam/overlays/00005097_NORMAL2-IM-0518-0001_gradcam.png,15413.74609375,12067.8701171875,0.5608748035574208,1,233,mask_bbox_midline
/head/NFS/mkuyokwa/lungcxr/lung_cxr_segmentation/normal_dataset/img/00004771_NORMAL2-IM-0945-0001.png,/head/NFS/mkuyokwa/lungcxr/lung_cxr_segmentation/normal-results/segments/normal_full/00004771_NORMAL2-IM-0945-0001.nrrd,0,0,9.323579e-10,excellent,0.9999996423721313,True,True,/head/NFS/mkuyokwa/lungcxr/classification-pipeline/gradcam/overlays/00004771_NORMAL2-IM-0945-0001_gradcam.png,20147.65234375,21825.0703125,0.48001776079088565,0,255,mask_bbox_midline
/head/NFS/mkuyokwa/lungcxr/lung_cxr_segmentation/normal_dataset/img/00000525_person886_virus_1536.png,/head/NFS/mkuyokwa/lungcxr/lung_cxr_segmentation/normal-results/segments/normal_full/00000525_person886_virus_1536.nrrd,0,0,3.4115162e-09,excellent,0.9999995231628418,True,True,/head/NFS/mkuyokwa/lungcxr/classification-pipeline/gradcam/overlays/00000525_person886_virus_1536_gradcam.png,23113.6171875,18296.48828125,0.5581636879660357,1,248,mask_bbox_midline
/head/NFS/mkuyokwa/lungcxr/lung_cxr_segmentation/normal_dataset/img/00005425_IM-0539-0001-0002.png,/head/NFS/mkuyokwa/lungcxr/lung_cxr_segmentation/normal-results/segments/normal_full/00005425_IM-0539-0001-0002.nrrd,0,0,1.767403e-08,excellent,0.9999992847442627,True,True,/head/NFS/mkuyokwa/lungcxr/classification-pipeline/gradcam/overlays/00005425_IM-0539-0001-0002_gradcam.png,21297.59375,17562.287109375,0.5480612209561606,1,258,mask_bbox_midline
/head/NFS/mkuyokwa/lungcxr/lung_cxr_segmentation/normal_dataset/img/00005805_IM-0011-0001-0001.png,/head/NFS/mkuyokwa/lungcxr/lung_cxr_segmentation/normal-results/segments/normal_full/00005805_IM-0011-0001-0001.nrrd,0,0,1.4875589e-08,excellent,0.9999998807907104,True,True,/head/NFS/mkuyokwa/lungcxr/classification-pipeline/gradcam/overlays/00005805_IM-0011-0001-0001_gradcam.png,23981.310546875,17757.798828125,0.5745525217468779,1,251,mask_bbox_midline
/head/NFS/mkuyokwa/lungcxr/lung_cxr_segmentation/normal_dataset/img/00003272_person315_bacteria_1468.png,/head/NFS/mkuyokwa/lungcxr/lung_cxr_segmentation/normal-results/segments/normal_full/00003272_person315_bacteria_1468.nrrd,0,0,2.1405928e-09,excellent,0.9999995231628418,True,True,/head/NFS/mkuyokwa/lungcxr/classification-pipeline/gradcam/overlays/00003272_person315_bacteria_1468_gradcam.png,20963.28125,21612.671875,0.4923737394311123,0,265,mask_bbox_midline
/head/NFS/mkuyokwa/lungcxr/lung_cxr_segmentation/normal_dataset/img/00003575_person1628_bacteria_4295.png,/head/NFS/mkuyokwa/lungcxr/lung_cxr_segmentation/normal-results/segments/normal_full/00003575_person1628_bacteria_4295.nrrd,0,0,1.2661879e-09,excellent,0.9999997615814209,True,True,/head/NFS/mkuyokwa/lungcxr/classification-pipeline/gradcam/overlays/00003575_person1628_bacteria_4295_gradcam.png,20819.8671875,17403.443359375,0.544690318280193,1,266,mask_bbox_midline
/head/NFS/mkuyokwa/lungcxr/lung_cxr_segmentation/normal_dataset/img/00003644_person1674_bacteria_4437.png,/head/NFS/mkuyokwa/lungcxr/lung_cxr_segmentation/normal-results/segments/normal_full/00003644_person1674_bacteria_4437.nrrd,0,0,1.8570969e-08,excellent,0.9999963045120239,True,True,/head/NFS/mkuyokwa/lungcxr/classification-pipeline/gradcam/overlays/00003644_person1674_bacteria_4437_gradcam.png,14941.240234375,12268.271484375,0.5491182785201923,1,260,mask_bbox_midline
/head/NFS/mkuyokwa/lungcxr/lung_cxr_segmentation/normal_dataset/img/00004991_NORMAL2-IM-0692-0001.png,/head/NFS/mkuyokwa/lungcxr/lung_cxr_segmentation/normal-results/segments/normal_full/00004991_NORMAL2-IM-0692-0001.nrrd,0,0,5.755191e-09,excellent,0.9999984502792358,True,True,/head/NFS/mkuyokwa/lungcxr/classification-pipeline/gradcam/overlays/00004991_NORMAL2-IM-0692-0001_gradcam.png,19350.53125,17776.423828125,0.5211989835762543,1,256,mask_bbox_midline
/head/NFS/mkuyokwa/lungcxr/lung_cxr_segmentation/normal_dataset/img/00002100_person802_bacteria_2708.png,/head/NFS/mkuyokwa/lungcxr/lung_cxr_segmentation/normal-results/segments/normal_full/00002100_person802_bacteria_2708.nrrd,0,0,6.854141e-10,excellent,0.9999998807907104,True,True,/head/NFS/mkuyokwa/lungcxr/classification-pipeline/gradcam/overlays/00002100_person802_bacteria_2708_gradcam.png,21983.5703125,18948.64453125,0.5370725819850597,1,266,mask_bbox_midline
/head/NFS/mkuyokwa/lungcxr/lung_cxr_segmentation/normal_dataset/img/00000952_person292_virus_597.png,/head/NFS/mkuyokwa/lungcxr/lung_cxr_segmentation/normal-results/segments/normal_full/00000952_person292_virus_597.nrrd,0,0,1.1153457e-09,excellent,0.9999998807907104,True,True,/head/NFS/mkuyokwa/lungcxr/classification-pipeline/gradcam/overlays/00000952_person292_virus_597_gradcam.png,22411.576171875,15976.525390625,0.5838156944381977,1,251,mask_bbox_midline
/head/NFS/mkuyokwa/lungcxr/lung_cxr_segmentation/normal_dataset/img/00005478_IM-0481-0001.png,/head/NFS/mkuyokwa/lungcxr/lung_cxr_segmentation/normal-results/segments/normal_full/00005478_IM-0481-0001.nrrd,0,0,6.9305357e-09,excellent,0.9999994039535522,True,True,/head/NFS/mkuyokwa/lungcxr/classification-pipeline/gradcam/overlays/00005478_IM-0481-0001_gradcam.png,19426.59375,16275.5576171875,0.5441294993739298,1,265,mask_bbox_midline
/head/NFS/mkuyokwa/lungcxr/lung_cxr_segmentation/normal_dataset/img/00000899_person357_virus_736.png,/head/NFS/mkuyokwa/lungcxr/lung_cxr_segmentation/normal-results/segments/normal_full/00000899_person357_virus_736.nrrd,0,0,1.296687e-09,excellent,0.9999998807907104,True,True,/head/NFS/mkuyokwa/lungcxr/classification-pipeline/gradcam/overlays/00000899_person357_virus_736_gradcam.png,28216.24609375,15941.42578125,0.6389885357548643,1,260,mask_bbox_midline
/head/NFS/mkuyokwa/lungcxr/lung_cxr_segmentation/normal_dataset/img/00004944_NORMAL2-IM-0765-0001.png,/head/NFS/mkuyokwa/lungcxr/lung_cxr_segmentation/normal-results/segments/normal_full/00004944_NORMAL2-IM-0765-0001.nrrd,0,0,5.372999e-09,excellent,0.9999995231628418,True,True,/head/NFS/mkuyokwa/lungcxr/classification-pipeline/gradcam/overlays/00004944_NORMAL2-IM-0765-0001_gradcam.png,19272.521484375,14260.96484375,0.5747246586827708,1,262,mask_bbox_midline
/head/NFS/mkuyokwa/lungcxr/lung_cxr_segmentation/normal_dataset/img/00002820_person406_bacteria_1820.png,/head/NFS/mkuyokwa/lungcxr/lung_cxr_segmentation/normal-results/segments/normal_full/00002820_person406_bacteria_1820.nrrd,0,0,4.389908e-09,excellent,0.9999997615814209,True,True,/head/NFS/mkuyokwa/lungcxr/classification-pipeline/gradcam/overlays/00002820_person406_bacteria_1820_gradcam.png,22142.998046875,14755.103515625,0.6001121225537306,1,245,mask_bbox_midline
/head/NFS/mkuyokwa/lungcxr/lung_cxr_segmentation/normal_dataset/img/00003059_person366_bacteria_1664.png,/head/NFS/mkuyokwa/lungcxr/lung_cxr_segmentation/normal-results/segments/normal_full/00003059_person366_bacteria_1664.nrrd,0,0,5.3391638e-09,excellent,0.9999973773956299,True,True,/head/NFS/mkuyokwa/lungcxr/classification-pipeline/gradcam/overlays/00003059_person366_bacteria_1664_gradcam.png,15069.54296875,17285.515625,0.4657553910800511,0,227,mask_bbox_midline
/head/NFS/mkuyokwa/lungcxr/lung_cxr_segmentation/normal_dataset/img/00004716_NORMAL2-IM-1023-0001.png,/head/NFS/mkuyokwa/lungcxr/lung_cxr_segmentation/normal-results/segments/normal_full/00004716_NORMAL2-IM-1023-0001.nrrd,0,0,3.9803975e-08,excellent,0.9999878406524658,True,True,/head/NFS/mkuyokwa/lungcxr/classification-pipeline/gradcam/overlays/00004716_NORMAL2-IM-1023-0001_gradcam.png,18350.10546875,13238.970703125,0.5809003520364999,1,257,mask_bbox_midline
/head/NFS/mkuyokwa/lungcxr/lung_cxr_segmentation/normal_dataset/img/00000612_person710_virus_1308.png,/head/NFS/mkuyokwa/lungcxr/lung_cxr_segmentation/normal-results/segments/normal_full/00000612_person710_virus_1308.nrrd,0,0,2.5445395e-09,excellent,0.9999998807907104,True,True,/head/NFS/mkuyokwa/lungcxr/classification-pipeline/gradcam/overlays/00000612_person710_virus_1308_gradcam.png,22938.16796875,18809.6640625,0.5494457281417588,1,245,mask_bbox_midline
/head/NFS/mkuyokwa/lungcxr/lung_cxr_segmentation/normal_dataset/img/00005104_NORMAL2-IM-0528-0001.png,/head/NFS/mkuyokwa/lungcxr/lung_cxr_segmentation/normal-results/segments/normal_full/00005104_NORMAL2-IM-0528-0001.nrrd,0,0,2.5362006e-09,excellent,0.9999991655349731,True,True,/head/NFS/mkuyokwa/lungcxr/classification-pipeline/gradcam/overlays/00005104_NORMAL2-IM-0528-0001_gradcam.png,18394.154296875,13181.8046875,0.5825366794394791,1,259,mask_bbox_midline
/head/NFS/mkuyokwa/lungcxr/lung_cxr_segmentation/normal_dataset/img/00005227_IM-0721-0001.png,/head/NFS/mkuyokwa/lungcxr/lung_cxr_segmentation/normal-results/segments/normal_full/00005227_IM-0721-0001.nrrd,0,0,2.5030935e-09,excellent,0.9999982118606567,True,True,/head/NFS/mkuyokwa/lungcxr/classification-pipeline/gradcam/overlays/00005227_IM-0721-0001_gradcam.png,20247.93359375,18089.015625,0.5281571436009586,1,262,mask_bbox_midline
/head/NFS/mkuyokwa/lungcxr/lung_cxr_segmentation/normal_dataset/img/00001331_person1331_virus_2299.png,/head/NFS/mkuyokwa/lungcxr/lung_cxr_segmentation/normal-results/segments/normal_full/00001331_person1331_virus_2299.nrrd,0,0,5.4350897e-09,excellent,0.9999996423721313,True,True,/head/NFS/mkuyokwa/lungcxr/classification-pipeline/gradcam/overlays/00001331_person1331_virus_2299_gradcam.png,21829.80078125,16219.6728515625,0.5737214919689392,1,256,mask_bbox_midline
/head/NFS/mkuyokwa/lungcxr/lung_cxr_segmentation/normal_dataset/img/00005100_NORMAL2-IM-0522-0001.png,/head/NFS/mkuyokwa/lungcxr/lung_cxr_segmentation/normal-results/segments/normal_full/00005100_NORMAL2-IM-0522-0001.nrrd,0,0,5.491398e-10,excellent,0.9999996423721313,True,True,/head/NFS/mkuyokwa/lungcxr/classification-pipeline/gradcam/overlays/00005100_NORMAL2-IM-0522-0001_gradcam.png,21120.98828125,16614.580078125,0.5597103528454664,1,260,mask_bbox_midline
/head/NFS/mkuyokwa/lungcxr/lung_cxr_segmentation/normal_dataset/img/00006633_296_2020_4584_Fig2_HTML-a.png,/head/NFS/mkuyokwa/lungcxr/lung_cxr_segmentation/normal-results/segments/normal_full/00006633_296_2020_4584_Fig2_HTML-a.nrrd,0,0,7.682764e-06,excellent,0.99997878074646,True,True,/head/NFS/mkuyokwa/lungcxr/classification-pipeline/gradcam/overlays/00006633_296_2020_4584_Fig2_HTML-a_gradcam.png,20073.626953125,8563.205078125,0.7009723328062132,1,252,mask_bbox_midline
/head/NFS/mkuyokwa/lungcxr/lung_cxr_segmentation/normal_dataset/img/00003814_person1567_bacteria_4100.png,/head/NFS/mkuyokwa/lungcxr/lung_cxr_segmentation/normal-results/segments/normal_full/00003814_person1567_bacteria_4100.nrrd,0,0,1.5753726e-09,excellent,0.9999996423721313,True,True,/head/NFS/mkuyokwa/lungcxr/classification-pipeline/gradcam/overlays/00003814_person1567_bacteria_4100_gradcam.png,21616.55078125,19374.27734375,0.5273509165350633,1,250,mask_bbox_midline
/head/NFS/mkuyokwa/lungcxr/lung_cxr_segmentation/normal_dataset/img/00002464_person550_bacteria_2309.png,/head/NFS/mkuyokwa/lungcxr/lung_cxr_segmentation/normal-results/segments/normal_full/00002464_person550_bacteria_2309.nrrd,0,0,2.52274e-09,excellent,0.9999998807907104,True,True,/head/NFS/mkuyokwa/lungcxr/classification-pipeline/gradcam/overlays/00002464_person550_bacteria_2309_gradcam.png,22711.6875,18375.08203125,0.5527737458824993,1,253,mask_bbox_midline
/head/NFS/mkuyokwa/lungcxr/lung_cxr_segmentation/normal_dataset/img/00005330_IM-0631-0001-0001.png,/head/NFS/mkuyokwa/lungcxr/lung_cxr_segmentation/normal-results/segments/normal_full/00005330_IM-0631-0001-0001.nrrd,0,0,1.4479398e-08,excellent,0.9999915361404419,True,True,/head/NFS/mkuyokwa/lungcxr/classification-pipeline/gradcam/overlays/00005330_IM-0631-0001-0001_gradcam.png,18496.30078125,12656.71484375,0.593724248204302,1,263,mask_bbox_midline
/head/NFS/mkuyokwa/lungcxr/lung_cxr_segmentation/normal_dataset/img/00005919_NORMAL2-IM-0198-0001.png,/head/NFS/mkuyokwa/lungcxr/lung_cxr_segmentation/normal-results/segments/normal_full/00005919_NORMAL2-IM-0198-0001.nrrd,0,0,5.5161964e-09,excellent,0.9999958276748657,True,True,/head/NFS/mkuyokwa/lungcxr/classification-pipeline/gradcam/overlays/00005919_NORMAL2-IM-0198-0001_gradcam.png,21728.255859375,15022.4873046875,0.5912331013926935,1,259,mask_bbox_midline
/head/NFS/mkuyokwa/lungcxr/lung_cxr_segmentation/normal_dataset/img/00006150_person118_bacteria_559.png,/head/NFS/mkuyokwa/lungcxr/lung_cxr_segmentation/normal-results/segments/normal_full/00006150_person118_bacteria_559.nrrd,0,0,9.481741e-09,excellent,0.9999985694885254,True,True,/head/NFS/mkuyokwa/lungcxr/classification-pipeline/gradcam/overlays/00006150_person118_bacteria_559_gradcam.png,17254.1015625,15035.9296875,0.5343476266378652,1,243,mask_bbox_midline
/head/NFS/mkuyokwa/lungcxr/lung_cxr_segmentation/normal_dataset/img/00005561_IM-0435-0001-0001.png,/head/NFS/mkuyokwa/lungcxr/lung_cxr_segmentation/normal-results/segments/normal_full/00005561_IM-0435-0001-0001.nrrd,0,0,5.975008e-09,excellent,0.9999995231628418,True,True,/head/NFS/mkuyokwa/lungcxr/classification-pipeline/gradcam/overlays/00005561_IM-0435-0001-0001_gradcam.png,20812.80078125,17557.896484375,0.5424139320995732,1,269,mask_bbox_midline
/head/NFS/mkuyokwa/lungcxr/lung_cxr_segmentation/normal_dataset/img/00004675_NORMAL2-IM-1136-0001.png,/head/NFS/mkuyokwa/lungcxr/lung_cxr_segmentation/normal-results/segments/normal_full/00004675_NORMAL2-IM-1136-0001.nrrd,0,0,8.572168e-09,excellent,0.9999986886978149,True,True,/head/NFS/mkuyokwa/lungcxr/classification-pipeline/gradcam/overlays/00004675_NORMAL2-IM-1136-0001_gradcam.png,20430.537109375,13351.94140625,0.6047672641877212,1,263,mask_bbox_midline
/head/NFS/mkuyokwa/lungcxr/lung_cxr_segmentation/normal_dataset/img/00003852_person1597_bacteria_4189.png,/head/NFS/mkuyokwa/lungcxr/lung_cxr_segmentation/normal-results/segments/normal_full/00003852_person1597_bacteria_4189.nrrd,0,0,2.0614128e-07,excellent,0.9999799728393555,True,True,/head/NFS/mkuyokwa/lungcxr/classification-pipeline/gradcam/overlays/00003852_person1597_bacteria_4189_gradcam.png,16280.75,9093.1083984375,0.6416347779808905,1,243,mask_bbox_midline
/head/NFS/mkuyokwa/lungcxr/lung_cxr_segmentation/normal_dataset/img/00006043_person78_bacteria_382.png,/head/NFS/mkuyokwa/lungcxr/lung_cxr_segmentation/normal-results/segments/normal_full/00006043_person78_bacteria_382.nrrd,0,0,1.1336367e-08,excellent,0.9999997615814209,True,True,/head/NFS/mkuyokwa/lungcxr/classification-pipeline/gradcam/overlays/00006043_person78_bacteria_382_gradcam.png,21397.41015625,13898.5625,0.6062280919310797,1,262,mask_bbox_midline
/head/NFS/mkuyokwa/lungcxr/lung_cxr_segmentation/normal_dataset/img/00003216_person296_bacteria_1392.png,/head/NFS/mkuyokwa/lungcxr/lung_cxr_segmentation/normal-results/segments/normal_full/00003216_person296_bacteria_1392.nrrd,0,0,1.4414863e-08,excellent,0.9999995231628418,True,True,/head/NFS/mkuyokwa/lungcxr/classification-pipeline/gradcam/overlays/00003216_person296_bacteria_1392_gradcam.png,18547.2421875,12416.4921875,0.5989988792332158,1,259,mask_bbox_midline
/head/NFS/mkuyokwa/lungcxr/lung_cxr_segmentation/normal_dataset/img/00004562_NORMAL2-IM-1240-0001.png,/head/NFS/mkuyokwa/lungcxr/lung_cxr_segmentation/normal-results/segments/normal_full/00004562_NORMAL2-IM-1240-0001.nrrd,0,0,2.0431496e-08,excellent,0.9999942779541016,True,True,/head/NFS/mkuyokwa/lungcxr/classification-pipeline/gradcam/overlays/00004562_NORMAL2-IM-1240-0001_gradcam.png,18669.884765625,13479.41796875,0.5807244069919625,1,247,mask_bbox_midline
/head/NFS/mkuyokwa/lungcxr/lung_cxr_segmentation/normal_dataset/img/00006378_person1625_virus_2817.png,/head/NFS/mkuyokwa/lungcxr/lung_cxr_segmentation/normal-results/segments/normal_full/00006378_person1625_virus_2817.nrrd,0,0,3.4867804e-09,excellent,0.9999998807907104,True,True,/head/NFS/mkuyokwa/lungcxr/classification-pipeline/gradcam/overlays/00006378_person1625_virus_2817_gradcam.png,22841.37890625,22348.603515625,0.5054522635793997,1,260,mask_bbox_midline
/head/NFS/mkuyokwa/lungcxr/lung_cxr_segmentation/normal_dataset/img/00003454_person1830_bacteria_4693.png,/head/NFS/mkuyokwa/lungcxr/lung_cxr_segmentation/normal-results/segments/normal_full/00003454_person1830_bacteria_4693.nrrd,0,0,2.5772618e-08,excellent,0.9999967813491821,True,True,/head/NFS/mkuyokwa/lungcxr/classification-pipeline/gradcam/overlays/00003454_person1830_bacteria_4693_gradcam.png,18284.22265625,16101.810546875,0.5317339906072193,1,243,mask_bbox_midline
/head/NFS/mkuyokwa/lungcxr/lung_cxr_segmentation/normal_dataset/img/00002751_person510_bacteria_2150.png,/head/NFS/mkuyokwa/lungcxr/lung_cxr_segmentation/normal-results/segments/normal_full/00002751_person510_bacteria_2150.nrrd,0,0,7.6230766e-10,excellent,0.9999996423721313,True,True,/head/NFS/mkuyokwa/lungcxr/classification-pipeline/gradcam/overlays/00002751_person510_bacteria_2150_gradcam.png,20389.5234375,17686.79296875,0.5354909655639163,1,250,mask_bbox_midline
/head/NFS/mkuyokwa/lungcxr/lung_cxr_segmentation/normal_dataset/img/00005068_NORMAL2-IM-0561-0001.png,/head/NFS/mkuyokwa/lungcxr/lung_cxr_segmentation/normal-results/segments/normal_full/00005068_NORMAL2-IM-0561-0001.nrrd,0,0,1.6588052e-08,excellent,0.9999972581863403,True,True,/head/NFS/mkuyokwa/lungcxr/classification-pipeline/gradcam/overlays/00005068_NORMAL2-IM-0561-0001_gradcam.png,17554.83203125,14165.5595703125,0.5534241900842509,1,264,mask_bbox_midline
/head/NFS/mkuyokwa/lungcxr/lung_cxr_segmentation/normal_dataset/img/00005964_NORMAL2-IM-0292-0001.png,/head/NFS/mkuyokwa/lungcxr/lung_cxr_segmentation/normal-results/segments/normal_full/00005964_NORMAL2-IM-0292-0001.nrrd,0,0,1.3542923e-07,excellent,0.9999954700469971,True,True,/head/NFS/mkuyokwa/lungcxr/classification-pipeline/gradcam/overlays/00005964_NORMAL2-IM-0292-0001_gradcam.png,18183.150390625,12424.169921875,0.5940784820420564,1,258,mask_bbox_midline
/head/NFS/mkuyokwa/lungcxr/lung_cxr_segmentation/normal_dataset/img/00004552_NORMAL2-IM-1224-0001.png,/head/NFS/mkuyokwa/lungcxr/lung_cxr_segmentation/normal-results/segments/normal_full/00004552_NORMAL2-IM-1224-0001.nrrd,0,0,2.5485758e-09,excellent,0.9999985694885254,True,True,/head/NFS/mkuyokwa/lungcxr/classification-pipeline/gradcam/overlays/00004552_NORMAL2-IM-1224-0001_gradcam.png,18414.333984375,12210.6845703125,0.6012840107016517,1,247,mask_bbox_midline
/head/NFS/mkuyokwa/lungcxr/lung_cxr_segmentation/normal_dataset/img/00003935_person1494_bacteria_3901.png,/head/NFS/mkuyokwa/lungcxr/lung_cxr_segmentation/normal-results/segments/normal_full/00003935_person1494_bacteria_3901.nrrd,0,0,6.2134164e-09,excellent,0.9999994039535522,True,True,/head/NFS/mkuyokwa/lungcxr/classification-pipeline/gradcam/overlays/00003935_person1494_bacteria_3901_gradcam.png,22571.146484375,15577.337890625,0.5916656154016604,1,259,mask_bbox_midline
/head/NFS/mkuyokwa/lungcxr/lung_cxr_segmentation/normal_dataset/img/00005920_NORMAL2-IM-0199-0001.png,/head/NFS/mkuyokwa/lungcxr/lung_cxr_segmentation/normal-results/segments/normal_full/00005920_NORMAL2-IM-0199-0001.nrrd,0,0,4.3653268e-09,excellent,0.9999990463256836,True,True,/head/NFS/mkuyokwa/lungcxr/classification-pipeline/gradcam/overlays/00005920_NORMAL2-IM-0199-0001_gradcam.png,18086.51953125,17596.79296875,0.5068621230512161,1,260,mask_bbox_midline
/head/NFS/mkuyokwa/lungcxr/lung_cxr_segmentation/normal_dataset/img/00006531_3fd337c1.png,/head/NFS/mkuyokwa/lungcxr/lung_cxr_segmentation/normal-results/segments/normal_full/00006531_3fd337c1.nrrd,0,0,1.5242613e-06,excellent,0.9999921321868896,True,True,/head/NFS/mkuyokwa/lungcxr/classification-pipeline/gradcam/overlays/00006531_3fd337c1_gradcam.png,15643.8623046875,16117.2734375,0.49254732046335986,0,296,mask_bbox_midline
/head/NFS/mkuyokwa/lungcxr/lung_cxr_segmentation/normal_dataset/img/00005763_IM-0152-0001.png,/head/NFS/mkuyokwa/lungcxr/lung_cxr_segmentation/normal-results/segments/normal_full/00005763_IM-0152-0001.nrrd,0,0,6.862438e-09,excellent,0.9999985694885254,True,True,/head/NFS/mkuyokwa/lungcxr/classification-pipeline/gradcam/overlays/00005763_IM-0152-0001_gradcam.png,18690.525390625,15306.78125,0.5497648854421544,1,247,mask_bbox_midline
/head/NFS/mkuyokwa/lungcxr/lung_cxr_segmentation/normal_dataset/img/00001021_person269_virus_554.png,/head/NFS/mkuyokwa/lungcxr/lung_cxr_segmentation/normal-results/segments/normal_full/00001021_person269_virus_554.nrrd,0,0,2.2192723e-09,excellent,0.9999995231628418,True,True,/head/NFS/mkuyokwa/lungcxr/classification-pipeline/gradcam/overlays/00001021_person269_virus_554_gradcam.png,19735.01953125,17552.322265625,0.5292686091370548,1,252,mask_bbox_midline
/head/NFS/mkuyokwa/lungcxr/lung_cxr_segmentation/normal_dataset/img/00004778_NORMAL2-IM-0952-0001.png,/head/NFS/mkuyokwa/lungcxr/lung_cxr_segmentation/normal-results/segments/normal_full/00004778_NORMAL2-IM-0952-0001.nrrd,0,0,4.2207833e-09,excellent,0.9999988079071045,True,True,/head/NFS/mkuyokwa/lungcxr/classification-pipeline/gradcam/overlays/00004778_NORMAL2-IM-0952-0001_gradcam.png,18516.875,14333.546875,0.5636723653187483,1,252,mask_bbox_midline
/head/NFS/mkuyokwa/lungcxr/lung_cxr_segmentation/normal_dataset/img/00005746_IM-0235-0001.png,/head/NFS/mkuyokwa/lungcxr/lung_cxr_segmentation/normal-results/segments/normal_full/00005746_IM-0235-0001.nrrd,0,0,3.809767e-08,excellent,0.9999927282333374,True,True,/head/NFS/mkuyokwa/lungcxr/classification-pipeline/gradcam/overlays/00005746_IM-0235-0001_gradcam.png,15595.958984375,8251.841796875,0.6539789193742807,1,265,mask_bbox_midline
/head/NFS/mkuyokwa/lungcxr/lung_cxr_segmentation/normal_dataset/img/00002367_person54_bacteria_257.png,/head/NFS/mkuyokwa/lungcxr/lung_cxr_segmentation/normal-results/segments/normal_full/00002367_person54_bacteria_257.nrrd,0,0,5.2965304e-10,excellent,1.0,True,True,/head/NFS/mkuyokwa/lungcxr/classification-pipeline/gradcam/overlays/00002367_person54_bacteria_257_gradcam.png,25905.0703125,24417.349609375,0.5147818875307931,1,258,mask_bbox_midline
/head/NFS/mkuyokwa/lungcxr/lung_cxr_segmentation/normal_dataset/img/00005883_NORMAL2-IM-0059-0001.png,/head/NFS/mkuyokwa/lungcxr/lung_cxr_segmentation/normal-results/segments/normal_full/00005883_NORMAL2-IM-0059-0001.nrrd,0,0,8.756257e-09,excellent,0.9999995231628418,True,True,/head/NFS/mkuyokwa/lungcxr/classification-pipeline/gradcam/overlays/00005883_NORMAL2-IM-0059-0001_gradcam.png,21346.62109375,10349.0546875,0.6734868579889336,1,260,mask_bbox_midline
/head/NFS/mkuyokwa/lungcxr/lung_cxr_segmentation/normal_dataset/img/00004345_person1053_bacteria_2987.png,/head/NFS/mkuyokwa/lungcxr/lung_cxr_segmentation/normal-results/segments/normal_full/00004345_person1053_bacteria_2987.nrrd,0,0,5.2969722e-11,excellent,0.9999998807907104,True,True,/head/NFS/mkuyokwa/lungcxr/classification-pipeline/gradcam/overlays/00004345_person1053_bacteria_2987_gradcam.png,25523.626953125,16894.51953125,0.6017148100171419,1,245,mask_bbox_midline
/head/NFS/mkuyokwa/lungcxr/lung_cxr_segmentation/normal_dataset/img/00005696_IM-0264-0001.png,/head/NFS/mkuyokwa/lungcxr/lung_cxr_segmentation/normal-results/segments/normal_full/00005696_IM-0264-0001.nrrd,0,0,3.7160095e-08,excellent,0.9999970197677612,True,True,/head/NFS/mkuyokwa/lungcxr/classification-pipeline/gradcam/overlays/00005696_IM-0264-0001_gradcam.png,15671.0,11266.98046875,0.5817436840961219,1,264,mask_bbox_midline
/head/NFS/mkuyokwa/lungcxr/lung_cxr_segmentation/normal_dataset/img/00004928_NORMAL2-IM-0702-0001.png,/head/NFS/mkuyokwa/lungcxr/lung_cxr_segmentation/normal-results/segments/normal_full/00004928_NORMAL2-IM-0702-0001.nrrd,0,0,3.5157182e-08,excellent,0.9999969005584717,True,True,/head/NFS/mkuyokwa/lungcxr/classification-pipeline/gradcam/overlays/00004928_NORMAL2-IM-0702-0001_gradcam.png,21987.638671875,13406.240234375,0.6212271542804066,1,260,mask_bbox_midline
/head/NFS/mkuyokwa/lungcxr/lung_cxr_segmentation/normal_dataset/img/00005147_NORMAL2-IM-0410-0001.png,/head/NFS/mkuyokwa/lungcxr/lung_cxr_segmentation/normal-results/segments/normal_full/00005147_NORMAL2-IM-0410-0001.nrrd,0,0,2.923162e-08,excellent,0.9999963045120239,True,True,/head/NFS/mkuyokwa/lungcxr/classification-pipeline/gradcam/overlays/00005147_NORMAL2-IM-0410-0001_gradcam.png,17339.90625,15260.03515625,0.5318999207365331,1,264,mask_bbox_midline
/head/NFS/mkuyokwa/lungcxr/lung_cxr_segmentation/normal_dataset/img/00002967_person328_bacteria_1514.png,/head/NFS/mkuyokwa/lungcxr/lung_cxr_segmentation/normal-results/segments/normal_full/00002967_person328_bacteria_1514.nrrd,0,0,3.139084e-10,excellent,0.9999997615814209,True,True,/head/NFS/mkuyokwa/lungcxr/classification-pipeline/gradcam/overlays/00002967_person328_bacteria_1514_gradcam.png,22374.1953125,13125.8388671875,0.6302584160694168,1,250,mask_bbox_midline
/head/NFS/mkuyokwa/lungcxr/lung_cxr_segmentation/normal_dataset/img/00002249_person614_bacteria_2481.png,/head/NFS/mkuyokwa/lungcxr/lung_cxr_segmentation/normal-results/segments/normal_full/00002249_person614_bacteria_2481.nrrd,0,0,9.312168e-10,excellent,0.9999998807907104,True,True,/head/NFS/mkuyokwa/lungcxr/classification-pipeline/gradcam/overlays/00002249_person614_bacteria_2481_gradcam.png,20689.23046875,15509.74609375,0.5715418620476365,1,263,mask_bbox_midline
/head/NFS/mkuyokwa/lungcxr/lung_cxr_segmentation/normal_dataset/img/00004078_person1438_bacteria_3721.png,/head/NFS/mkuyokwa/lungcxr/lung_cxr_segmentation/normal-results/segments/normal_full/00004078_person1438_bacteria_3721.nrrd,0,0,1.0371176e-08,excellent,0.9999995231628418,True,True,/head/NFS/mkuyokwa/lungcxr/classification-pipeline/gradcam/overlays/00004078_person1438_bacteria_3721_gradcam.png,19921.4375,14087.6640625,0.5857678263975751,1,250,mask_bbox_midline
/head/NFS/mkuyokwa/lungcxr/lung_cxr_segmentation/normal_dataset/img/00004469_NORMAL2-IM-1351-0001.png,/head/NFS/mkuyokwa/lungcxr/lung_cxr_segmentation/normal-results/segments/normal_full/00004469_NORMAL2-IM-1351-0001.nrrd,0,0,7.467998e-09,excellent,0.9999948740005493,True,True,/head/NFS/mkuyokwa/lungcxr/classification-pipeline/gradcam/overlays/00004469_NORMAL2-IM-1351-0001_gradcam.png,20378.08984375,10710.3212890625,0.6554883025926593,1,262,mask_bbox_midline
/head/NFS/mkuyokwa/lungcxr/lung_cxr_segmentation/normal_dataset/img/00005766_IM-0158-0001.png,/head/NFS/mkuyokwa/lungcxr/lung_cxr_segmentation/normal-results/segments/normal_full/00005766_IM-0158-0001.nrrd,0,0,6.366432e-09,excellent,0.9999995231628418,True,True,/head/NFS/mkuyokwa/lungcxr/classification-pipeline/gradcam/overlays/00005766_IM-0158-0001_gradcam.png,19215.63671875,17814.1875,0.5189232496820816,1,268,mask_bbox_midline
/head/NFS/mkuyokwa/lungcxr/lung_cxr_segmentation/normal_dataset/img/00000355_person940_virus_1602.png,/head/NFS/mkuyokwa/lungcxr/lung_cxr_segmentation/normal-results/segments/normal_full/00000355_person940_virus_1602.nrrd,0,0,7.016388e-10,excellent,1.0,True,True,/head/NFS/mkuyokwa/lungcxr/classification-pipeline/gradcam/overlays/00000355_person940_virus_1602_gradcam.png,23569.314453125,18287.990234375,0.5630872467563252,1,265,mask_bbox_midline
/head/NFS/mkuyokwa/lungcxr/lung_cxr_segmentation/normal_dataset/img/00002312_person672_bacteria_2565.png,/head/NFS/mkuyokwa/lungcxr/lung_cxr_segmentation/normal-results/segments/normal_full/00002312_person672_bacteria_2565.nrrd,0,0,6.493165e-08,excellent,0.9999996423721313,True,True,/head/NFS/mkuyokwa/lungcxr/classification-pipeline/gradcam/overlays/00002312_person672_bacteria_2565_gradcam.png,23237.169921875,18311.6640625,0.5592736953969311,1,253,mask_bbox_midline
/head/NFS/mkuyokwa/lungcxr/lung_cxr_segmentation/normal_dataset/img/00006804_aspiration-pneumonia-5-day0.png,/head/NFS/mkuyokwa/lungcxr/lung_cxr_segmentation/normal-results/segments/normal_full/00006804_aspiration-pneumonia-5-day0.nrrd,0,0,4.465517e-05,excellent,0.9999867677688599,True,True,/head/NFS/mkuyokwa/lungcxr/classification-pipeline/gradcam/overlays/00006804_aspiration-pneumonia-5-day0_gradcam.png,16314.662109375,12360.5068359375,0.5689473753577289,1,282,mask_bbox_midline
/head/NFS/mkuyokwa/lungcxr/lung_cxr_segmentation/normal_dataset/img/00002612_person464_bacteria_1975.png,/head/NFS/mkuyokwa/lungcxr/lung_cxr_segmentation/normal-results/segments/normal_full/00002612_person464_bacteria_1975.nrrd,0,0,3.6047348e-10,excellent,0.9999998807907104,True,True,/head/NFS/mkuyokwa/lungcxr/classification-pipeline/gradcam/overlays/00002612_person464_bacteria_1975_gradcam.png,21153.23046875,18054.763671875,0.539513202151606,1,254,mask_bbox_midline
/head/NFS/mkuyokwa/lungcxr/lung_cxr_segmentation/normal_dataset/img/00002872_person433_bacteria_1876.png,/head/NFS/mkuyokwa/lungcxr/lung_cxr_segmentation/normal-results/segments/normal_full/00002872_person433_bacteria_1876.nrrd,0,0,1.1651906e-09,excellent,0.9999998807907104,True,True,/head/NFS/mkuyokwa/lungcxr/classification-pipeline/gradcam/overlays/00002872_person433_bacteria_1876_gradcam.png,25298.41015625,20306.71875,0.5547273028929638,1,267,mask_bbox_midline
/head/NFS/mkuyokwa/lungcxr/lung_cxr_segmentation/normal_dataset/img/00005741_IM-0228-0001.png,/head/NFS/mkuyokwa/lungcxr/lung_cxr_segmentation/normal-results/segments/normal_full/00005741_IM-0228-0001.nrrd,0,0,1.53274e-08,excellent,0.999995231628418,True,True,/head/NFS/mkuyokwa/lungcxr/classification-pipeline/gradcam/overlays/00005741_IM-0228-0001_gradcam.png,18525.19921875,14509.2666015625,0.5607839799655266,1,262,mask_bbox_midline
/head/NFS/mkuyokwa/lungcxr/lung_cxr_segmentation/normal_dataset/img/00006195_person133_bacteria_633.png,/head/NFS/mkuyokwa/lungcxr/lung_cxr_segmentation/normal-results/segments/normal_full/00006195_person133_bacteria_633.nrrd,0,0,6.4084843e-10,excellent,1.0,True,True,/head/NFS/mkuyokwa/lungcxr/classification-pipeline/gradcam/overlays/00006195_person133_bacteria_633_gradcam.png,23998.28125,21433.37890625,0.5282281379871295,1,246,mask_bbox_midline
/head/NFS/mkuyokwa/lungcxr/lung_cxr_segmentation/normal_dataset/img/00003976_person1363_bacteria_3484.png,/head/NFS/mkuyokwa/lungcxr/lung_cxr_segmentation/normal-results/segments/normal_full/00003976_person1363_bacteria_3484.nrrd,0,0,8.108013e-09,excellent,0.9999984502792358,True,True,/head/NFS/mkuyokwa/lungcxr/classification-pipeline/gradcam/overlays/00003976_person1363_bacteria_3484_gradcam.png,18349.50390625,18051.69921875,0.5040905885236451,1,259,mask_bbox_midline
/head/NFS/mkuyokwa/lungcxr/lung_cxr_segmentation/normal_dataset/img/00005160_NORMAL2-IM-0424-0001.png,/head/NFS/mkuyokwa/lungcxr/lung_cxr_segmentation/normal-results/segments/normal_full/00005160_NORMAL2-IM-0424-0001.nrrd,0,0,1.7589441e-09,excellent,0.9999997615814209,True,True,/head/NFS/mkuyokwa/lungcxr/classification-pipeline/gradcam/overlays/00005160_NORMAL2-IM-0424-0001_gradcam.png,22035.576171875,17623.619140625,0.5556233806118025,1,265,mask_bbox_midline
/head/NFS/mkuyokwa/lungcxr/lung_cxr_segmentation/normal_dataset/img/00006025_NORMAL2-IM-0374-0001-0001.png,/head/NFS/mkuyokwa/lungcxr/lung_cxr_segmentation/normal-results/segments/normal_full/00006025_NORMAL2-IM-0374-0001-0001.nrrd,0,0,2.8410545e-09,excellent,0.9999997615814209,True,True,/head/NFS/mkuyokwa/lungcxr/classification-pipeline/gradcam/overlays/00006025_NORMAL2-IM-0374-0001-0001_gradcam.png,21885.08984375,15169.390625,0.5906192602594132,1,261,mask_bbox_midline
/head/NFS/mkuyokwa/lungcxr/lung_cxr_segmentation/normal_dataset/img/00000677_person577_virus_1121.png,/head/NFS/mkuyokwa/lungcxr/lung_cxr_segmentation/normal-results/segments/normal_full/00000677_person577_virus_1121.nrrd,0,0,8.162783e-10,excellent,0.9999998807907104,True,True,/head/NFS/mkuyokwa/lungcxr/classification-pipeline/gradcam/overlays/00000677_person577_virus_1121_gradcam.png,25118.671875,17934.650390625,0.5834316738677207,1,245,mask_bbox_midline
/head/NFS/mkuyokwa/lungcxr/lung_cxr_segmentation/normal_dataset/img/00003443_person274_bacteria_1290.png,/head/NFS/mkuyokwa/lungcxr/lung_cxr_segmentation/normal-results/segments/normal_full/00003443_person274_bacteria_1290.nrrd,0,0,3.229113e-10,excellent,0.9999998807907104,True,True,/head/NFS/mkuyokwa/lungcxr/classification-pipeline/gradcam/overlays/00003443_person274_bacteria_1290_gradcam.png,22877.6171875,17521.61328125,0.5662884397067046,1,257,mask_bbox_midline
/head/NFS/mkuyokwa/lungcxr/lung_cxr_segmentation/normal_dataset/img/00007044_radiol.2020201160.fig2a.png,/head/NFS/mkuyokwa/lungcxr/lung_cxr_segmentation/normal-results/segments/normal_full/00007044_radiol.2020201160.fig2a.nrrd,0,0,1.7486187e-08,excellent,0.9999381303787231,True,True,/head/NFS/mkuyokwa/lungcxr/classification-pipeline/gradcam/overlays/00007044_radiol.2020201160.fig2a_gradcam.png,22496.4296875,12771.4404296875,0.6378732147064519,1,258,mask_bbox_midline
/head/NFS/mkuyokwa/lungcxr/lung_cxr_segmentation/normal_dataset/img/00004776_NORMAL2-IM-0950-0001.png,/head/NFS/mkuyokwa/lungcxr/lung_cxr_segmentation/normal-results/segments/normal_full/00004776_NORMAL2-IM-0950-0001.nrrd,0,0,8.966008e-09,excellent,0.9999992847442627,True,True,/head/NFS/mkuyokwa/lungcxr/classification-pipeline/gradcam/overlays/00004776_NORMAL2-IM-0950-0001_gradcam.png,19464.890625,14326.154296875,0.576036955057261,1,273,mask_bbox_midline
/head/NFS/mkuyokwa/lungcxr/lung_cxr_segmentation/normal_dataset/img/00004468_NORMAL2-IM-1350-0001.png,/head/NFS/mkuyokwa/lungcxr/lung_cxr_segmentation/normal-results/segments/normal_full/00004468_NORMAL2-IM-1350-0001.nrrd,0,0,5.348388e-09,excellent,0.999998927116394,True,True,/head/NFS/mkuyokwa/lungcxr/classification-pipeline/gradcam/overlays/00004468_NORMAL2-IM-1350-0001_gradcam.png,18607.177734375,15842.53125,0.5401258322041114,1,262,mask_bbox_midline
/head/NFS/mkuyokwa/lungcxr/lung_cxr_segmentation/normal_dataset/img/00003945_person1500_bacteria_3916.png,/head/NFS/mkuyokwa/lungcxr/lung_cxr_segmentation/normal-results/segments/normal_full/00003945_person1500_bacteria_3916.nrrd,0,0,1.8228759e-09,excellent,0.9999991655349731,True,True,/head/NFS/mkuyokwa/lungcxr/classification-pipeline/gradcam/overlays/00003945_person1500_bacteria_3916_gradcam.png,22989.3828125,14109.28515625,0.6196821630325129,1,267,mask_bbox_midline
/head/NFS/mkuyokwa/lungcxr/lung_cxr_segmentation/normal_dataset/img/00004177_person1333_bacteria_3383.png,/head/NFS/mkuyokwa/lungcxr/lung_cxr_segmentation/normal-results/segments/normal_full/00004177_person1333_bacteria_3383.nrrd,0,0,2.420258e-09,excellent,0.9999991655349731,True,True,/head/NFS/mkuyokwa/lungcxr/classification-pipeline/gradcam/overlays/00004177_person1333_bacteria_3383_gradcam.png,22613.31640625,22718.09375,0.49884431850466543,0,252,mask_bbox_midline
/head/NFS/mkuyokwa/lungcxr/lung_cxr_segmentation/normal_dataset/img/00002791_person41_bacteria_208.png,/head/NFS/mkuyokwa/lungcxr/lung_cxr_segmentation/normal-results/segments/normal_full/00002791_person41_bacteria_208.nrrd,0,0,4.5332712e-08,excellent,0.9999980926513672,True,True,/head/NFS/mkuyokwa/lungcxr/classification-pipeline/gradcam/overlays/00002791_person41_bacteria_208_gradcam.png,15014.83203125,14878.48046875,0.5022806365554169,1,249,mask_bbox_midline
/head/NFS/mkuyokwa/lungcxr/lung_cxr_segmentation/normal_dataset/img/00002914_person448_bacteria_1935.png,/head/NFS/mkuyokwa/lungcxr/lung_cxr_segmentation/normal-results/segments/normal_full/00002914_person448_bacteria_1935.nrrd,0,0,1.3907946e-09,excellent,0.9999985694885254,True,True,/head/NFS/mkuyokwa/lungcxr/classification-pipeline/gradcam/overlays/00002914_person448_bacteria_1935_gradcam.png,17789.28515625,16358.30078125,0.5209529361404803,1,248,mask_bbox_midline
/head/NFS/mkuyokwa/lungcxr/lung_cxr_segmentation/normal_dataset/img/00006239_person146_bacteria_704.png,/head/NFS/mkuyokwa/lungcxr/lung_cxr_segmentation/normal-results/segments/normal_full/00006239_person146_bacteria_704.nrrd,0,0,8.970007e-10,excellent,0.9999998807907104,True,True,/head/NFS/mkuyokwa/lungcxr/classification-pipeline/gradcam/overlays/00006239_person146_bacteria_704_gradcam.png,22320.26171875,17649.060546875,0.5584348308539171,1,268,mask_bbox_midline
/head/NFS/mkuyokwa/lungcxr/lung_cxr_segmentation/normal_dataset/img/00006313_person29_virus_64.png,/head/NFS/mkuyokwa/lungcxr/lung_cxr_segmentation/normal-results/segments/normal_full/00006313_person29_virus_64.nrrd,0,0,1.3896941e-09,excellent,0.9999998807907104,True,True,/head/NFS/mkuyokwa/lungcxr/classification-pipeline/gradcam/overlays/00006313_person29_virus_64_gradcam.png,22250.67578125,20248.984375,0.5235494989711774,1,268,mask_bbox_midline
/head/NFS/mkuyokwa/lungcxr/lung_cxr_segmentation/normal_dataset/img/00002362_person52_bacteria_251.png,/head/NFS/mkuyokwa/lungcxr/lung_cxr_segmentation/normal-results/segments/normal_full/00002362_person52_bacteria_251.nrrd,0,0,8.324986e-10,excellent,0.999998927116394,True,True,/head/NFS/mkuyokwa/lungcxr/classification-pipeline/gradcam/overlays/00002362_person52_bacteria_251_gradcam.png,19512.1796875,13711.12109375,0.5873040675871661,1,258,mask_bbox_midline
/head/NFS/mkuyokwa/lungcxr/lung_cxr_segmentation/normal_dataset/img/00003616_person1651_bacteria_4381.png,/head/NFS/mkuyokwa/lungcxr/lung_cxr_segmentation/normal-results/segments/normal_full/00003616_person1651_bacteria_4381.nrrd,0,0,1.6166644e-09,excellent,0.9999998807907104,True,True,/head/NFS/mkuyokwa/lungcxr/classification-pipeline/gradcam/overlays/00003616_person1651_bacteria_4381_gradcam.png,20990.60546875,18033.150390625,0.5378930091811563,1,256,mask_bbox_midline
/head/NFS/mkuyokwa/lungcxr/lung_cxr_segmentation/normal_dataset/img/00002630_person469_bacteria_1995.png,/head/NFS/mkuyokwa/lungcxr/lung_cxr_segmentation/normal-results/segments/normal_full/00002630_person469_bacteria_1995.nrrd,0,0,2.9601251e-08,excellent,0.9999995231628418,True,True,/head/NFS/mkuyokwa/lungcxr/classification-pipeline/gradcam/overlays/00002630_person469_bacteria_1995_gradcam.png,23264.263671875,20244.08984375,0.5347079765617926,1,248,mask_bbox_midline
/head/NFS/mkuyokwa/lungcxr/lung_cxr_segmentation/normal_dataset/img/00004680_NORMAL2-IM-1054-0001.png,/head/NFS/mkuyokwa/lungcxr/lung_cxr_segmentation/normal-results/segments/normal_full/00004680_NORMAL2-IM-1054-0001.nrrd,0,0,3.530498e-10,excellent,0.9999995231628418,True,True,/head/NFS/mkuyokwa/lungcxr/classification-pipeline/gradcam/overlays/00004680_NORMAL2-IM-1054-0001_gradcam.png,21321.61328125,17785.078125,0.545216496577422,1,259,mask_bbox_midline
/head/NFS/mkuyokwa/lungcxr/lung_cxr_segmentation/normal_dataset/img/00006330_person44_virus_94.png,/head/NFS/mkuyokwa/lungcxr/lung_cxr_segmentation/normal-results/segments/normal_full/00006330_person44_virus_94.nrrd,0,0,5.969108e-09,excellent,0.9999992847442627,True,True,/head/NFS/mkuyokwa/lungcxr/classification-pipeline/gradcam/overlays/00006330_person44_virus_94_gradcam.png,20398.615234375,15973.681640625,0.560828349787162,1,260,mask_bbox_midline
/head/NFS/mkuyokwa/lungcxr/lung_cxr_segmentation/normal_dataset/img/00002113_person816_bacteria_2727.png,/head/NFS/mkuyokwa/lungcxr/lung_cxr_segmentation/normal-results/segments/normal_full/00002113_person816_bacteria_2727.nrrd,0,0,5.799555e-09,excellent,0.9999996423721313,True,True,/head/NFS/mkuyokwa/lungcxr/classification-pipeline/gradcam/overlays/00002113_person816_bacteria_2727_gradcam.png,20572.29296875,10796.294921875,0.6558246434452459,1,251,mask_bbox_midline
/head/NFS/mkuyokwa/lungcxr/lung_cxr_segmentation/normal_dataset/img/00003170_person277_bacteria_1302.png,/head/NFS/mkuyokwa/lungcxr/lung_cxr_segmentation/normal-results/segments/normal_full/00003170_person277_bacteria_1302.nrrd,0,0,3.8792394e-10,excellent,1.0,True,True,/head/NFS/mkuyokwa/lungcxr/classification-pipeline/gradcam/overlays/00003170_person277_bacteria_1302_gradcam.png,24010.2734375,20326.55078125,0.5415424731152954,1,255,mask_bbox_midline
/head/NFS/mkuyokwa/lungcxr/lung_cxr_segmentation/normal_dataset/img/00004415_person1139_bacteria_3081.png,/head/NFS/mkuyokwa/lungcxr/lung_cxr_segmentation/normal-results/segments/normal_full/00004415_person1139_bacteria_3081.nrrd,0,0,1.3502919e-09,excellent,0.9999998807907104,True,True,/head/NFS/mkuyokwa/lungcxr/classification-pipeline/gradcam/overlays/00004415_person1139_bacteria_3081_gradcam.png,23009.5234375,17722.73828125,0.5648967787837862,1,253,mask_bbox_midline
/head/NFS/mkuyokwa/lungcxr/lung_cxr_segmentation/normal_dataset/img/00003797_person1555_bacteria_4059.png,/head/NFS/mkuyokwa/lungcxr/lung_cxr_segmentation/normal-results/segments/normal_full/00003797_person1555_bacteria_4059.nrrd,0,0,9.4870956e-09,excellent,0.9999988079071045,True,True,/head/NFS/mkuyokwa/lungcxr/classification-pipeline/gradcam/overlays/00003797_person1555_bacteria_4059_gradcam.png,20866.623046875,13650.8759765625,0.6045230285284137,1,238,mask_bbox_midline
/head/NFS/mkuyokwa/lungcxr/lung_cxr_segmentation/normal_dataset/img/00003942_person1496_bacteria_3911.png,/head/NFS/mkuyokwa/lungcxr/lung_cxr_segmentation/normal-results/segments/normal_full/00003942_person1496_bacteria_3911.nrrd,0,0,2.1877337e-10,excellent,0.9999998807907104,True,True,/head/NFS/mkuyokwa/lungcxr/classification-pipeline/gradcam/overlays/00003942_person1496_bacteria_3911_gradcam.png,20607.853515625,16729.45703125,0.5519372770503366,1,249,mask_bbox_midline
/head/NFS/mkuyokwa/lungcxr/lung_cxr_segmentation/normal_dataset/img/00004956_NORMAL2-IM-0797-0001.png,/head/NFS/mkuyokwa/lungcxr/lung_cxr_segmentation/normal-results/segments/normal_full/00004956_NORMAL2-IM-0797-0001.nrrd,0,0,4.9706523e-09,excellent,0.9999979734420776,True,True,/head/NFS/mkuyokwa/lungcxr/classification-pipeline/gradcam/overlays/00004956_NORMAL2-IM-0797-0001_gradcam.png,18292.98046875,13593.931640625,0.5736830335280951,1,253,mask_bbox_midline
/head/NFS/mkuyokwa/lungcxr/lung_cxr_segmentation/normal_dataset/img/00002698_person492_bacteria_2085.png,/head/NFS/mkuyokwa/lungcxr/lung_cxr_segmentation/normal-results/segments/normal_full/00002698_person492_bacteria_2085.nrrd,0,0,3.7249561e-09,excellent,0.9999990463256836,True,True,/head/NFS/mkuyokwa/lungcxr/classification-pipeline/gradcam/overlays/00002698_person492_bacteria_2085_gradcam.png,23780.953125,19776.0234375,0.5459734582559159,1,258,mask_bbox_midline
/head/NFS/mkuyokwa/lungcxr/lung_cxr_segmentation/normal_dataset/img/00001541_person1067_virus_1770.png,/head/NFS/mkuyokwa/lungcxr/lung_cxr_segmentation/normal-results/segments/normal_full/00001541_person1067_virus_1770.nrrd,0,0,2.416909e-09,excellent,1.0,True,True,/head/NFS/mkuyokwa/lungcxr/classification-pipeline/gradcam/overlays/00001541_person1067_virus_1770_gradcam.png,27125.234375,22996.0703125,0.5411917056852851,1,262,mask_bbox_midline
/head/NFS/mkuyokwa/lungcxr/lung_cxr_segmentation/normal_dataset/img/00006642_730a0b8f.png,/head/NFS/mkuyokwa/lungcxr/lung_cxr_segmentation/normal-results/segments/normal_full/00006642_730a0b8f.nrrd,0,0,1.6645576e-08,excellent,0.9999998807907104,True,True,/head/NFS/mkuyokwa/lungcxr/classification-pipeline/gradcam/overlays/00006642_730a0b8f_gradcam.png,26083.5078125,20035.1953125,0.5655733150562221,1,257,mask_bbox_midline
/head/NFS/mkuyokwa/lungcxr/lung_cxr_segmentation/normal_dataset/img/00002600_person51_bacteria_245.png,/head/NFS/mkuyokwa/lungcxr/lung_cxr_segmentation/normal-results/segments/normal_full/00002600_person51_bacteria_245.nrrd,0,0,6.4521594e-10,excellent,1.0,True,True,/head/NFS/mkuyokwa/lungcxr/classification-pipeline/gradcam/overlays/00002600_person51_bacteria_245_gradcam.png,25092.19140625,19113.44140625,0.5676243005654857,1,250,mask_bbox_midline
/head/NFS/mkuyokwa/lungcxr/lung_cxr_segmentation/normal_dataset/img/00004723_NORMAL2-IM-1033-0001.png,/head/NFS/mkuyokwa/lungcxr/lung_cxr_segmentation/normal-results/segments/normal_full/00004723_NORMAL2-IM-1033-0001.nrrd,0,0,4.4796518e-09,excellent,0.9999978542327881,True,True,/head/NFS/mkuyokwa/lungcxr/classification-pipeline/gradcam/overlays/00004723_NORMAL2-IM-1033-0001_gradcam.png,17935.755859375,14232.9169921875,0.5575534913155058,1,247,mask_bbox_midline
/head/NFS/mkuyokwa/lungcxr/lung_cxr_segmentation/normal_dataset/img/00004150_person1318_bacteria_3335.png,/head/NFS/mkuyokwa/lungcxr/lung_cxr_segmentation/normal-results/segments/normal_full/00004150_person1318_bacteria_3335.nrrd,0,0,1.5923208e-08,excellent,0.999998927116394,True,True,/head/NFS/mkuyokwa/lungcxr/classification-pipeline/gradcam/overlays/00004150_person1318_bacteria_3335_gradcam.png,21834.125,12247.3408203125,0.6406451270352022,1,251,mask_bbox_midline
/head/NFS/mkuyokwa/lungcxr/lung_cxr_segmentation/normal_dataset/img/00005674_IM-0318-0001.png,/head/NFS/mkuyokwa/lungcxr/lung_cxr_segmentation/normal-results/segments/normal_full/00005674_IM-0318-0001.nrrd,0,0,1.4767429e-08,excellent,0.9999979734420776,True,True,/head/NFS/mkuyokwa/lungcxr/classification-pipeline/gradcam/overlays/00005674_IM-0318-0001_gradcam.png,18973.21875,14839.962890625,0.5611190023953422,1,253,mask_bbox_midline
/head/NFS/mkuyokwa/lungcxr/lung_cxr_segmentation/normal_dataset/img/00005033_NORMAL2-IM-0587-0001-0001.png,/head/NFS/mkuyokwa/lungcxr/lung_cxr_segmentation/normal-results/segments/normal_full/00005033_NORMAL2-IM-0587-0001-0001.nrrd,0,0,1.5350944e-06,excellent,0.9997196793556213,True,True,/head/NFS/mkuyokwa/lungcxr/classification-pipeline/gradcam/overlays/00005033_NORMAL2-IM-0587-0001-0001_gradcam.png,16356.71484375,10672.4375,0.6051508621406025,1,251,mask_bbox_midline
/head/NFS/mkuyokwa/lungcxr/lung_cxr_segmentation/normal_dataset/img/00002940_person33_bacteria_174.png,/head/NFS/mkuyokwa/lungcxr/lung_cxr_segmentation/normal-results/segments/normal_full/00002940_person33_bacteria_174.nrrd,0,0,6.2380563e-09,excellent,0.9999990463256836,True,True,/head/NFS/mkuyokwa/lungcxr/classification-pipeline/gradcam/overlays/00002940_person33_bacteria_174_gradcam.png,19518.91796875,18733.794921875,0.5102623185069237,1,254,mask_bbox_midline
/head/NFS/mkuyokwa/lungcxr/lung_cxr_segmentation/normal_dataset/img/00006816_b343e657.png,/head/NFS/mkuyokwa/lungcxr/lung_cxr_segmentation/normal-results/segments/normal_full/00006816_b343e657.nrrd,0,0,3.04915e-06,excellent,0.9999064207077026,True,True,/head/NFS/mkuyokwa/lungcxr/classification-pipeline/gradcam/overlays/00006816_b343e657_gradcam.png,18833.04296875,12197.939453125,0.6069109483131873,1,242,mask_bbox_midline
/head/NFS/mkuyokwa/lungcxr/lung_cxr_segmentation/normal_dataset/img/00004412_person1135_bacteria_3077.png,/head/NFS/mkuyokwa/lungcxr/lung_cxr_segmentation/normal-results/segments/normal_full/00004412_person1135_bacteria_3077.nrrd,0,0,1.9814976e-08,excellent,0.9999969005584717,True,True,/head/NFS/mkuyokwa/lungcxr/classification-pipeline/gradcam/overlays/00004412_person1135_bacteria_3077_gradcam.png,18398.60546875,11327.7109375,0.6189332447824469,1,252,mask_bbox_midline
/head/NFS/mkuyokwa/lungcxr/lung_cxr_segmentation/normal_dataset/img/00005922_NORMAL2-IM-0206-0001.png,/head/NFS/mkuyokwa/lungcxr/lung_cxr_segmentation/normal-results/segments/normal_full/00005922_NORMAL2-IM-0206-0001.nrrd,0,0,5.185556e-09,excellent,0.9999998807907104,True,True,/head/NFS/mkuyokwa/lungcxr/classification-pipeline/gradcam/overlays/00005922_NORMAL2-IM-0206-0001_gradcam.png,21802.04296875,16528.8828125,0.5687846699339235,1,252,mask_bbox_midline
/head/NFS/mkuyokwa/lungcxr/lung_cxr_segmentation/normal_dataset/img/00005528_IM-0464-0001.png,/head/NFS/mkuyokwa/lungcxr/lung_cxr_segmentation/normal-results/segments/normal_full/00005528_IM-0464-0001.nrrd,0,0,1.4048349e-08,excellent,0.9999994039535522,True,True,/head/NFS/mkuyokwa/lungcxr/classification-pipeline/gradcam/overlays/00005528_IM-0464-0001_gradcam.png,18542.357421875,11289.623046875,0.6215597198214426,1,254,mask_bbox_midline
/head/NFS/mkuyokwa/lungcxr/lung_cxr_segmentation/normal_dataset/img/00005366_IM-0609-0001.png,/head/NFS/mkuyokwa/lungcxr/lung_cxr_segmentation/normal-results/segments/normal_full/00005366_IM-0609-0001.nrrd,0,0,6.681364e-08,excellent,0.9999905824661255,True,True,/head/NFS/mkuyokwa/lungcxr/classification-pipeline/gradcam/overlays/00005366_IM-0609-0001_gradcam.png,17359.1640625,13692.921875,0.5590337505003564,1,257,mask_bbox_midline
/head/NFS/mkuyokwa/lungcxr/lung_cxr_segmentation/normal_dataset/img/00002229_person603_bacteria_2461.png,/head/NFS/mkuyokwa/lungcxr/lung_cxr_segmentation/normal-results/segments/normal_full/00002229_person603_bacteria_2461.nrrd,0,0,7.9113543e-10,excellent,0.9999998807907104,True,True,/head/NFS/mkuyokwa/lungcxr/classification-pipeline/gradcam/overlays/00002229_person603_bacteria_2461_gradcam.png,24800.99609375,18739.099609375,0.5696128061558202,1,235,mask_bbox_midline
/head/NFS/mkuyokwa/lungcxr/lung_cxr_segmentation/normal_dataset/img/00005322_IM-0626-0001-0002.png,/head/NFS/mkuyokwa/lungcxr/lung_cxr_segmentation/normal-results/segments/normal_full/00005322_IM-0626-0001-0002.nrrd,0,0,7.011388e-09,excellent,0.9999994039535522,True,True,/head/NFS/mkuyokwa/lungcxr/classification-pipeline/gradcam/overlays/00005322_IM-0626-0001-0002_gradcam.png,18249.4921875,13447.9228515625,0.575740708351458,1,262,mask_bbox_midline
/head/NFS/mkuyokwa/lungcxr/lung_cxr_segmentation/normal_dataset/img/00005215_IM-0707-0001.png,/head/NFS/mkuyokwa/lungcxr/lung_cxr_segmentation/normal-results/segments/normal_full/00005215_IM-0707-0001.nrrd,0,0,1.1117017e-08,excellent,0.9999954700469971,True,True,/head/NFS/mkuyokwa/lungcxr/classification-pipeline/gradcam/overlays/00005215_IM-0707-0001_gradcam.png,19534.00390625,14171.03125,0.5795574404742244,1,256,mask_bbox_midline
/head/NFS/mkuyokwa/lungcxr/lung_cxr_segmentation/normal_dataset/img/00000768_person520_virus_1039.png,/head/NFS/mkuyokwa/lungcxr/lung_cxr_segmentation/normal-results/segments/normal_full/00000768_person520_virus_1039.nrrd,0,0,4.9330335e-09,excellent,0.9999998807907104,True,True,/head/NFS/mkuyokwa/lungcxr/classification-pipeline/gradcam/overlays/00000768_person520_virus_1039_gradcam.png,21573.72265625,14949.501953125,0.5906850473085645,1,248,mask_bbox_midline
/head/NFS/mkuyokwa/lungcxr/lung_cxr_segmentation/normal_dataset/img/00003023_person349_bacteria_1606.png,/head/NFS/mkuyokwa/lungcxr/lung_cxr_segmentation/normal-results/segments/normal_full/00003023_person349_bacteria_1606.nrrd,0,0,7.8780915e-10,excellent,0.9999998807907104,True,True,/head/NFS/mkuyokwa/lungcxr/classification-pipeline/gradcam/overlays/00003023_person349_bacteria_1606_gradcam.png,20218.3828125,15284.357421875,0.5694879516067284,1,263,mask_bbox_midline
/head/NFS/mkuyokwa/lungcxr/lung_cxr_segmentation/normal_dataset/img/00005658_IM-0301-0001.png,/head/NFS/mkuyokwa/lungcxr/lung_cxr_segmentation/normal-results/segments/normal_full/00005658_IM-0301-0001.nrrd,0,0,1.1980535e-08,excellent,0.9999994039535522,True,True,/head/NFS/mkuyokwa/lungcxr/classification-pipeline/gradcam/overlays/00005658_IM-0301-0001_gradcam.png,19615.21875,15050.921875,0.5658322038841034,1,270,mask_bbox_midline
/head/NFS/mkuyokwa/lungcxr/lung_cxr_segmentation/normal_dataset/img/00005535_IM-0471-0001.png,/head/NFS/mkuyokwa/lungcxr/lung_cxr_segmentation/normal-results/segments/normal_full/00005535_IM-0471-0001.nrrd,0,0,2.7960694e-09,excellent,0.9999982118606567,True,True,/head/NFS/mkuyokwa/lungcxr/classification-pipeline/gradcam/overlays/00005535_IM-0471-0001_gradcam.png,21468.111328125,11997.505859375,0.6414975468058518,1,257,mask_bbox_midline
/head/NFS/mkuyokwa/lungcxr/lung_cxr_segmentation/normal_dataset/img/00004847_NORMAL2-IM-0897-0001.png,/head/NFS/mkuyokwa/lungcxr/lung_cxr_segmentation/normal-results/segments/normal_full/00004847_NORMAL2-IM-0897-0001.nrrd,0,0,6.2439156e-08,excellent,0.9999947547912598,True,True,/head/NFS/mkuyokwa/lungcxr/classification-pipeline/gradcam/overlays/00004847_NORMAL2-IM-0897-0001_gradcam.png,17432.4140625,10952.3759765625,0.6141463099959489,1,263,mask_bbox_midline
/head/NFS/mkuyokwa/lungcxr/lung_cxr_segmentation/normal_dataset/img/00005865_IM-0110-0001.png,/head/NFS/mkuyokwa/lungcxr/lung_cxr_segmentation/normal-results/segments/normal_full/00005865_IM-0110-0001.nrrd,0,0,4.41439e-10,excellent,0.9999996423721313,True,True,/head/NFS/mkuyokwa/lungcxr/classification-pipeline/gradcam/overlays/00005865_IM-0110-0001_gradcam.png,26115.18359375,17817.951171875,0.5944302343338254,1,278,mask_bbox_midline
/head/NFS/mkuyokwa/lungcxr/lung_cxr_segmentation/normal_dataset/img/00001071_person1537_virus_2674.png,/head/NFS/mkuyokwa/lungcxr/lung_cxr_segmentation/normal-results/segments/normal_full/00001071_person1537_virus_2674.nrrd,0,0,2.6396684e-08,excellent,0.999998927116394,True,True,/head/NFS/mkuyokwa/lungcxr/classification-pipeline/gradcam/overlays/00001071_person1537_virus_2674_gradcam.png,20708.6171875,12995.568359375,0.614422714908774,1,244,mask_bbox_midline
/head/NFS/mkuyokwa/lungcxr/lung_cxr_segmentation/normal_dataset/img/00005005_NORMAL2-IM-0627-0001.png,/head/NFS/mkuyokwa/lungcxr/lung_cxr_segmentation/normal-results/segments/normal_full/00005005_NORMAL2-IM-0627-0001.nrrd,0,0,2.348513e-08,excellent,0.9999979734420776,True,True,/head/NFS/mkuyokwa/lungcxr/classification-pipeline/gradcam/overlays/00005005_NORMAL2-IM-0627-0001_gradcam.png,21410.689453125,10685.3359375,0.6670822693011358,1,272,mask_bbox_midline
/head/NFS/mkuyokwa/lungcxr/lung_cxr_segmentation/normal_dataset/img/00005753_IM-0133-0001.png,/head/NFS/mkuyokwa/lungcxr/lung_cxr_segmentation/normal-results/segments/normal_full/00005753_IM-0133-0001.nrrd,0,0,1.6501231e-09,excellent,0.9999990463256836,True,True,/head/NFS/mkuyokwa/lungcxr/classification-pipeline/gradcam/overlays/00005753_IM-0133-0001_gradcam.png,17136.53515625,15134.587890625,0.5310176262337865,1,261,mask_bbox_midline
/head/NFS/mkuyokwa/lungcxr/lung_cxr_segmentation/normal_dataset/img/00004285_person1236_bacteria_3192.png,/head/NFS/mkuyokwa/lungcxr/lung_cxr_segmentation/normal-results/segments/normal_full/00004285_person1236_bacteria_3192.nrrd,0,0,8.748561e-09,excellent,0.9999998807907104,True,True,/head/NFS/mkuyokwa/lungcxr/classification-pipeline/gradcam/overlays/00004285_person1236_bacteria_3192_gradcam.png,27837.67578125,23232.04296875,0.5450916210743769,1,259,mask_bbox_midline
/head/NFS/mkuyokwa/lungcxr/lung_cxr_segmentation/normal_dataset/img/00005793_NORMAL2-IM-1436-0001.png,/head/NFS/mkuyokwa/lungcxr/lung_cxr_segmentation/normal-results/segments/normal_full/00005793_NORMAL2-IM-1436-0001.nrrd,0,0,9.098366e-09,excellent,0.9999994039535522,True,True,/head/NFS/mkuyokwa/lungcxr/classification-pipeline/gradcam/overlays/00005793_NORMAL2-IM-1436-0001_gradcam.png,20213.421875,16703.08203125,0.5475443158521262,1,247,mask_bbox_midline
/head/NFS/mkuyokwa/lungcxr/lung_cxr_segmentation/normal_dataset/img/00001425_person1184_virus_2019.png,/head/NFS/mkuyokwa/lungcxr/lung_cxr_segmentation/normal-results/segments/normal_full/00001425_person1184_virus_2019.nrrd,0,0,1.2871361e-09,excellent,0.9999998807907104,True,True,/head/NFS/mkuyokwa/lungcxr/classification-pipeline/gradcam/overlays/00001425_person1184_virus_2019_gradcam.png,25382.33203125,20773.90625,0.5499220252002434,1,254,mask_bbox_midline
/head/NFS/mkuyokwa/lungcxr/lung_cxr_segmentation/normal_dataset/img/00002032_person74_bacteria_362.png,/head/NFS/mkuyokwa/lungcxr/lung_cxr_segmentation/normal-results/segments/normal_full/00002032_person74_bacteria_362.nrrd,0,0,3.7926165e-10,excellent,0.9999998807907104,True,True,/head/NFS/mkuyokwa/lungcxr/classification-pipeline/gradcam/overlays/00002032_person74_bacteria_362_gradcam.png,19968.861328125,16048.640625,0.5544210521349728,1,253,mask_bbox_midline
/head/NFS/mkuyokwa/lungcxr/lung_cxr_segmentation/normal_dataset/img/00004584_NORMAL2-IM-1180-0001.png,/head/NFS/mkuyokwa/lungcxr/lung_cxr_segmentation/normal-results/segments/normal_full/00004584_NORMAL2-IM-1180-0001.nrrd,0,0,6.9231767e-09,excellent,0.9999994039535522,True,True,/head/NFS/mkuyokwa/lungcxr/classification-pipeline/gradcam/overlays/00004584_NORMAL2-IM-1180-0001_gradcam.png,18375.17578125,13357.640625,0.5790590896820265,1,249,mask_bbox_midline
/head/NFS/mkuyokwa/lungcxr/lung_cxr_segmentation/normal_dataset/img/00004766_NORMAL2-IM-1016-0001.png,/head/NFS/mkuyokwa/lungcxr/lung_cxr_segmentation/normal-results/segments/normal_full/00004766_NORMAL2-IM-1016-0001.nrrd,0,0,4.7802935e-09,excellent,0.9999955892562866,True,True,/head/NFS/mkuyokwa/lungcxr/classification-pipeline/gradcam/overlays/00004766_NORMAL2-IM-1016-0001_gradcam.png,19463.3125,15349.0078125,0.5590926524082148,1,240,mask_bbox_midline
/head/NFS/mkuyokwa/lungcxr/lung_cxr_segmentation/normal_dataset/img/00001203_person142_virus_288.png,/head/NFS/mkuyokwa/lungcxr/lung_cxr_segmentation/normal-results/segments/normal_full/00001203_person142_virus_288.nrrd,0,0,7.6817294e-08,excellent,0.9999985694885254,True,True,/head/NFS/mkuyokwa/lungcxr/classification-pipeline/gradcam/overlays/00001203_person142_virus_288_gradcam.png,19268.9765625,14093.1123046875,0.5775710459620396,1,241,mask_bbox_midline
/head/NFS/mkuyokwa/lungcxr/lung_cxr_segmentation/normal_dataset/img/00004496_NORMAL2-IM-1303-0001.png,/head/NFS/mkuyokwa/lungcxr/lung_cxr_segmentation/normal-results/segments/normal_full/00004496_NORMAL2-IM-1303-0001.nrrd,0,0,4.4145246e-10,excellent,0.9999982118606567,True,True,/head/NFS/mkuyokwa/lungcxr/classification-pipeline/gradcam/overlays/00004496_NORMAL2-IM-1303-0001_gradcam.png,18381.08984375,13513.94140625,0.5762994774852275,1,271,mask_bbox_midline
/head/NFS/mkuyokwa/lungcxr/lung_cxr_segmentation/normal_dataset/img/00002013_person994_bacteria_2922.png,/head/NFS/mkuyokwa/lungcxr/lung_cxr_segmentation/normal-results/segments/normal_full/00002013_person994_bacteria_2922.nrrd,0,0,5.002617e-10,excellent,0.9999997615814209,True,True,/head/NFS/mkuyokwa/lungcxr/classification-pipeline/gradcam/overlays/00002013_person994_bacteria_2922_gradcam.png,21365.4765625,13581.888671875,0.6113615838908636,1,263,mask_bbox_midline
/head/NFS/mkuyokwa/lungcxr/lung_cxr_segmentation/normal_dataset/img/00005300_IM-0660-0001-0002.png,/head/NFS/mkuyokwa/lungcxr/lung_cxr_segmentation/normal-results/segments/normal_full/00005300_IM-0660-0001-0002.nrrd,0,0,3.7116603e-08,excellent,0.9999961853027344,True,True,/head/NFS/mkuyokwa/lungcxr/classification-pipeline/gradcam/overlays/00005300_IM-0660-0001-0002_gradcam.png,17528.029296875,14686.01171875,0.5441114726455231,1,272,mask_bbox_midline
/head/NFS/mkuyokwa/lungcxr/lung_cxr_segmentation/normal_dataset/img/00004542_NORMAL2-IM-1285-0001.png,/head/NFS/mkuyokwa/lungcxr/lung_cxr_segmentation/normal-results/segments/normal_full/00004542_NORMAL2-IM-1285-0001.nrrd,0,0,4.0813606e-09,excellent,0.9999974966049194,True,True,/head/NFS/mkuyokwa/lungcxr/classification-pipeline/gradcam/overlays/00004542_NORMAL2-IM-1285-0001_gradcam.png,20783.67578125,15204.8291015625,0.5775087308830085,1,246,mask_bbox_midline
/head/NFS/mkuyokwa/lungcxr/lung_cxr_segmentation/normal_dataset/img/00005200_NORMAL2-IM-0396-0001.png,/head/NFS/mkuyokwa/lungcxr/lung_cxr_segmentation/normal-results/segments/normal_full/00005200_NORMAL2-IM-0396-0001.nrrd,0,0,7.031356e-09,excellent,0.9999998807907104,True,True,/head/NFS/mkuyokwa/lungcxr/classification-pipeline/gradcam/overlays/00005200_NORMAL2-IM-0396-0001_gradcam.png,18674.876953125,15742.8359375,0.5425949426817326,1,264,mask_bbox_midline
/head/NFS/mkuyokwa/lungcxr/lung_cxr_segmentation/normal_dataset/img/00002844_person420_bacteria_1847.png,/head/NFS/mkuyokwa/lungcxr/lung_cxr_segmentation/normal-results/segments/normal_full/00002844_person420_bacteria_1847.nrrd,0,0,2.007313e-10,excellent,1.0,True,True,/head/NFS/mkuyokwa/lungcxr/classification-pipeline/gradcam/overlays/00002844_person420_bacteria_1847_gradcam.png,21564.005859375,18426.294921875,0.5392308994456371,1,252,mask_bbox_midline
/head/NFS/mkuyokwa/lungcxr/lung_cxr_segmentation/normal_dataset/img/00005930_NORMAL2-IM-0229-0001.png,/head/NFS/mkuyokwa/lungcxr/lung_cxr_segmentation/normal-results/segments/normal_full/00005930_NORMAL2-IM-0229-0001.nrrd,0,0,8.3148305e-10,excellent,0.9999997615814209,True,True,/head/NFS/mkuyokwa/lungcxr/classification-pipeline/gradcam/overlays/00005930_NORMAL2-IM-0229-0001_gradcam.png,20706.47265625,13906.0615234375,0.5982362501617022,1,246,mask_bbox_midline
/head/NFS/mkuyokwa/lungcxr/lung_cxr_segmentation/normal_dataset/img/00003162_person31_bacteria_164.png,/head/NFS/mkuyokwa/lungcxr/lung_cxr_segmentation/normal-results/segments/normal_full/00003162_person31_bacteria_164.nrrd,0,0,4.6302576e-10,excellent,1.0,True,True,/head/NFS/mkuyokwa/lungcxr/classification-pipeline/gradcam/overlays/00003162_person31_bacteria_164_gradcam.png,20978.162109375,24295.38671875,0.46336465005241356,0,257,mask_bbox_midline
/head/NFS/mkuyokwa/lungcxr/lung_cxr_segmentation/normal_dataset/img/00005814_IM-0022-0001.png,/head/NFS/mkuyokwa/lungcxr/lung_cxr_segmentation/normal-results/segments/normal_full/00005814_IM-0022-0001.nrrd,0,0,2.0734886e-08,excellent,0.9999998807907104,True,True,/head/NFS/mkuyokwa/lungcxr/classification-pipeline/gradcam/overlays/00005814_IM-0022-0001_gradcam.png,23393.54296875,16661.7734375,0.5840309119390655,1,268,mask_bbox_midline
/head/NFS/mkuyokwa/lungcxr/lung_cxr_segmentation/normal_dataset/img/00007050_radiol.2020201160.fig3c.png,/head/NFS/mkuyokwa/lungcxr/lung_cxr_segmentation/normal-results/segments/normal_full/00007050_radiol.2020201160.fig3c.nrrd,0,0,4.5670463e-06,excellent,0.9999316930770874,True,True,/head/NFS/mkuyokwa/lungcxr/classification-pipeline/gradcam/overlays/00007050_radiol.2020201160.fig3c_gradcam.png,21370.064453125,15861.3330078125,0.5739796491804016,1,260,mask_bbox_midline
/head/NFS/mkuyokwa/lungcxr/lung_cxr_segmentation/normal_dataset/img/00002916_person448_bacteria_1937.png,/head/NFS/mkuyokwa/lungcxr/lung_cxr_segmentation/normal-results/segments/normal_full/00002916_person448_bacteria_1937.nrrd,0,0,1.9563186e-07,excellent,0.9999830722808838,True,True,/head/NFS/mkuyokwa/lungcxr/classification-pipeline/gradcam/overlays/00002916_person448_bacteria_1937_gradcam.png,16230.6337890625,12892.7978515625,0.5573049903371272,1,253,mask_bbox_midline
/head/NFS/mkuyokwa/lungcxr/lung_cxr_segmentation/normal_dataset/img/00002756_person514_bacteria_2184.png,/head/NFS/mkuyokwa/lungcxr/lung_cxr_segmentation/normal-results/segments/normal_full/00002756_person514_bacteria_2184.nrrd,0,0,1.5252182e-09,excellent,0.9999996423721313,True,True,/head/NFS/mkuyokwa/lungcxr/classification-pipeline/gradcam/overlays/00002756_person514_bacteria_2184_gradcam.png,20197.119140625,18751.87890625,0.5185529834764383,1,229,mask_bbox_midline
/head/NFS/mkuyokwa/lungcxr/lung_cxr_segmentation/normal_dataset/img/00005194_NORMAL2-IM-0392-0001.png,/head/NFS/mkuyokwa/lungcxr/lung_cxr_segmentation/normal-results/segments/normal_full/00005194_NORMAL2-IM-0392-0001.nrrd,0,0,2.4371754e-09,excellent,0.9999985694885254,True,True,/head/NFS/mkuyokwa/lungcxr/classification-pipeline/gradcam/overlays/00005194_NORMAL2-IM-0392-0001_gradcam.png,19496.837890625,14370.966796875,0.5756746878199913,1,249,mask_bbox_midline
/head/NFS/mkuyokwa/lungcxr/lung_cxr_segmentation/normal_dataset/img/00004965_NORMAL2-IM-0655-0001.png,/head/NFS/mkuyokwa/lungcxr/lung_cxr_segmentation/normal-results/segments/normal_full/00004965_NORMAL2-IM-0655-0001.nrrd,0,0,1.582006e-07,excellent,0.9999984502792358,True,True,/head/NFS/mkuyokwa/lungcxr/classification-pipeline/gradcam/overlays/00004965_NORMAL2-IM-0655-0001_gradcam.png,20400.234375,13822.6162109375,0.5960997995702513,1,256,mask_bbox_midline
/head/NFS/mkuyokwa/lungcxr/lung_cxr_segmentation/normal_dataset/img/00003687_person1709_bacteria_4522.png,/head/NFS/mkuyokwa/lungcxr/lung_cxr_segmentation/normal-results/segments/normal_full/00003687_person1709_bacteria_4522.nrrd,0,0,4.4075332e-10,excellent,0.9999998807907104,True,True,/head/NFS/mkuyokwa/lungcxr/classification-pipeline/gradcam/overlays/00003687_person1709_bacteria_4522_gradcam.png,23154.642578125,17432.5078125,0.5704919501683804,1,252,mask_bbox_midline
/head/NFS/mkuyokwa/lungcxr/lung_cxr_segmentation/normal_dataset/img/00003259_person312_bacteria_1454.png,/head/NFS/mkuyokwa/lungcxr/lung_cxr_segmentation/normal-results/segments/normal_full/00003259_person312_bacteria_1454.nrrd,0,0,2.9231367e-10,excellent,0.9999998807907104,True,True,/head/NFS/mkuyokwa/lungcxr/classification-pipeline/gradcam/overlays/00003259_person312_bacteria_1454_gradcam.png,25255.076171875,19550.51953125,0.5636589755264333,1,258,mask_bbox_midline
/head/NFS/mkuyokwa/lungcxr/lung_cxr_segmentation/normal_dataset/img/00002503_person568_bacteria_2359.png,/head/NFS/mkuyokwa/lungcxr/lung_cxr_segmentation/normal-results/segments/normal_full/00002503_person568_bacteria_2359.nrrd,0,0,1.1829755e-09,excellent,1.0,True,True,/head/NFS/mkuyokwa/lungcxr/classification-pipeline/gradcam/overlays/00002503_person568_bacteria_2359_gradcam.png,22495.21875,18137.5078125,0.5536231666708005,1,248,mask_bbox_midline
/head/NFS/mkuyokwa/lungcxr/lung_cxr_segmentation/normal_dataset/img/00003440_person267_bacteria_1253.png,/head/NFS/mkuyokwa/lungcxr/lung_cxr_segmentation/normal-results/segments/normal_full/00003440_person267_bacteria_1253.nrrd,0,0,8.5577223e-10,excellent,0.9999997615814209,True,True,/head/NFS/mkuyokwa/lungcxr/classification-pipeline/gradcam/overlays/00003440_person267_bacteria_1253_gradcam.png,24148.59375,18023.1328125,0.5726252093143714,1,259,mask_bbox_midline
/head/NFS/mkuyokwa/lungcxr/lung_cxr_segmentation/normal_dataset/img/00004832_NORMAL2-IM-0877-0001.png,/head/NFS/mkuyokwa/lungcxr/lung_cxr_segmentation/normal-results/segments/normal_full/00004832_NORMAL2-IM-0877-0001.nrrd,0,0,2.9601477e-08,excellent,0.9999985694885254,True,True,/head/NFS/mkuyokwa/lungcxr/classification-pipeline/gradcam/overlays/00004832_NORMAL2-IM-0877-0001_gradcam.png,15113.380859375,14701.236328125,0.5069117864009134,1,252,mask_bbox_midline
/head/NFS/mkuyokwa/lungcxr/lung_cxr_segmentation/normal_dataset/img/00002098_person799_bacteria_2705.png,/head/NFS/mkuyokwa/lungcxr/lung_cxr_segmentation/normal-results/segments/normal_full/00002098_person799_bacteria_2705.nrrd,0,0,2.239531e-08,excellent,0.999994158744812,True,True,/head/NFS/mkuyokwa/lungcxr/classification-pipeline/gradcam/overlays/00002098_person799_bacteria_2705_gradcam.png,13803.8798828125,12569.4091796875,0.5234038064080578,1,237,mask_bbox_midline
/head/NFS/mkuyokwa/lungcxr/lung_cxr_segmentation/normal_dataset/img/00006611_61bc50d1.png,/head/NFS/mkuyokwa/lungcxr/lung_cxr_segmentation/normal-results/segments/normal_full/00006611_61bc50d1.nrrd,0,0,2.3795812e-06,excellent,0.9997832179069519,True,True,/head/NFS/mkuyokwa/lungcxr/classification-pipeline/gradcam/overlays/00006611_61bc50d1_gradcam.png,16833.34765625,8435.833984375,0.6661611719624193,1,233,mask_bbox_midline
/head/NFS/mkuyokwa/lungcxr/lung_cxr_segmentation/normal_dataset/img/00004900_NORMAL2-IM-0818-0001-0002.png,/head/NFS/mkuyokwa/lungcxr/lung_cxr_segmentation/normal-results/segments/normal_full/00004900_NORMAL2-IM-0818-0001-0002.nrrd,0,0,2.9019963e-08,excellent,0.9999935626983643,True,True,/head/NFS/mkuyokwa/lungcxr/classification-pipeline/gradcam/overlays/00004900_NORMAL2-IM-0818-0001-0002_gradcam.png,19060.74609375,10778.890625,0.638772726136207,1,252,mask_bbox_midline
/head/NFS/mkuyokwa/lungcxr/lung_cxr_segmentation/normal_dataset/img/00003750_person1803_bacteria_4652.png,/head/NFS/mkuyokwa/lungcxr/lung_cxr_segmentation/normal-results/segments/normal_full/00003750_person1803_bacteria_4652.nrrd,0,0,5.871546e-09,excellent,0.9999997615814209,True,True,/head/NFS/mkuyokwa/lungcxr/classification-pipeline/gradcam/overlays/00003750_person1803_bacteria_4652_gradcam.png,22098.1328125,20156.5546875,0.5229747069481936,1,255,mask_bbox_midline
/head/NFS/mkuyokwa/lungcxr/lung_cxr_segmentation/normal_dataset/img/00005537_IM-0473-0001.png,/head/NFS/mkuyokwa/lungcxr/lung_cxr_segmentation/normal-results/segments/normal_full/00005537_IM-0473-0001.nrrd,0,0,2.6733817e-09,excellent,0.9999997615814209,True,True,/head/NFS/mkuyokwa/lungcxr/classification-pipeline/gradcam/overlays/00005537_IM-0473-0001_gradcam.png,20492.88671875,18661.08203125,0.5233923245328739,1,254,mask_bbox_midline
/head/NFS/mkuyokwa/lungcxr/lung_cxr_segmentation/normal_dataset/img/00005811_IM-0017-0001.png,/head/NFS/mkuyokwa/lungcxr/lung_cxr_segmentation/normal-results/segments/normal_full/00005811_IM-0017-0001.nrrd,0,0,5.998602e-08,excellent,0.9999996423721313,True,True,/head/NFS/mkuyokwa/lungcxr/classification-pipeline/gradcam/overlays/00005811_IM-0017-0001_gradcam.png,21530.17578125,14090.0859375,0.604436204069686,1,259,mask_bbox_midline
/head/NFS/mkuyokwa/lungcxr/lung_cxr_segmentation/normal_dataset/img/00002694_person491_bacteria_2081.png,/head/NFS/mkuyokwa/lungcxr/lung_cxr_segmentation/normal-results/segments/normal_full/00002694_person491_bacteria_2081.nrrd,0,0,1.4734447e-09,excellent,0.9999998807907104,True,True,/head/NFS/mkuyokwa/lungcxr/classification-pipeline/gradcam/overlays/00002694_person491_bacteria_2081_gradcam.png,21535.9765625,13443.4375,0.6156757378502757,1,284,mask_bbox_midline
/head/NFS/mkuyokwa/lungcxr/lung_cxr_segmentation/normal_dataset/img/00002771_person520_bacteria_2204.png,/head/NFS/mkuyokwa/lungcxr/lung_cxr_segmentation/normal-results/segments/normal_full/00002771_person520_bacteria_2204.nrrd,0,0,8.3446355e-10,excellent,1.0,True,True,/head/NFS/mkuyokwa/lungcxr/classification-pipeline/gradcam/overlays/00002771_person520_bacteria_2204_gradcam.png,22969.615234375,21148.72265625,0.5206364594087749,1,244,mask_bbox_midline
/head/NFS/mkuyokwa/lungcxr/lung_cxr_segmentation/normal_dataset/img/00004711_NORMAL2-IM-1019-0001.png,/head/NFS/mkuyokwa/lungcxr/lung_cxr_segmentation/normal-results/segments/normal_full/00004711_NORMAL2-IM-1019-0001.nrrd,0,0,5.2123097e-09,excellent,0.9999970197677612,True,True,/head/NFS/mkuyokwa/lungcxr/classification-pipeline/gradcam/overlays/00004711_NORMAL2-IM-1019-0001_gradcam.png,17536.103515625,13808.7431640625,0.5594573071237569,1,262,mask_bbox_midline
/head/NFS/mkuyokwa/lungcxr/lung_cxr_segmentation/normal_dataset/img/00001183_person1501_virus_2611.png,/head/NFS/mkuyokwa/lungcxr/lung_cxr_segmentation/normal-results/segments/normal_full/00001183_person1501_virus_2611.nrrd,0,0,1.698204e-08,excellent,0.9999991655349731,True,True,/head/NFS/mkuyokwa/lungcxr/classification-pipeline/gradcam/overlays/00001183_person1501_virus_2611_gradcam.png,24772.01171875,17373.30078125,0.5877762021280539,1,246,mask_bbox_midline
/head/NFS/mkuyokwa/lungcxr/lung_cxr_segmentation/normal_dataset/img/00004714_NORMAL2-IM-1020-0001.png,/head/NFS/mkuyokwa/lungcxr/lung_cxr_segmentation/normal-results/segments/normal_full/00004714_NORMAL2-IM-1020-0001.nrrd,0,0,8.1306806e-10,excellent,0.9999997615814209,True,True,/head/NFS/mkuyokwa/lungcxr/classification-pipeline/gradcam/overlays/00004714_NORMAL2-IM-1020-0001_gradcam.png,20266.30078125,13378.396484375,0.6023624056191526,1,257,mask_bbox_midline
/head/NFS/mkuyokwa/lungcxr/lung_cxr_segmentation/normal_dataset/img/00002511_person573_bacteria_2369.png,/head/NFS/mkuyokwa/lungcxr/lung_cxr_segmentation/normal-results/segments/normal_full/00002511_person573_bacteria_2369.nrrd,0,0,3.663918e-10,excellent,0.9999998807907104,True,True,/head/NFS/mkuyokwa/lungcxr/classification-pipeline/gradcam/overlays/00002511_person573_bacteria_2369_gradcam.png,24445.7890625,21187.82421875,0.5356969852865962,1,251,mask_bbox_midline
/head/NFS/mkuyokwa/lungcxr/lung_cxr_segmentation/normal_dataset/img/00001963_person940_bacteria_2865.png,/head/NFS/mkuyokwa/lungcxr/lung_cxr_segmentation/normal-results/segments/normal_full/00001963_person940_bacteria_2865.nrrd,0,0,9.363029e-11,excellent,1.0,True,True,/head/NFS/mkuyokwa/lungcxr/classification-pipeline/gradcam/overlays/00001963_person940_bacteria_2865_gradcam.png,22981.11328125,18969.642578125,0.5478116618038067,1,238,mask_bbox_midline
/head/NFS/mkuyokwa/lungcxr/lung_cxr_segmentation/normal_dataset/img/00004883_NORMAL2-IM-0867-0001.png,/head/NFS/mkuyokwa/lungcxr/lung_cxr_segmentation/normal-results/segments/normal_full/00004883_NORMAL2-IM-0867-0001.nrrd,0,0,4.1431347e-09,excellent,0.9999990463256836,True,True,/head/NFS/mkuyokwa/lungcxr/classification-pipeline/gradcam/overlays/00004883_NORMAL2-IM-0867-0001_gradcam.png,19857.7265625,15279.080078125,0.5651545618701899,1,264,mask_bbox_midline
/head/NFS/mkuyokwa/lungcxr/lung_cxr_segmentation/normal_dataset/img/00002322_person685_bacteria_2581.png,/head/NFS/mkuyokwa/lungcxr/lung_cxr_segmentation/normal-results/segments/normal_full/00002322_person685_bacteria_2581.nrrd,0,0,2.7057706e-10,excellent,0.9999998807907104,True,True,/head/NFS/mkuyokwa/lungcxr/classification-pipeline/gradcam/overlays/00002322_person685_bacteria_2581_gradcam.png,21960.71875,17039.1796875,0.5630968189620686,1,266,mask_bbox_midline
/head/NFS/mkuyokwa/lungcxr/lung_cxr_segmentation/normal_dataset/img/00006060_person82_bacteria_405.png,/head/NFS/mkuyokwa/lungcxr/lung_cxr_segmentation/normal-results/segments/normal_full/00006060_person82_bacteria_405.nrrd,0,0,1.3471817e-09,excellent,0.9999996423721313,True,True,/head/NFS/mkuyokwa/lungcxr/classification-pipeline/gradcam/overlays/00006060_person82_bacteria_405_gradcam.png,20613.84375,16064.7275390625,0.5620132689341425,1,253,mask_bbox_midline
/head/NFS/mkuyokwa/lungcxr/lung_cxr_segmentation/normal_dataset/img/00003218_person296_bacteria_1394.png,/head/NFS/mkuyokwa/lungcxr/lung_cxr_segmentation/normal-results/segments/normal_full/00003218_person296_bacteria_1394.nrrd,0,0,2.377908e-10,excellent,0.9999998807907104,True,True,/head/NFS/mkuyokwa/lungcxr/classification-pipeline/gradcam/overlays/00003218_person296_bacteria_1394_gradcam.png,24561.94921875,18483.58984375,0.570603824547005,1,251,mask_bbox_midline
/head/NFS/mkuyokwa/lungcxr/lung_cxr_segmentation/normal_dataset/img/00003269_person315_bacteria_1465.png,/head/NFS/mkuyokwa/lungcxr/lung_cxr_segmentation/normal-results/segments/normal_full/00003269_person315_bacteria_1465.nrrd,0,0,3.0568503e-09,excellent,0.9999997615814209,True,True,/head/NFS/mkuyokwa/lungcxr/classification-pipeline/gradcam/overlays/00003269_person315_bacteria_1465_gradcam.png,17146.55859375,19611.66015625,0.4664687021524948,0,248,mask_bbox_midline
/head/NFS/mkuyokwa/lungcxr/lung_cxr_segmentation/normal_dataset/img/00006591_10.1016-slash-j.hrcr.2020.04.015-fig3-b.png,/head/NFS/mkuyokwa/lungcxr/lung_cxr_segmentation/normal-results/segments/normal_full/00006591_10.1016-slash-j.hrcr.2020.04.015-fig3-b.nrrd,0,0,3.4609084e-08,excellent,0.9999979734420776,True,True,/head/NFS/mkuyokwa/lungcxr/classification-pipeline/gradcam/overlays/00006591_10.1016-slash-j.hrcr.2020.04.015-fig3-b_gradcam.png,16341.8623046875,15699.7216796875,0.5100204257272852,1,272,mask_bbox_midline
/head/NFS/mkuyokwa/lungcxr/lung_cxr_segmentation/normal_dataset/img/00004244_person1187_bacteria_3136.png,/head/NFS/mkuyokwa/lungcxr/lung_cxr_segmentation/normal-results/segments/normal_full/00004244_person1187_bacteria_3136.nrrd,0,0,4.8758386e-10,excellent,0.9999996423721313,True,True,/head/NFS/mkuyokwa/lungcxr/classification-pipeline/gradcam/overlays/00004244_person1187_bacteria_3136_gradcam.png,22126.08203125,21466.591796875,0.5075642324324404,1,236,mask_bbox_midline
/head/NFS/mkuyokwa/lungcxr/lung_cxr_segmentation/normal_dataset/img/00005381_IM-0553-0001-0001.png,/head/NFS/mkuyokwa/lungcxr/lung_cxr_segmentation/normal-results/segments/normal_full/00005381_IM-0553-0001-0001.nrrd,0,0,2.9729508e-09,excellent,0.9999994039535522,True,True,/head/NFS/mkuyokwa/lungcxr/classification-pipeline/gradcam/overlays/00005381_IM-0553-0001-0001_gradcam.png,20015.57421875,20607.09765625,0.49271929429801936,0,259,mask_bbox_midline
/head/NFS/mkuyokwa/lungcxr/lung_cxr_segmentation/normal_dataset/img/00005759_IM-0145-0001.png,/head/NFS/mkuyokwa/lungcxr/lung_cxr_segmentation/normal-results/segments/normal_full/00005759_IM-0145-0001.nrrd,0,0,1.6275301e-09,excellent,0.9999997615814209,True,True,/head/NFS/mkuyokwa/lungcxr/classification-pipeline/gradcam/overlays/00005759_IM-0145-0001_gradcam.png,20151.86328125,18142.5546875,0.5262350063054841,1,264,mask_bbox_midline
/head/NFS/mkuyokwa/lungcxr/lung_cxr_segmentation/normal_dataset/img/00000937_person278_virus_572.png,/head/NFS/mkuyokwa/lungcxr/lung_cxr_segmentation/normal-results/segments/normal_full/00000937_person278_virus_572.nrrd,0,0,5.0689026e-09,excellent,0.9999992847442627,True,True,/head/NFS/mkuyokwa/lungcxr/classification-pipeline/gradcam/overlays/00000937_person278_virus_572_gradcam.png,20030.921875,16594.0234375,0.5469201852477169,1,241,mask_bbox_midline
/head/NFS/mkuyokwa/lungcxr/lung_cxr_segmentation/normal_dataset/img/00003336_person23_bacteria_93.png,/head/NFS/mkuyokwa/lungcxr/lung_cxr_segmentation/normal-results/segments/normal_full/00003336_person23_bacteria_93.nrrd,0,0,1.1803565e-09,excellent,0.9999998807907104,True,True,/head/NFS/mkuyokwa/lungcxr/classification-pipeline/gradcam/overlays/00003336_person23_bacteria_93_gradcam.png,23457.7265625,14206.6630859375,0.622809151600659,1,239,mask_bbox_midline
/head/NFS/mkuyokwa/lungcxr/lung_cxr_segmentation/normal_dataset/img/00001311_person1312_virus_2261.png,/head/NFS/mkuyokwa/lungcxr/lung_cxr_segmentation/normal-results/segments/normal_full/00001311_person1312_virus_2261.nrrd,0,0,2.6917824e-08,excellent,0.9999988079071045,True,True,/head/NFS/mkuyokwa/lungcxr/classification-pipeline/gradcam/overlays/00001311_person1312_virus_2261_gradcam.png,20894.5390625,14958.0234375,0.5827906739581027,1,263,mask_bbox_midline
/head/NFS/mkuyokwa/lungcxr/lung_cxr_segmentation/normal_dataset/img/00005202_NORMAL2-IM-0399-0001.png,/head/NFS/mkuyokwa/lungcxr/lung_cxr_segmentation/normal-results/segments/normal_full/00005202_NORMAL2-IM-0399-0001.nrrd,0,0,9.336534e-10,excellent,0.9999992847442627,True,True,/head/NFS/mkuyokwa/lungcxr/classification-pipeline/gradcam/overlays/00005202_NORMAL2-IM-0399-0001_gradcam.png,20174.4609375,15939.130859375,0.5586390035910453,1,257,mask_bbox_midline
/head/NFS/mkuyokwa/lungcxr/lung_cxr_segmentation/normal_dataset/img/00002753_person511_bacteria_2153.png,/head/NFS/mkuyokwa/lungcxr/lung_cxr_segmentation/normal-results/segments/normal_full/00002753_person511_bacteria_2153.nrrd,0,0,3.1540793e-08,excellent,0.9999986886978149,True,True,/head/NFS/mkuyokwa/lungcxr/classification-pipeline/gradcam/overlays/00002753_person511_bacteria_2153_gradcam.png,21008.419921875,17465.046875,0.546049567947472,1,248,mask_bbox_midline
/head/NFS/mkuyokwa/lungcxr/lung_cxr_segmentation/normal_dataset/img/00000659_person554_virus_1094.png,/head/NFS/mkuyokwa/lungcxr/lung_cxr_segmentation/normal-results/segments/normal_full/00000659_person554_virus_1094.nrrd,0,0,1.1502371e-09,excellent,0.9999982118606567,True,True,/head/NFS/mkuyokwa/lungcxr/classification-pipeline/gradcam/overlays/00000659_person554_virus_1094_gradcam.png,21357.125,15929.197265625,0.5727871160865216,1,254,mask_bbox_midline
/head/NFS/mkuyokwa/lungcxr/lung_cxr_segmentation/normal_dataset/img/00004733_NORMAL2-IM-1046-0001.png,/head/NFS/mkuyokwa/lungcxr/lung_cxr_segmentation/normal-results/segments/normal_full/00004733_NORMAL2-IM-1046-0001.nrrd,0,0,6.67349e-09,excellent,0.9999943971633911,True,True,/head/NFS/mkuyokwa/lungcxr/classification-pipeline/gradcam/overlays/00004733_NORMAL2-IM-1046-0001_gradcam.png,17311.03515625,12894.77734375,0.5731027813355459,1,245,mask_bbox_midline
/head/NFS/mkuyokwa/lungcxr/lung_cxr_segmentation/normal_dataset/img/00005639_IM-0365-0001.png,/head/NFS/mkuyokwa/lungcxr/lung_cxr_segmentation/normal-results/segments/normal_full/00005639_IM-0365-0001.nrrd,0,0,7.752791e-09,excellent,0.9999967813491821,True,True,/head/NFS/mkuyokwa/lungcxr/classification-pipeline/gradcam/overlays/00005639_IM-0365-0001_gradcam.png,18423.53125,18430.626953125,0.49990373266585153,0,252,mask_bbox_midline
/head/NFS/mkuyokwa/lungcxr/lung_cxr_segmentation/normal_dataset/img/00004307_person1261_bacteria_3219.png,/head/NFS/mkuyokwa/lungcxr/lung_cxr_segmentation/normal-results/segments/normal_full/00004307_person1261_bacteria_3219.nrrd,0,0,2.7055862e-09,excellent,0.9999967813491821,True,True,/head/NFS/mkuyokwa/lungcxr/classification-pipeline/gradcam/overlays/00004307_person1261_bacteria_3219_gradcam.png,17847.294921875,14498.564453125,0.5517644380680488,1,251,mask_bbox_midline
/head/NFS/mkuyokwa/lungcxr/lung_cxr_segmentation/normal_dataset/img/00005462_IM-0519-0001.png,/head/NFS/mkuyokwa/lungcxr/lung_cxr_segmentation/normal-results/segments/normal_full/00005462_IM-0519-0001.nrrd,0,0,2.0546233e-08,excellent,0.9999929666519165,True,True,/head/NFS/mkuyokwa/lungcxr/classification-pipeline/gradcam/overlays/00005462_IM-0519-0001_gradcam.png,19779.5625,14187.591796875,0.5823143830986081,1,262,mask_bbox_midline
/head/NFS/mkuyokwa/lungcxr/lung_cxr_segmentation/normal_dataset/img/00000605_person702_virus_1299.png,/head/NFS/mkuyokwa/lungcxr/lung_cxr_segmentation/normal-results/segments/normal_full/00000605_person702_virus_1299.nrrd,0,0,9.013866e-09,excellent,0.9999994039535522,True,True,/head/NFS/mkuyokwa/lungcxr/classification-pipeline/gradcam/overlays/00000605_person702_virus_1299_gradcam.png,20932.03515625,11619.916015625,0.6430347307210067,1,261,mask_bbox_midline
/head/NFS/mkuyokwa/lungcxr/lung_cxr_segmentation/normal_dataset/img/00002987_person336_bacteria_1548.png,/head/NFS/mkuyokwa/lungcxr/lung_cxr_segmentation/normal-results/segments/normal_full/00002987_person336_bacteria_1548.nrrd,0,0,1.9783621e-09,excellent,0.9999996423721313,True,True,/head/NFS/mkuyokwa/lungcxr/classification-pipeline/gradcam/overlays/00002987_person336_bacteria_1548_gradcam.png,21834.140625,18165.609375,0.5458569272307952,1,231,mask_bbox_midline
/head/NFS/mkuyokwa/lungcxr/lung_cxr_segmentation/normal_dataset/img/00006713_16708_5_1.png,/head/NFS/mkuyokwa/lungcxr/lung_cxr_segmentation/normal-results/segments/normal_full/00006713_16708_5_1.nrrd,0,0,0.00011834906,excellent,0.9979503750801086,True,True,/head/NFS/mkuyokwa/lungcxr/classification-pipeline/gradcam/overlays/00006713_16708_5_1_gradcam.png,9488.796875,4265.5341796875,0.6898770167209405,1,238,mask_bbox_midline
/head/NFS/mkuyokwa/lungcxr/lung_cxr_segmentation/normal_dataset/img/00001994_person976_bacteria_2901.png,/head/NFS/mkuyokwa/lungcxr/lung_cxr_segmentation/normal-results/segments/normal_full/00001994_person976_bacteria_2901.nrrd,0,0,2.6939073e-09,excellent,0.9999986886978149,True,True,/head/NFS/mkuyokwa/lungcxr/classification-pipeline/gradcam/overlays/00001994_person976_bacteria_2901_gradcam.png,19225.0390625,12633.5,0.603450115047158,1,234,mask_bbox_midline
/head/NFS/mkuyokwa/lungcxr/lung_cxr_segmentation/normal_dataset/img/00005680_IM-0240-0001.png,/head/NFS/mkuyokwa/lungcxr/lung_cxr_segmentation/normal-results/segments/normal_full/00005680_IM-0240-0001.nrrd,0,0,1.1317355e-08,excellent,0.9999958276748657,True,True,/head/NFS/mkuyokwa/lungcxr/classification-pipeline/gradcam/overlays/00005680_IM-0240-0001_gradcam.png,16528.412109375,12852.13671875,0.5625630823326525,1,246,mask_bbox_midline
/head/NFS/mkuyokwa/lungcxr/lung_cxr_segmentation/normal_dataset/img/00004887_NORMAL2-IM-0871-0001.png,/head/NFS/mkuyokwa/lungcxr/lung_cxr_segmentation/normal-results/segments/normal_full/00004887_NORMAL2-IM-0871-0001.nrrd,0,0,8.879215e-09,excellent,0.9999983310699463,True,True,/head/NFS/mkuyokwa/lungcxr/classification-pipeline/gradcam/overlays/00004887_NORMAL2-IM-0871-0001_gradcam.png,18062.744140625,14970.77734375,0.5468004417624308,1,253,mask_bbox_midline
/head/NFS/mkuyokwa/lungcxr/lung_cxr_segmentation/normal_dataset/img/00003699_person1718_bacteria_4538.png,/head/NFS/mkuyokwa/lungcxr/lung_cxr_segmentation/normal-results/segments/normal_full/00003699_person1718_bacteria_4538.nrrd,0,0,2.013028e-08,excellent,0.9999995231628418,True,True,/head/NFS/mkuyokwa/lungcxr/classification-pipeline/gradcam/overlays/00003699_person1718_bacteria_4538_gradcam.png,23010.634765625,16685.712890625,0.5796662948663511,1,252,mask_bbox_midline
/head/NFS/mkuyokwa/lungcxr/lung_cxr_segmentation/normal_dataset/img/00002915_person448_bacteria_1936.png,/head/NFS/mkuyokwa/lungcxr/lung_cxr_segmentation/normal-results/segments/normal_full/00002915_person448_bacteria_1936.nrrd,0,0,1.0325222e-09,excellent,0.9999997615814209,True,True,/head/NFS/mkuyokwa/lungcxr/classification-pipeline/gradcam/overlays/00002915_person448_bacteria_1936_gradcam.png,23111.0078125,15472.65234375,0.5989843296076292,1,257,mask_bbox_midline
/head/NFS/mkuyokwa/lungcxr/lung_cxr_segmentation/normal_dataset/img/00001289_person1290_virus_2215.png,/head/NFS/mkuyokwa/lungcxr/lung_cxr_segmentation/normal-results/segments/normal_full/00001289_person1290_virus_2215.nrrd,0,0,6.250541e-08,excellent,0.9999887943267822,True,True,/head/NFS/mkuyokwa/lungcxr/classification-pipeline/gradcam/overlays/00001289_person1290_virus_2215_gradcam.png,17758.5546875,11121.681640625,0.6149033714868131,1,244,mask_bbox_midline
/head/NFS/mkuyokwa/lungcxr/lung_cxr_segmentation/normal_dataset/img/00003157_person30_bacteria_158.png,/head/NFS/mkuyokwa/lungcxr/lung_cxr_segmentation/normal-results/segments/normal_full/00003157_person30_bacteria_158.nrrd,0,0,1.9299927e-08,excellent,0.9999988079071045,True,True,/head/NFS/mkuyokwa/lungcxr/classification-pipeline/gradcam/overlays/00003157_person30_bacteria_158_gradcam.png,18255.44140625,16572.494140625,0.5241608817634327,1,268,mask_bbox_midline
/head/NFS/mkuyokwa/lungcxr/lung_cxr_segmentation/normal_dataset/img/00000324_person899_virus_1553.png,/head/NFS/mkuyokwa/lungcxr/lung_cxr_segmentation/normal-results/segments/normal_full/00000324_person899_virus_1553.nrrd,0,0,1.6788404e-10,excellent,1.0,True,True,/head/NFS/mkuyokwa/lungcxr/classification-pipeline/gradcam/overlays/00000324_person899_virus_1553_gradcam.png,26057.23046875,21429.728515625,0.5487239239161179,1,240,mask_bbox_midline
/head/NFS/mkuyokwa/lungcxr/lung_cxr_segmentation/normal_dataset/img/00001475_person1255_virus_2132.png,/head/NFS/mkuyokwa/lungcxr/lung_cxr_segmentation/normal-results/segments/normal_full/00001475_person1255_virus_2132.nrrd,0,0,6.450797e-09,excellent,0.9999995231628418,True,True,/head/NFS/mkuyokwa/lungcxr/classification-pipeline/gradcam/overlays/00001475_person1255_virus_2132_gradcam.png,27212.82421875,24286.0234375,0.528416177394746,1,245,mask_bbox_midline
/head/NFS/mkuyokwa/lungcxr/lung_cxr_segmentation/normal_dataset/img/00005914_NORMAL2-IM-0171-0001.png,/head/NFS/mkuyokwa/lungcxr/lung_cxr_segmentation/normal-results/segments/normal_full/00005914_NORMAL2-IM-0171-0001.nrrd,0,0,1.3815205e-08,excellent,0.9999991655349731,True,True,/head/NFS/mkuyokwa/lungcxr/classification-pipeline/gradcam/overlays/00005914_NORMAL2-IM-0171-0001_gradcam.png,20433.51953125,16814.900390625,0.548574129429043,1,252,mask_bbox_midline
/head/NFS/mkuyokwa/lungcxr/lung_cxr_segmentation/normal_dataset/img/00002737_person505_bacteria_2135.png,/head/NFS/mkuyokwa/lungcxr/lung_cxr_segmentation/normal-results/segments/normal_full/00002737_person505_bacteria_2135.nrrd,0,0,8.755868e-10,excellent,0.9999997615814209,True,True,/head/NFS/mkuyokwa/lungcxr/classification-pipeline/gradcam/overlays/00002737_person505_bacteria_2135_gradcam.png,20296.6484375,16404.91015625,0.553018705885596,1,253,mask_bbox_midline
/head/NFS/mkuyokwa/lungcxr/lung_cxr_segmentation/normal_dataset/img/00001512_person1024_virus_1716.png,/head/NFS/mkuyokwa/lungcxr/lung_cxr_segmentation/normal-results/segments/normal_full/00001512_person1024_virus_1716.nrrd,0,0,2.3277823e-10,excellent,0.9999998807907104,True,True,/head/NFS/mkuyokwa/lungcxr/classification-pipeline/gradcam/overlays/00001512_person1024_virus_1716_gradcam.png,23174.462890625,17376.169921875,0.5714944819179572,1,262,mask_bbox_midline
/head/NFS/mkuyokwa/lungcxr/lung_cxr_segmentation/normal_dataset/img/00005348_IM-0590-0001.png,/head/NFS/mkuyokwa/lungcxr/lung_cxr_segmentation/normal-results/segments/normal_full/00005348_IM-0590-0001.nrrd,0,0,1.5801673e-08,excellent,0.9999984502792358,True,True,/head/NFS/mkuyokwa/lungcxr/classification-pipeline/gradcam/overlays/00005348_IM-0590-0001_gradcam.png,20144.130859375,13984.5009765625,0.5902413831357635,1,269,mask_bbox_midline
/head/NFS/mkuyokwa/lungcxr/lung_cxr_segmentation/normal_dataset/img/00003457_person1839_bacteria_4705.png,/head/NFS/mkuyokwa/lungcxr/lung_cxr_segmentation/normal-results/segments/normal_full/00003457_person1839_bacteria_4705.nrrd,0,0,1.2685859e-09,excellent,0.9999991655349731,True,True,/head/NFS/mkuyokwa/lungcxr/classification-pipeline/gradcam/overlays/00003457_person1839_bacteria_4705_gradcam.png,18491.88671875,12533.94140625,0.5960158950229472,1,239,mask_bbox_midline
/head/NFS/mkuyokwa/lungcxr/lung_cxr_segmentation/normal_dataset/img/00005672_IM-0316-0001.png,/head/NFS/mkuyokwa/lungcxr/lung_cxr_segmentation/normal-results/segments/normal_full/00005672_IM-0316-0001.nrrd,0,0,1.3069966e-09,excellent,0.999998927116394,True,True,/head/NFS/mkuyokwa/lungcxr/classification-pipeline/gradcam/overlays/00005672_IM-0316-0001_gradcam.png,16870.755859375,17063.841796875,0.4971550283363322,0,255,mask_bbox_midline
/head/NFS/mkuyokwa/lungcxr/lung_cxr_segmentation/normal_dataset/img/00002773_person522_bacteria_2210.png,/head/NFS/mkuyokwa/lungcxr/lung_cxr_segmentation/normal-results/segments/normal_full/00002773_person522_bacteria_2210.nrrd,0,0,2.8790106e-09,excellent,0.9999986886978149,True,True,/head/NFS/mkuyokwa/lungcxr/classification-pipeline/gradcam/overlays/00002773_person522_bacteria_2210_gradcam.png,24500.58203125,12244.298828125,0.6667753836246003,1,254,mask_bbox_midline
/head/NFS/mkuyokwa/lungcxr/lung_cxr_segmentation/normal_dataset/img/00005578_IM-0375-0001.png,/head/NFS/mkuyokwa/lungcxr/lung_cxr_segmentation/normal-results/segments/normal_full/00005578_IM-0375-0001.nrrd,0,0,1.5663728e-08,excellent,0.9999977350234985,True,True,/head/NFS/mkuyokwa/lungcxr/classification-pipeline/gradcam/overlays/00005578_IM-0375-0001_gradcam.png,17427.57421875,14406.783203125,0.5474454529675736,1,263,mask_bbox_midline
/head/NFS/mkuyokwa/lungcxr/lung_cxr_segmentation/normal_dataset/img/00000335_person915_virus_1572.png,/head/NFS/mkuyokwa/lungcxr/lung_cxr_segmentation/normal-results/segments/normal_full/00000335_person915_virus_1572.nrrd,0,0,3.6482994e-09,excellent,0.9999998807907104,True,True,/head/NFS/mkuyokwa/lungcxr/classification-pipeline/gradcam/overlays/00000335_person915_virus_1572_gradcam.png,22761.431640625,14835.7666015625,0.6054023359401444,1,263,mask_bbox_midline
/head/NFS/mkuyokwa/lungcxr/lung_cxr_segmentation/normal_dataset/img/00002995_person337_bacteria_1558.png,/head/NFS/mkuyokwa/lungcxr/lung_cxr_segmentation/normal-results/segments/normal_full/00002995_person337_bacteria_1558.nrrd,0,0,1.2290351e-09,excellent,0.9999995231628418,True,True,/head/NFS/mkuyokwa/lungcxr/classification-pipeline/gradcam/overlays/00002995_person337_bacteria_1558_gradcam.png,24364.15625,15722.9453125,0.6077804405991718,1,269,mask_bbox_midline
/head/NFS/mkuyokwa/lungcxr/lung_cxr_segmentation/normal_dataset/img/00005179_IM-0753-0001.png,/head/NFS/mkuyokwa/lungcxr/lung_cxr_segmentation/normal-results/segments/normal_full/00005179_IM-0753-0001.nrrd,0,0,2.3820732e-08,excellent,0.999998927116394,True,True,/head/NFS/mkuyokwa/lungcxr/classification-pipeline/gradcam/overlays/00005179_IM-0753-0001_gradcam.png,19764.41015625,15865.482421875,0.5547142785489164,1,245,mask_bbox_midline
/head/NFS/mkuyokwa/lungcxr/lung_cxr_segmentation/normal_dataset/img/00006827_c3829ecb.png,/head/NFS/mkuyokwa/lungcxr/lung_cxr_segmentation/normal-results/segments/normal_full/00006827_c3829ecb.nrrd,0,0,7.1420845e-06,excellent,0.999995231628418,True,True,/head/NFS/mkuyokwa/lungcxr/classification-pipeline/gradcam/overlays/00006827_c3829ecb_gradcam.png,23693.81640625,13626.5283203125,0.6348766759752379,1,273,mask_bbox_midline
/head/NFS/mkuyokwa/lungcxr/lung_cxr_segmentation/normal_dataset/img/00003811_person1564_bacteria_4094.png,/head/NFS/mkuyokwa/lungcxr/lung_cxr_segmentation/normal-results/segments/normal_full/00003811_person1564_bacteria_4094.nrrd,0,0,3.152538e-09,excellent,0.9999998807907104,True,True,/head/NFS/mkuyokwa/lungcxr/classification-pipeline/gradcam/overlays/00003811_person1564_bacteria_4094_gradcam.png,23469.375,15734.212890625,0.5986537524442342,1,270,mask_bbox_midline
/head/NFS/mkuyokwa/lungcxr/lung_cxr_segmentation/normal_dataset/img/00003421_person264_bacteria_1232.png,/head/NFS/mkuyokwa/lungcxr/lung_cxr_segmentation/normal-results/segments/normal_full/00003421_person264_bacteria_1232.nrrd,0,0,2.330999e-10,excellent,0.9999998807907104,True,True,/head/NFS/mkuyokwa/lungcxr/classification-pipeline/gradcam/overlays/00003421_person264_bacteria_1232_gradcam.png,20362.4375,16795.2421875,0.5480007812987852,1,251,mask_bbox_midline
/head/NFS/mkuyokwa/lungcxr/lung_cxr_segmentation/normal_dataset/img/00005505_IM-0501-0001.png,/head/NFS/mkuyokwa/lungcxr/lung_cxr_segmentation/normal-results/segments/normal_full/00005505_IM-0501-0001.nrrd,0,0,2.0378532e-07,excellent,0.9999951124191284,True,True,/head/NFS/mkuyokwa/lungcxr/classification-pipeline/gradcam/overlays/00005505_IM-0501-0001_gradcam.png,16751.50390625,9995.1455078125,0.6263028930062027,1,268,mask_bbox_midline
/head/NFS/mkuyokwa/lungcxr/lung_cxr_segmentation/normal_dataset/img/00001631_person101_virus_188.png,/head/NFS/mkuyokwa/lungcxr/lung_cxr_segmentation/normal-results/segments/normal_full/00001631_person101_virus_188.nrrd,0,0,1.7570608e-06,excellent,0.9999662637710571,True,True,/head/NFS/mkuyokwa/lungcxr/classification-pipeline/gradcam/overlays/00001631_person101_virus_188_gradcam.png,16662.54296875,7756.92626953125,0.6823466475114421,1,242,mask_bbox_midline
/head/NFS/mkuyokwa/lungcxr/lung_cxr_segmentation/normal_dataset/img/00004810_NORMAL2-IM-0918-0001.png,/head/NFS/mkuyokwa/lungcxr/lung_cxr_segmentation/normal-results/segments/normal_full/00004810_NORMAL2-IM-0918-0001.nrrd,0,0,2.7308453e-09,excellent,0.9999996423721313,True,True,/head/NFS/mkuyokwa/lungcxr/classification-pipeline/gradcam/overlays/00004810_NORMAL2-IM-0918-0001_gradcam.png,18309.8125,16540.36328125,0.5253865178450835,1,261,mask_bbox_midline
/head/NFS/mkuyokwa/lungcxr/lung_cxr_segmentation/normal_dataset/img/00004391_person1103_bacteria_3044.png,/head/NFS/mkuyokwa/lungcxr/lung_cxr_segmentation/normal-results/segments/normal_full/00004391_person1103_bacteria_3044.nrrd,0,0,8.771401e-09,excellent,0.999993085861206,True,True,/head/NFS/mkuyokwa/lungcxr/classification-pipeline/gradcam/overlays/00004391_person1103_bacteria_3044_gradcam.png,18487.92578125,10547.2353515625,0.6367426616536624,1,256,mask_bbox_midline
/head/NFS/mkuyokwa/lungcxr/lung_cxr_segmentation/normal_dataset/img/00003361_person25_bacteria_118.png,/head/NFS/mkuyokwa/lungcxr/lung_cxr_segmentation/normal-results/segments/normal_full/00003361_person25_bacteria_118.nrrd,0,0,1.1849717e-09,excellent,0.9999998807907104,True,True,/head/NFS/mkuyokwa/lungcxr/classification-pipeline/gradcam/overlays/00003361_person25_bacteria_118_gradcam.png,19402.59765625,16687.171875,0.5376204367126635,1,247,mask_bbox_midline
/head/NFS/mkuyokwa/lungcxr/lung_cxr_segmentation/normal_dataset/img/00001267_person128_virus_261.png,/head/NFS/mkuyokwa/lungcxr/lung_cxr_segmentation/normal-results/segments/normal_full/00001267_person128_virus_261.nrrd,0,0,3.6262036e-09,excellent,0.9999998807907104,True,True,/head/NFS/mkuyokwa/lungcxr/classification-pipeline/gradcam/overlays/00001267_person128_virus_261_gradcam.png,22000.578125,19475.05078125,0.5304459198130378,1,254,mask_bbox_midline
/head/NFS/mkuyokwa/lungcxr/lung_cxr_segmentation/normal_dataset/img/00006218_person139_bacteria_663.png,/head/NFS/mkuyokwa/lungcxr/lung_cxr_segmentation/normal-results/segments/normal_full/00006218_person139_bacteria_663.nrrd,0,0,2.0780289e-09,excellent,0.9999997615814209,True,True,/head/NFS/mkuyokwa/lungcxr/classification-pipeline/gradcam/overlays/00006218_person139_bacteria_663_gradcam.png,22055.25,15010.1171875,0.5950365981383818,1,257,mask_bbox_midline
/head/NFS/mkuyokwa/lungcxr/lung_cxr_segmentation/normal_dataset/img/00005095_NORMAL2-IM-0516-0001.png,/head/NFS/mkuyokwa/lungcxr/lung_cxr_segmentation/normal-results/segments/normal_full/00005095_NORMAL2-IM-0516-0001.nrrd,0,0,1.9640972e-07,excellent,0.9999823570251465,True,True,/head/NFS/mkuyokwa/lungcxr/classification-pipeline/gradcam/overlays/00005095_NORMAL2-IM-0516-0001_gradcam.png,18576.80859375,12934.01953125,0.5895373019096114,1,255,mask_bbox_midline
/head/NFS/mkuyokwa/lungcxr/lung_cxr_segmentation/normal_dataset/img/00002560_person594_bacteria_2436.png,/head/NFS/mkuyokwa/lungcxr/lung_cxr_segmentation/normal-results/segments/normal_full/00002560_person594_bacteria_2436.nrrd,0,0,1.7538495e-08,excellent,0.999998927116394,True,True,/head/NFS/mkuyokwa/lungcxr/classification-pipeline/gradcam/overlays/00002560_person594_bacteria_2436_gradcam.png,19923.6015625,14202.65234375,0.583820351839178,1,264,mask_bbox_midline
/head/NFS/mkuyokwa/lungcxr/lung_cxr_segmentation/normal_dataset/img/00002595_person51_bacteria_240.png,/head/NFS/mkuyokwa/lungcxr/lung_cxr_segmentation/normal-results/segments/normal_full/00002595_person51_bacteria_240.nrrd,0,0,2.3297912e-09,excellent,0.9999998807907104,True,True,/head/NFS/mkuyokwa/lungcxr/classification-pipeline/gradcam/overlays/00002595_person51_bacteria_240_gradcam.png,26894.3359375,20269.1953125,0.5702358416493676,1,247,mask_bbox_midline
/head/NFS/mkuyokwa/lungcxr/lung_cxr_segmentation/normal_dataset/img/00006019_NORMAL2-IM-0366-0001.png,/head/NFS/mkuyokwa/lungcxr/lung_cxr_segmentation/normal-results/segments/normal_full/00006019_NORMAL2-IM-0366-0001.nrrd,0,0,9.945781e-10,excellent,1.0,True,True,/head/NFS/mkuyokwa/lungcxr/classification-pipeline/gradcam/overlays/00006019_NORMAL2-IM-0366-0001_gradcam.png,27061.455078125,24057.8125,0.5293787716494037,1,256,mask_bbox_midline
/head/NFS/mkuyokwa/lungcxr/lung_cxr_segmentation/normal_dataset/img/00005859_IM-0101-0001.png,/head/NFS/mkuyokwa/lungcxr/lung_cxr_segmentation/normal-results/segments/normal_full/00005859_IM-0101-0001.nrrd,0,0,5.2482934e-09,excellent,0.9999994039535522,True,True,/head/NFS/mkuyokwa/lungcxr/classification-pipeline/gradcam/overlays/00005859_IM-0101-0001_gradcam.png,23634.25,19852.4453125,0.5434823186761324,1,271,mask_bbox_midline
/head/NFS/mkuyokwa/lungcxr/lung_cxr_segmentation/normal_dataset/img/00002655_person477_bacteria_2029.png,/head/NFS/mkuyokwa/lungcxr/lung_cxr_segmentation/normal-results/segments/normal_full/00002655_person477_bacteria_2029.nrrd,0,0,2.6259428e-09,excellent,0.9999994039535522,True,True,/head/NFS/mkuyokwa/lungcxr/classification-pipeline/gradcam/overlays/00002655_person477_bacteria_2029_gradcam.png,19172.22265625,19913.171875,0.49052140540429257,0,260,mask_bbox_midline
/head/NFS/mkuyokwa/lungcxr/lung_cxr_segmentation/normal_dataset/img/00004643_NORMAL2-IM-1173-0001.png,/head/NFS/mkuyokwa/lungcxr/lung_cxr_segmentation/normal-results/segments/normal_full/00004643_NORMAL2-IM-1173-0001.nrrd,0,0,2.0757284e-08,excellent,0.9999990463256836,True,True,/head/NFS/mkuyokwa/lungcxr/classification-pipeline/gradcam/overlays/00004643_NORMAL2-IM-1173-0001_gradcam.png,21865.66796875,17606.59375,0.553950217612269,1,259,mask_bbox_midline
/head/NFS/mkuyokwa/lungcxr/lung_cxr_segmentation/normal_dataset/img/00006902_covid-19-pneumonia-49-day8.png,/head/NFS/mkuyokwa/lungcxr/lung_cxr_segmentation/normal-results/segments/normal_full/00006902_covid-19-pneumonia-49-day8.nrrd,0,0,1.7991432e-08,excellent,0.9999667406082153,True,True,/head/NFS/mkuyokwa/lungcxr/classification-pipeline/gradcam/overlays/00006902_covid-19-pneumonia-49-day8_gradcam.png,15180.369140625,13587.9375,0.5276768400121309,1,232,mask_bbox_midline
/head/NFS/mkuyokwa/lungcxr/lung_cxr_segmentation/normal_dataset/img/00003586_person1636_bacteria_4337.png,/head/NFS/mkuyokwa/lungcxr/lung_cxr_segmentation/normal-results/segments/normal_full/00003586_person1636_bacteria_4337.nrrd,0,0,1.9119542e-09,excellent,0.9999992847442627,True,True,/head/NFS/mkuyokwa/lungcxr/classification-pipeline/gradcam/overlays/00003586_person1636_bacteria_4337_gradcam.png,17724.58984375,16227.470703125,0.5220475446336761,1,269,mask_bbox_midline
/head/NFS/mkuyokwa/lungcxr/lung_cxr_segmentation/normal_dataset/img/00002364_person53_bacteria_253.png,/head/NFS/mkuyokwa/lungcxr/lung_cxr_segmentation/normal-results/segments/normal_full/00002364_person53_bacteria_253.nrrd,0,0,2.2187549e-10,excellent,0.9999998807907104,True,True,/head/NFS/mkuyokwa/lungcxr/classification-pipeline/gradcam/overlays/00002364_person53_bacteria_253_gradcam.png,23581.474609375,16640.591796875,0.5862820266666046,1,247,mask_bbox_midline
/head/NFS/mkuyokwa/lungcxr/lung_cxr_segmentation/normal_dataset/img/00005170_NORMAL2-IM-0441-0001.png,/head/NFS/mkuyokwa/lungcxr/lung_cxr_segmentation/normal-results/segments/normal_full/00005170_NORMAL2-IM-0441-0001.nrrd,0,0,7.4860222e-06,excellent,0.9999755620956421,True,True,/head/NFS/mkuyokwa/lungcxr/classification-pipeline/gradcam/overlays/00005170_NORMAL2-IM-0441-0001_gradcam.png,20954.755859375,9543.53515625,0.6870796743541918,1,261,mask_bbox_midline
/head/NFS/mkuyokwa/lungcxr/lung_cxr_segmentation/normal_dataset/img/00000662_person558_virus_1098.png,/head/NFS/mkuyokwa/lungcxr/lung_cxr_segmentation/normal-results/segments/normal_full/00000662_person558_virus_1098.nrrd,0,0,3.9679566e-09,excellent,0.9999991655349731,True,True,/head/NFS/mkuyokwa/lungcxr/classification-pipeline/gradcam/overlays/00000662_person558_virus_1098_gradcam.png,20834.966796875,14758.3623046875,0.585361564169067,1,252,mask_bbox_midline
/head/NFS/mkuyokwa/lungcxr/lung_cxr_segmentation/normal_dataset/img/00005438_IM-0548-0001.png,/head/NFS/mkuyokwa/lungcxr/lung_cxr_segmentation/normal-results/segments/normal_full/00005438_IM-0548-0001.nrrd,0,0,9.996374e-09,excellent,0.9999986886978149,True,True,/head/NFS/mkuyokwa/lungcxr/classification-pipeline/gradcam/overlays/00005438_IM-0548-0001_gradcam.png,17294.33984375,12306.5009765625,0.5842516416588541,1,247,mask_bbox_midline
/head/NFS/mkuyokwa/lungcxr/lung_cxr_segmentation/normal_dataset/img/00003784_person1544_bacteria_4038.png,/head/NFS/mkuyokwa/lungcxr/lung_cxr_segmentation/normal-results/segments/normal_full/00003784_person1544_bacteria_4038.nrrd,0,0,2.668427e-07,excellent,0.9999932050704956,True,True,/head/NFS/mkuyokwa/lungcxr/classification-pipeline/gradcam/overlays/00003784_person1544_bacteria_4038_gradcam.png,22362.328125,16747.828125,0.5717780308024211,1,256,mask_bbox_midline
/head/NFS/mkuyokwa/lungcxr/lung_cxr_segmentation/normal_dataset/img/00004082_person12_bacteria_46.png,/head/NFS/mkuyokwa/lungcxr/lung_cxr_segmentation/normal-results/segments/normal_full/00004082_person12_bacteria_46.nrrd,0,0,1.9265052e-09,excellent,0.9999997615814209,True,True,/head/NFS/mkuyokwa/lungcxr/classification-pipeline/gradcam/overlays/00004082_person12_bacteria_46_gradcam.png,24772.0,19193.38671875,0.5634432413495737,1,249,mask_bbox_midline
/head/NFS/mkuyokwa/lungcxr/lung_cxr_segmentation/normal_dataset/img/00002447_person545_bacteria_2289.png,/head/NFS/mkuyokwa/lungcxr/lung_cxr_segmentation/normal-results/segments/normal_full/00002447_person545_bacteria_2289.nrrd,0,0,1.4408588e-09,excellent,0.9999998807907104,True,True,/head/NFS/mkuyokwa/lungcxr/classification-pipeline/gradcam/overlays/00002447_person545_bacteria_2289_gradcam.png,25861.083984375,20184.4609375,0.5616413928481732,1,243,mask_bbox_midline
/head/NFS/mkuyokwa/lungcxr/lung_cxr_segmentation/normal_dataset/img/00001997_person979_bacteria_2905.png,/head/NFS/mkuyokwa/lungcxr/lung_cxr_segmentation/normal-results/segments/normal_full/00001997_person979_bacteria_2905.nrrd,0,0,4.043203e-08,excellent,0.999996542930603,True,True,/head/NFS/mkuyokwa/lungcxr/classification-pipeline/gradcam/overlays/00001997_person979_bacteria_2905_gradcam.png,17680.97265625,10786.978515625,0.6210834263941681,1,260,mask_bbox_midline
/head/NFS/mkuyokwa/lungcxr/lung_cxr_segmentation/normal_dataset/img/00004970_NORMAL2-IM-0662-0001.png,/head/NFS/mkuyokwa/lungcxr/lung_cxr_segmentation/normal-results/segments/normal_full/00004970_NORMAL2-IM-0662-0001.nrrd,0,0,1.7416744e-09,excellent,0.9999997615814209,True,True,/head/NFS/mkuyokwa/lungcxr/classification-pipeline/gradcam/overlays/00004970_NORMAL2-IM-0662-0001_gradcam.png,21423.33984375,16702.771484375,0.5619072886656121,1,279,mask_bbox_midline
/head/NFS/mkuyokwa/lungcxr/lung_cxr_segmentation/normal_dataset/img/00003129_person392_bacteria_1786.png,/head/NFS/mkuyokwa/lungcxr/lung_cxr_segmentation/normal-results/segments/normal_full/00003129_person392_bacteria_1786.nrrd,0,0,9.0641517e-10,excellent,0.9999998807907104,True,True,/head/NFS/mkuyokwa/lungcxr/classification-pipeline/gradcam/overlays/00003129_person392_bacteria_1786_gradcam.png,21656.140625,20556.4296875,0.5130258703670356,1,264,mask_bbox_midline
/head/NFS/mkuyokwa/lungcxr/lung_cxr_segmentation/normal_dataset/img/00006247_person150_bacteria_717.png,/head/NFS/mkuyokwa/lungcxr/lung_cxr_segmentation/normal-results/segments/normal_full/00006247_person150_bacteria_717.nrrd,0,0,2.6283917e-10,excellent,0.9999998807907104,True,True,/head/NFS/mkuyokwa/lungcxr/classification-pipeline/gradcam/overlays/00006247_person150_bacteria_717_gradcam.png,22765.5078125,18915.244140625,0.5461875505053877,1,256,mask_bbox_midline
/head/NFS/mkuyokwa/lungcxr/lung_cxr_segmentation/normal_dataset/img/00000602_person698_virus_1294.png,/head/NFS/mkuyokwa/lungcxr/lung_cxr_segmentation/normal-results/segments/normal_full/00000602_person698_virus_1294.nrrd,0,0,5.4561853e-09,excellent,0.999998927116394,True,True,/head/NFS/mkuyokwa/lungcxr/classification-pipeline/gradcam/overlays/00000602_person698_virus_1294_gradcam.png,21462.779296875,17551.60546875,0.5501247661807431,1,257,mask_bbox_midline
/head/NFS/mkuyokwa/lungcxr/lung_cxr_segmentation/normal_dataset/img/00001211_person1363_virus_2346.png,/head/NFS/mkuyokwa/lungcxr/lung_cxr_segmentation/normal-results/segments/normal_full/00001211_person1363_virus_2346.nrrd,0,0,4.7841064e-09,excellent,0.9999994039535522,True,True,/head/NFS/mkuyokwa/lungcxr/classification-pipeline/gradcam/overlays/00001211_person1363_virus_2346_gradcam.png,21842.1484375,14620.59765625,0.5990264249802051,1,260,mask_bbox_midline
/head/NFS/mkuyokwa/lungcxr/lung_cxr_segmentation/normal_dataset/img/00001340_person1342_virus_2315.png,/head/NFS/mkuyokwa/lungcxr/lung_cxr_segmentation/normal-results/segments/normal_full/00001340_person1342_virus_2315.nrrd,0,0,4.050055e-09,excellent,0.9999988079071045,True,True,/head/NFS/mkuyokwa/lungcxr/classification-pipeline/gradcam/overlays/00001340_person1342_virus_2315_gradcam.png,18609.6328125,14354.2392578125,0.5645463243154608,1,267,mask_bbox_midline
/head/NFS/mkuyokwa/lungcxr/lung_cxr_segmentation/normal_dataset/img/00005958_NORMAL2-IM-0285-0001.png,/head/NFS/mkuyokwa/lungcxr/lung_cxr_segmentation/normal-results/segments/normal_full/00005958_NORMAL2-IM-0285-0001.nrrd,0,0,2.2194968e-09,excellent,0.9999998807907104,True,True,/head/NFS/mkuyokwa/lungcxr/classification-pipeline/gradcam/overlays/00005958_NORMAL2-IM-0285-0001_gradcam.png,22631.359375,21520.93359375,0.5125749503206541,1,260,mask_bbox_midline
/head/NFS/mkuyokwa/lungcxr/lung_cxr_segmentation/normal_dataset/img/00006298_person16_virus_47.png,/head/NFS/mkuyokwa/lungcxr/lung_cxr_segmentation/normal-results/segments/normal_full/00006298_person16_virus_47.nrrd,0,0,4.4237503e-08,excellent,0.9999959468841553,True,True,/head/NFS/mkuyokwa/lungcxr/classification-pipeline/gradcam/overlays/00006298_person16_virus_47_gradcam.png,23906.888671875,13644.8212890625,0.636639148969347,1,257,mask_bbox_midline
/head/NFS/mkuyokwa/lungcxr/lung_cxr_segmentation/normal_dataset/img/00003433_person266_bacteria_1245.png,/head/NFS/mkuyokwa/lungcxr/lung_cxr_segmentation/normal-results/segments/normal_full/00003433_person266_bacteria_1245.nrrd,0,0,5.125045e-09,excellent,0.9999973773956299,True,True,/head/NFS/mkuyokwa/lungcxr/classification-pipeline/gradcam/overlays/00003433_person266_bacteria_1245_gradcam.png,21827.822265625,14607.2900390625,0.5990875527730095,1,249,mask_bbox_midline
/head/NFS/mkuyokwa/lungcxr/lung_cxr_segmentation/normal_dataset/img/00000449_person768_virus_1396.png,/head/NFS/mkuyokwa/lungcxr/lung_cxr_segmentation/normal-results/segments/normal_full/00000449_person768_virus_1396.nrrd,0,0,6.0579886e-08,good,1.0,True,True,/head/NFS/mkuyokwa/lungcxr/classification-pipeline/gradcam/overlays/00000449_person768_virus_1396_gradcam.png,24683.654296875,30973.1328125,0.4434976501314645,0,247,mask_bbox_midline
/head/NFS/mkuyokwa/lungcxr/lung_cxr_segmentation/normal_dataset/img/00001496_person109_virus_203.png,/head/NFS/mkuyokwa/lungcxr/lung_cxr_segmentation/normal-results/segments/normal_full/00001496_person109_virus_203.nrrd,0,0,7.54671e-09,good,0.9999995231628418,True,True,/head/NFS/mkuyokwa/lungcxr/classification-pipeline/gradcam/overlays/00001496_person109_virus_203_gradcam.png,19389.76171875,17515.849609375,0.5253879022991137,1,260,mask_bbox_midline
/head/NFS/mkuyokwa/lungcxr/lung_cxr_segmentation/normal_dataset/img/00001422_person1181_virus_2016.png,/head/NFS/mkuyokwa/lungcxr/lung_cxr_segmentation/normal-results/segments/normal_full/00001422_person1181_virus_2016.nrrd,0,0,4.2019472e-09,good,0.9999996423721313,True,True,/head/NFS/mkuyokwa/lungcxr/classification-pipeline/gradcam/overlays/00001422_person1181_virus_2016_gradcam.png,18728.853515625,14956.556640625,0.5559930376014746,1,269,mask_bbox_midline
/head/NFS/mkuyokwa/lungcxr/lung_cxr_segmentation/normal_dataset/img/00001102_person1595_virus_2771.png,/head/NFS/mkuyokwa/lungcxr/lung_cxr_segmentation/normal-results/segments/normal_full/00001102_person1595_virus_2771.nrrd,0,0,7.765504e-09,good,0.9999982118606567,True,True,/head/NFS/mkuyokwa/lungcxr/classification-pipeline/gradcam/overlays/00001102_person1595_virus_2771_gradcam.png,22430.501953125,14405.6064453125,0.6089270264520247,1,260,mask_bbox_midline
/head/NFS/mkuyokwa/lungcxr/lung_cxr_segmentation/normal_dataset/img/00006887_covid-19-pneumonia-30-PA.png,/head/NFS/mkuyokwa/lungcxr/lung_cxr_segmentation/normal-results/segments/normal_full/00006887_covid-19-pneumonia-30-PA.nrrd,0,0,2.4573996e-05,good,0.9998949766159058,True,True,/head/NFS/mkuyokwa/lungcxr/classification-pipeline/gradcam/overlays/00006887_covid-19-pneumonia-30-PA_gradcam.png,14221.9990234375,7752.22900390625,0.6472126804973662,1,250,mask_bbox_midline
/head/NFS/mkuyokwa/lungcxr/lung_cxr_segmentation/normal_dataset/img/00001518_person1035_virus_1729.png,/head/NFS/mkuyokwa/lungcxr/lung_cxr_segmentation/normal-results/segments/normal_full/00001518_person1035_virus_1729.nrrd,0,0,5.0786696e-08,good,0.9999988079071045,True,True,/head/NFS/mkuyokwa/lungcxr/classification-pipeline/gradcam/overlays/00001518_person1035_virus_1729_gradcam.png,24616.42578125,19497.046875,0.5580251179287365,1,253,mask_bbox_midline
/head/NFS/mkuyokwa/lungcxr/lung_cxr_segmentation/normal_dataset/img/00001611_person1147_virus_1919.png,/head/NFS/mkuyokwa/lungcxr/lung_cxr_segmentation/normal-results/segments/normal_full/00001611_person1147_virus_1919.nrrd,0,0,1.5454709e-09,good,0.9999998807907104,True,True,/head/NFS/mkuyokwa/lungcxr/classification-pipeline/gradcam/overlays/00001611_person1147_virus_1919_gradcam.png,22275.021484375,15286.1103515625,0.593033819685456,1,259,mask_bbox_midline
/head/NFS/mkuyokwa/lungcxr/lung_cxr_segmentation/normal_dataset/img/00001491_person106_virus_194.png,/head/NFS/mkuyokwa/lungcxr/lung_cxr_segmentation/normal-results/segments/normal_full/00001491_person106_virus_194.nrrd,0,0,2.1298062e-07,good,0.999996542930603,True,True,/head/NFS/mkuyokwa/lungcxr/classification-pipeline/gradcam/overlays/00001491_person106_virus_194_gradcam.png,21959.880859375,22504.01953125,0.49388111853554656,0,249,mask_bbox_midline
/head/NFS/mkuyokwa/lungcxr/lung_cxr_segmentation/normal_dataset/img/00001987_person967_bacteria_2892.png,/head/NFS/mkuyokwa/lungcxr/lung_cxr_segmentation/normal-results/segments/normal_full/00001987_person967_bacteria_2892.nrrd,0,0,3.9871204e-09,good,0.9999996423721313,True,True,/head/NFS/mkuyokwa/lungcxr/classification-pipeline/gradcam/overlays/00001987_person967_bacteria_2892_gradcam.png,24798.14453125,24344.333984375,0.504617294045626,1,253,mask_bbox_midline
/head/NFS/mkuyokwa/lungcxr/lung_cxr_segmentation/normal_dataset/img/00006710_16706_1_1.png,/head/NFS/mkuyokwa/lungcxr/lung_cxr_segmentation/normal-results/segments/normal_full/00006710_16706_1_1.nrrd,0,0,4.4958074e-06,good,0.9999401569366455,True,True,/head/NFS/mkuyokwa/lungcxr/classification-pipeline/gradcam/overlays/00006710_16706_1_1_gradcam.png,18228.50390625,12817.6513671875,0.5871420710778305,1,250,mask_bbox_midline
/head/NFS/mkuyokwa/lungcxr/lung_cxr_segmentation/normal_dataset/img/00001171_person1488_virus_2593.png,/head/NFS/mkuyokwa/lungcxr/lung_cxr_segmentation/normal-results/segments/normal_full/00001171_person1488_virus_2593.nrrd,0,0,1.2005233e-09,good,0.9999997615814209,True,True,/head/NFS/mkuyokwa/lungcxr/classification-pipeline/gradcam/overlays/00001171_person1488_virus_2593_gradcam.png,23603.6015625,19239.82421875,0.5509270356440517,1,248,mask_bbox_midline
/head/NFS/mkuyokwa/lungcxr/lung_cxr_segmentation/normal_dataset/img/00006519_2-chest-filmc.png,/head/NFS/mkuyokwa/lungcxr/lung_cxr_segmentation/normal-results/segments/normal_full/00006519_2-chest-filmc.nrrd,0,0,5.143174e-07,good,0.999915361404419,True,True,/head/NFS/mkuyokwa/lungcxr/classification-pipeline/gradcam/overlays/00006519_2-chest-filmc_gradcam.png,22523.6796875,14409.158203125,0.6098551038564354,1,237,mask_bbox_midline
/head/NFS/mkuyokwa/lungcxr/lung_cxr_segmentation/normal_dataset/img/00002089_person780_bacteria_2684.png,/head/NFS/mkuyokwa/lungcxr/lung_cxr_segmentation/normal-results/segments/normal_full/00002089_person780_bacteria_2684.nrrd,0,0,7.061936e-08,good,0.9999945163726807,True,True,/head/NFS/mkuyokwa/lungcxr/classification-pipeline/gradcam/overlays/00002089_person780_bacteria_2684_gradcam.png,16122.5234375,10175.966796875,0.6130588978231952,1,259,mask_bbox_midline
/head/NFS/mkuyokwa/lungcxr/lung_cxr_segmentation/normal_dataset/img/00001253_person1422_virus_2434.png,/head/NFS/mkuyokwa/lungcxr/lung_cxr_segmentation/normal-results/segments/normal_full/00001253_person1422_virus_2434.nrrd,0,0,6.830838e-08,good,0.9999982118606567,True,True,/head/NFS/mkuyokwa/lungcxr/classification-pipeline/gradcam/overlays/00001253_person1422_virus_2434_gradcam.png,18180.29296875,18660.23828125,0.49348617818180895,0,227,mask_bbox_midline
/head/NFS/mkuyokwa/lungcxr/lung_cxr_segmentation/normal_dataset/img/00004044_person1413_bacteria_3620.png,/head/NFS/mkuyokwa/lungcxr/lung_cxr_segmentation/normal-results/segments/normal_full/00004044_person1413_bacteria_3620.nrrd,0,0,2.9030096e-08,good,0.9999995231628418,True,True,/head/NFS/mkuyokwa/lungcxr/classification-pipeline/gradcam/overlays/00004044_person1413_bacteria_3620_gradcam.png,22230.927734375,19714.8671875,0.5299918090902941,1,258,mask_bbox_midline
/head/NFS/mkuyokwa/lungcxr/lung_cxr_segmentation/normal_dataset/img/00001323_person1323_virus_2282.png,/head/NFS/mkuyokwa/lungcxr/lung_cxr_segmentation/normal-results/segments/normal_full/00001323_person1323_virus_2282.nrrd,0,0,5.9942785e-08,good,0.9999985694885254,True,True,/head/NFS/mkuyokwa/lungcxr/classification-pipeline/gradcam/overlays/00001323_person1323_virus_2282_gradcam.png,23914.3515625,17970.556640625,0.5709538969627196,1,251,mask_bbox_midline
/head/NFS/mkuyokwa/lungcxr/lung_cxr_segmentation/normal_dataset/img/00004327_person1033_bacteria_2966.png,/head/NFS/mkuyokwa/lungcxr/lung_cxr_segmentation/normal-results/segments/normal_full/00004327_person1033_bacteria_2966.nrrd,0,0,4.857682e-10,good,0.9999998807907104,True,True,/head/NFS/mkuyokwa/lungcxr/classification-pipeline/gradcam/overlays/00004327_person1033_bacteria_2966_gradcam.png,28660.853515625,20736.513671875,0.580210143727612,1,260,mask_bbox_midline
/head/NFS/mkuyokwa/lungcxr/lung_cxr_segmentation/normal_dataset/img/00002661_person480_bacteria_2039.png,/head/NFS/mkuyokwa/lungcxr/lung_cxr_segmentation/normal-results/segments/normal_full/00002661_person480_bacteria_2039.nrrd,0,0,4.0665638e-10,good,0.9999995231628418,True,True,/head/NFS/mkuyokwa/lungcxr/classification-pipeline/gradcam/overlays/00002661_person480_bacteria_2039_gradcam.png,20844.7421875,18856.91015625,0.5250346259399822,1,251,mask_bbox_midline
/head/NFS/mkuyokwa/lungcxr/lung_cxr_segmentation/normal_dataset/img/00005799_IM-0003-0001.png,/head/NFS/mkuyokwa/lungcxr/lung_cxr_segmentation/normal-results/segments/normal_full/00005799_IM-0003-0001.nrrd,0,0,1.9452047e-07,good,0.9999978542327881,True,True,/head/NFS/mkuyokwa/lungcxr/classification-pipeline/gradcam/overlays/00005799_IM-0003-0001_gradcam.png,21726.306640625,17588.0234375,0.5526307226258396,1,258,mask_bbox_midline
/head/NFS/mkuyokwa/lungcxr/lung_cxr_segmentation/normal_dataset/img/00005599_IM-0404-0001.png,/head/NFS/mkuyokwa/lungcxr/lung_cxr_segmentation/normal-results/segments/normal_full/00005599_IM-0404-0001.nrrd,0,0,1.7241368e-09,good,0.9999992847442627,True,True,/head/NFS/mkuyokwa/lungcxr/classification-pipeline/gradcam/overlays/00005599_IM-0404-0001_gradcam.png,16679.880859375,19737.521484375,0.4580195122631426,0,263,mask_bbox_midline
/head/NFS/mkuyokwa/lungcxr/lung_cxr_segmentation/normal_dataset/img/00004328_person1034_bacteria_2968.png,/head/NFS/mkuyokwa/lungcxr/lung_cxr_segmentation/normal-results/segments/normal_full/00004328_person1034_bacteria_2968.nrrd,0,0,2.0531052e-10,good,1.0,True,True,/head/NFS/mkuyokwa/lungcxr/classification-pipeline/gradcam/overlays/00004328_person1034_bacteria_2968_gradcam.png,26149.99609375,17705.7265625,0.5962732913722331,1,256,mask_bbox_midline
/head/NFS/mkuyokwa/lungcxr/lung_cxr_segmentation/normal_dataset/img/00003492_person1896_bacteria_4788.png,/head/NFS/mkuyokwa/lungcxr/lung_cxr_segmentation/normal-results/segments/normal_full/00003492_person1896_bacteria_4788.nrrd,0,0,8.065595e-09,good,0.9999982118606567,True,True,/head/NFS/mkuyokwa/lungcxr/classification-pipeline/gradcam/overlays/00003492_person1896_bacteria_4788_gradcam.png,17285.80078125,19898.236328125,0.4648715450235991,0,254,mask_bbox_midline
/head/NFS/mkuyokwa/lungcxr/lung_cxr_segmentation/normal_dataset/img/00002569_person596_bacteria_2449.png,/head/NFS/mkuyokwa/lungcxr/lung_cxr_segmentation/normal-results/segments/normal_full/00002569_person596_bacteria_2449.nrrd,0,0,3.669443e-10,good,0.9999998807907104,True,True,/head/NFS/mkuyokwa/lungcxr/classification-pipeline/gradcam/overlays/00002569_person596_bacteria_2449_gradcam.png,26084.935546875,22450.404296875,0.5374421118889933,1,244,mask_bbox_midline
/head/NFS/mkuyokwa/lungcxr/lung_cxr_segmentation/normal_dataset/img/00003376_person253_bacteria_1152.png,/head/NFS/mkuyokwa/lungcxr/lung_cxr_segmentation/normal-results/segments/normal_full/00003376_person253_bacteria_1152.nrrd,0,0,5.7963644e-11,good,1.0,True,True,/head/NFS/mkuyokwa/lungcxr/classification-pipeline/gradcam/overlays/00003376_person253_bacteria_1152_gradcam.png,25692.109375,19203.54296875,0.5722627478109613,1,256,mask_bbox_midline
/head/NFS/mkuyokwa/lungcxr/lung_cxr_segmentation/normal_dataset/img/00006418_person1670_virus_2886.png,/head/NFS/mkuyokwa/lungcxr/lung_cxr_segmentation/normal-results/segments/normal_full/00006418_person1670_virus_2886.nrrd,0,0,1.1225086e-08,good,1.0,True,True,/head/NFS/mkuyokwa/lungcxr/classification-pipeline/gradcam/overlays/00006418_person1670_virus_2886_gradcam.png,22603.73828125,22093.5078125,0.5057076275759789,1,256,mask_bbox_midline
/head/NFS/mkuyokwa/lungcxr/lung_cxr_segmentation/normal_dataset/img/00004429_person1157_bacteria_3102.png,/head/NFS/mkuyokwa/lungcxr/lung_cxr_segmentation/normal-results/segments/normal_full/00004429_person1157_bacteria_3102.nrrd,0,0,3.4090315e-09,good,0.9999980926513672,True,True,/head/NFS/mkuyokwa/lungcxr/classification-pipeline/gradcam/overlays/00004429_person1157_bacteria_3102_gradcam.png,18110.31640625,13919.205078125,0.565425756206966,1,248,mask_bbox_midline
/head/NFS/mkuyokwa/lungcxr/lung_cxr_segmentation/normal_dataset/img/00000656_person551_virus_1091.png,/head/NFS/mkuyokwa/lungcxr/lung_cxr_segmentation/normal-results/segments/normal_full/00000656_person551_virus_1091.nrrd,0,0,5.4162452e-09,good,0.9999997615814209,True,True,/head/NFS/mkuyokwa/lungcxr/classification-pipeline/gradcam/overlays/00000656_person551_virus_1091_gradcam.png,24046.03125,24925.435546875,0.4910212583531282,0,247,mask_bbox_midline
/head/NFS/mkuyokwa/lungcxr/lung_cxr_segmentation/normal_dataset/img/00001438_person1212_virus_2057.png,/head/NFS/mkuyokwa/lungcxr/lung_cxr_segmentation/normal-results/segments/normal_full/00001438_person1212_virus_2057.nrrd,0,0,7.973362e-09,good,0.9999909400939941,True,True,/head/NFS/mkuyokwa/lungcxr/classification-pipeline/gradcam/overlays/00001438_person1212_virus_2057_gradcam.png,17626.15234375,11724.2734375,0.6005416233181242,1,262,mask_bbox_midline
/head/NFS/mkuyokwa/lungcxr/lung_cxr_segmentation/normal_dataset/img/00001324_person1323_virus_2283.png,/head/NFS/mkuyokwa/lungcxr/lung_cxr_segmentation/normal-results/segments/normal_full/00001324_person1323_virus_2283.nrrd,0,0,3.191551e-08,good,0.9999992847442627,True,True,/head/NFS/mkuyokwa/lungcxr/classification-pipeline/gradcam/overlays/00001324_person1323_virus_2283_gradcam.png,22030.423828125,17769.236328125,0.5535329633880157,1,268,mask_bbox_midline
/head/NFS/mkuyokwa/lungcxr/lung_cxr_segmentation/normal_dataset/img/00000555_person630_virus_1209.png,/head/NFS/mkuyokwa/lungcxr/lung_cxr_segmentation/normal-results/segments/normal_full/00000555_person630_virus_1209.nrrd,0,0,1.818155e-07,good,0.999995231628418,True,True,/head/NFS/mkuyokwa/lungcxr/classification-pipeline/gradcam/overlays/00000555_person630_virus_1209_gradcam.png,21271.44140625,20324.92578125,0.5113773832788507,1,253,mask_bbox_midline
/head/NFS/mkuyokwa/lungcxr/lung_cxr_segmentation/normal_dataset/img/00004210_person1349_bacteria_3439.png,/head/NFS/mkuyokwa/lungcxr/lung_cxr_segmentation/normal-results/segments/normal_full/00004210_person1349_bacteria_3439.nrrd,0,0,7.985873e-09,good,0.9999972581863403,True,True,/head/NFS/mkuyokwa/lungcxr/classification-pipeline/gradcam/overlays/00004210_person1349_bacteria_3439_gradcam.png,18303.41796875,13723.123046875,0.5715077991038805,1,244,mask_bbox_midline
/head/NFS/mkuyokwa/lungcxr/lung_cxr_segmentation/normal_dataset/img/00000781_person401_virus_798.png,/head/NFS/mkuyokwa/lungcxr/lung_cxr_segmentation/normal-results/segments/normal_full/00000781_person401_virus_798.nrrd,0,0,1.3899883e-09,good,0.9999997615814209,True,True,/head/NFS/mkuyokwa/lungcxr/classification-pipeline/gradcam/overlays/00000781_person401_virus_798_gradcam.png,21954.03515625,16401.953125,0.57237568734429,1,249,mask_bbox_midline
/head/NFS/mkuyokwa/lungcxr/lung_cxr_segmentation/normal_dataset/img/00002027_person73_bacteria_357.png,/head/NFS/mkuyokwa/lungcxr/lung_cxr_segmentation/normal-results/segments/normal_full/00002027_person73_bacteria_357.nrrd,0,0,7.436709e-10,good,1.0,True,True,/head/NFS/mkuyokwa/lungcxr/classification-pipeline/gradcam/overlays/00002027_person73_bacteria_357_gradcam.png,25483.994140625,22945.96875,0.5262030490954217,1,253,mask_bbox_midline
/head/NFS/mkuyokwa/lungcxr/lung_cxr_segmentation/normal_dataset/img/00003291_person322_bacteria_1494.png,/head/NFS/mkuyokwa/lungcxr/lung_cxr_segmentation/normal-results/segments/normal_full/00003291_person322_bacteria_1494.nrrd,0,0,1.1202537e-09,good,0.9999983310699463,True,True,/head/NFS/mkuyokwa/lungcxr/classification-pipeline/gradcam/overlays/00003291_person322_bacteria_1494_gradcam.png,21200.416015625,13665.35546875,0.6080581359034579,1,273,mask_bbox_midline
/head/NFS/mkuyokwa/lungcxr/lung_cxr_segmentation/normal_dataset/img/00003717_person1731_bacteria_4563.png,/head/NFS/mkuyokwa/lungcxr/lung_cxr_segmentation/normal-results/segments/normal_full/00003717_person1731_bacteria_4563.nrrd,0,0,1.8959947e-08,good,0.9999997615814209,True,True,/head/NFS/mkuyokwa/lungcxr/classification-pipeline/gradcam/overlays/00003717_person1731_bacteria_4563_gradcam.png,21071.154296875,18684.7734375,0.5300128936157565,1,239,mask_bbox_midline
/head/NFS/mkuyokwa/lungcxr/lung_cxr_segmentation/normal_dataset/img/00004529_NORMAL2-IM-1272-0001.png,/head/NFS/mkuyokwa/lungcxr/lung_cxr_segmentation/normal-results/segments/normal_full/00004529_NORMAL2-IM-1272-0001.nrrd,0,0,3.0501643e-09,good,0.9999997615814209,True,True,/head/NFS/mkuyokwa/lungcxr/classification-pipeline/gradcam/overlays/00004529_NORMAL2-IM-1272-0001_gradcam.png,21011.75,15237.09375,0.5796529716896143,1,251,mask_bbox_midline
/head/NFS/mkuyokwa/lungcxr/lung_cxr_segmentation/normal_dataset/img/00002129_person836_bacteria_2752.png,/head/NFS/mkuyokwa/lungcxr/lung_cxr_segmentation/normal-results/segments/normal_full/00002129_person836_bacteria_2752.nrrd,0,0,1.5958781e-08,good,0.9999985694885254,True,True,/head/NFS/mkuyokwa/lungcxr/classification-pipeline/gradcam/overlays/00002129_person836_bacteria_2752_gradcam.png,22565.62109375,15432.39453125,0.5938631458139467,1,257,mask_bbox_midline
/head/NFS/mkuyokwa/lungcxr/lung_cxr_segmentation/normal_dataset/img/00003273_person316_bacteria_1469.png,/head/NFS/mkuyokwa/lungcxr/lung_cxr_segmentation/normal-results/segments/normal_full/00003273_person316_bacteria_1469.nrrd,0,0,1.9363384e-08,good,0.9999997615814209,True,True,/head/NFS/mkuyokwa/lungcxr/classification-pipeline/gradcam/overlays/00003273_person316_bacteria_1469_gradcam.png,24206.69921875,23163.4765625,0.5110113867960664,1,255,mask_bbox_midline
/head/NFS/mkuyokwa/lungcxr/lung_cxr_segmentation/normal_dataset/img/00000537_person614_virus_1183.png,/head/NFS/mkuyokwa/lungcxr/lung_cxr_segmentation/normal-results/segments/normal_full/00000537_person614_virus_1183.nrrd,0,0,1.1634496e-09,good,0.9999998807907104,True,True,/head/NFS/mkuyokwa/lungcxr/classification-pipeline/gradcam/overlays/00000537_person614_virus_1183_gradcam.png,19891.96875,16139.814453125,0.5520672856478219,1,253,mask_bbox_midline
/head/NFS/mkuyokwa/lungcxr/lung_cxr_segmentation/normal_dataset/img/00003827_person1579_bacteria_4133.png,/head/NFS/mkuyokwa/lungcxr/lung_cxr_segmentation/normal-results/segments/normal_full/00003827_person1579_bacteria_4133.nrrd,0,0,6.2748104e-09,good,0.9999998807907104,True,True,/head/NFS/mkuyokwa/lungcxr/classification-pipeline/gradcam/overlays/00003827_person1579_bacteria_4133_gradcam.png,26575.11328125,26097.21875,0.5045364854072387,1,257,mask_bbox_midline
/head/NFS/mkuyokwa/lungcxr/lung_cxr_segmentation/normal_dataset/img/00003020_person348_bacteria_1603.png,/head/NFS/mkuyokwa/lungcxr/lung_cxr_segmentation/normal-results/segments/normal_full/00003020_person348_bacteria_1603.nrrd,0,0,2.664157e-10,good,0.9999994039535522,True,True,/head/NFS/mkuyokwa/lungcxr/classification-pipeline/gradcam/overlays/00003020_person348_bacteria_1603_gradcam.png,19587.3671875,17922.03125,0.5221989155634535,1,237,mask_bbox_midline
/head/NFS/mkuyokwa/lungcxr/lung_cxr_segmentation/normal_dataset/img/00000961_person294_virus_611.png,/head/NFS/mkuyokwa/lungcxr/lung_cxr_segmentation/normal-results/segments/normal_full/00000961_person294_virus_611.nrrd,0,0,2.590709e-10,good,0.9999998807907104,True,True,/head/NFS/mkuyokwa/lungcxr/classification-pipeline/gradcam/overlays/00000961_person294_virus_611_gradcam.png,21567.44921875,16885.53515625,0.5608784225541662,1,255,mask_bbox_midline
/head/NFS/mkuyokwa/lungcxr/lung_cxr_segmentation/normal_dataset/img/00004152_person1320_bacteria_3340.png,/head/NFS/mkuyokwa/lungcxr/lung_cxr_segmentation/normal-results/segments/normal_full/00004152_person1320_bacteria_3340.nrrd,0,0,1.077844e-07,good,0.9999914169311523,True,True,/head/NFS/mkuyokwa/lungcxr/classification-pipeline/gradcam/overlays/00004152_person1320_bacteria_3340_gradcam.png,17004.171875,11890.119140625,0.5884959027305688,1,250,mask_bbox_midline
/head/NFS/mkuyokwa/lungcxr/lung_cxr_segmentation/normal_dataset/img/00002801_person395_bacteria_1795.png,/head/NFS/mkuyokwa/lungcxr/lung_cxr_segmentation/normal-results/segments/normal_full/00002801_person395_bacteria_1795.nrrd,0,0,1.3920014e-10,good,0.9999998807907104,True,True,/head/NFS/mkuyokwa/lungcxr/classification-pipeline/gradcam/overlays/00002801_person395_bacteria_1795_gradcam.png,21529.373046875,17019.990234375,0.5584884214507029,1,265,mask_bbox_midline
/head/NFS/mkuyokwa/lungcxr/lung_cxr_segmentation/normal_dataset/img/00006758_90070cbc.png,/head/NFS/mkuyokwa/lungcxr/lung_cxr_segmentation/normal-results/segments/normal_full/00006758_90070cbc.nrrd,0,0,4.2268925e-07,good,0.9999709129333496,True,True,/head/NFS/mkuyokwa/lungcxr/classification-pipeline/gradcam/overlays/00006758_90070cbc_gradcam.png,14607.2734375,28119.044921875,0.3418799933716937,0,212,mask_bbox_midline
/head/NFS/mkuyokwa/lungcxr/lung_cxr_segmentation/normal_dataset/img/00003895_person1469_bacteria_3824.png,/head/NFS/mkuyokwa/lungcxr/lung_cxr_segmentation/normal-results/segments/normal_full/00003895_person1469_bacteria_3824.nrrd,0,0,1.3142443e-08,good,0.9999990463256836,True,True,/head/NFS/mkuyokwa/lungcxr/classification-pipeline/gradcam/overlays/00003895_person1469_bacteria_3824_gradcam.png,16866.265625,17173.818359375,0.49548249154561175,0,254,mask_bbox_midline
/head/NFS/mkuyokwa/lungcxr/lung_cxr_segmentation/normal_dataset/img/00004946_NORMAL2-IM-0772-0001.png,/head/NFS/mkuyokwa/lungcxr/lung_cxr_segmentation/normal-results/segments/normal_full/00004946_NORMAL2-IM-0772-0001.nrrd,0,0,1.923422e-08,good,0.999998927116394,True,True,/head/NFS/mkuyokwa/lungcxr/classification-pipeline/gradcam/overlays/00004946_NORMAL2-IM-0772-0001_gradcam.png,18024.931640625,12924.8681640625,0.5823925115630323,1,255,mask_bbox_midline
/head/NFS/mkuyokwa/lungcxr/lung_cxr_segmentation/normal_dataset/img/00001983_person963_bacteria_2888.png,/head/NFS/mkuyokwa/lungcxr/lung_cxr_segmentation/normal-results/segments/normal_full/00001983_person963_bacteria_2888.nrrd,0,0,8.1801615e-10,good,0.9999995231628418,True,True,/head/NFS/mkuyokwa/lungcxr/classification-pipeline/gradcam/overlays/00001983_person963_bacteria_2888_gradcam.png,18085.33984375,16083.572265625,0.5292922345861836,1,252,mask_bbox_midline
/head/NFS/mkuyokwa/lungcxr/lung_cxr_segmentation/normal_dataset/img/00006661_11547_2020_1203_Fig1_HTML-a.png,/head/NFS/mkuyokwa/lungcxr/lung_cxr_segmentation/normal-results/segments/normal_full/00006661_11547_2020_1203_Fig1_HTML-a.nrrd,0,0,1.14096046e-07,good,0.9999939203262329,True,True,/head/NFS/mkuyokwa/lungcxr/classification-pipeline/gradcam/overlays/00006661_11547_2020_1203_Fig1_HTML-a_gradcam.png,18561.822265625,16864.091796875,0.5239617030876718,1,263,mask_bbox_midline
/head/NFS/mkuyokwa/lungcxr/lung_cxr_segmentation/normal_dataset/img/00003819_person1576_bacteria_4120.png,/head/NFS/mkuyokwa/lungcxr/lung_cxr_segmentation/normal-results/segments/normal_full/00003819_person1576_bacteria_4120.nrrd,0,0,7.9637524e-10,good,0.9999998807907104,True,True,/head/NFS/mkuyokwa/lungcxr/classification-pipeline/gradcam/overlays/00003819_person1576_bacteria_4120_gradcam.png,19413.78125,16045.8115234375,0.5474902482394752,1,254,mask_bbox_midline
/head/NFS/mkuyokwa/lungcxr/lung_cxr_segmentation/normal_dataset/img/00003436_person266_bacteria_1249.png,/head/NFS/mkuyokwa/lungcxr/lung_cxr_segmentation/normal-results/segments/normal_full/00003436_person266_bacteria_1249.nrrd,0,0,8.362461e-11,good,0.9999998807907104,True,True,/head/NFS/mkuyokwa/lungcxr/classification-pipeline/gradcam/overlays/00003436_person266_bacteria_1249_gradcam.png,25042.73828125,20882.4921875,0.5452936877102974,1,244,mask_bbox_midline
/head/NFS/mkuyokwa/lungcxr/lung_cxr_segmentation/normal_dataset/img/00006863_covid-19-pneumonia-2.png,/head/NFS/mkuyokwa/lungcxr/lung_cxr_segmentation/normal-results/segments/normal_full/00006863_covid-19-pneumonia-2.nrrd,0,0,2.4623281e-05,good,0.9998352527618408,True,True,/head/NFS/mkuyokwa/lungcxr/classification-pipeline/gradcam/overlays/00006863_covid-19-pneumonia-2_gradcam.png,15226.8798828125,11216.779296875,0.575823481135656,1,217,mask_bbox_midline
/head/NFS/mkuyokwa/lungcxr/lung_cxr_segmentation/normal_dataset/img/00002133_person840_bacteria_2758.png,/head/NFS/mkuyokwa/lungcxr/lung_cxr_segmentation/normal-results/segments/normal_full/00002133_person840_bacteria_2758.nrrd,0,0,2.3587327e-10,good,0.9999998807907104,True,True,/head/NFS/mkuyokwa/lungcxr/classification-pipeline/gradcam/overlays/00002133_person840_bacteria_2758_gradcam.png,20274.572265625,16352.1572265625,0.5535457996584046,1,236,mask_bbox_midline
/head/NFS/mkuyokwa/lungcxr/lung_cxr_segmentation/normal_dataset/img/00001173_person1490_virus_2596.png,/head/NFS/mkuyokwa/lungcxr/lung_cxr_segmentation/normal-results/segments/normal_full/00001173_person1490_virus_2596.nrrd,0,0,2.0086968e-09,good,0.9999997615814209,True,True,/head/NFS/mkuyokwa/lungcxr/classification-pipeline/gradcam/overlays/00001173_person1490_virus_2596_gradcam.png,23525.89453125,18973.345703125,0.5535603554677517,1,270,mask_bbox_midline
/head/NFS/mkuyokwa/lungcxr/lung_cxr_segmentation/normal_dataset/img/00004399_person1114_bacteria_3055.png,/head/NFS/mkuyokwa/lungcxr/lung_cxr_segmentation/normal-results/segments/normal_full/00004399_person1114_bacteria_3055.nrrd,0,0,2.9346294e-09,good,1.0,True,True,/head/NFS/mkuyokwa/lungcxr/classification-pipeline/gradcam/overlays/00004399_person1114_bacteria_3055_gradcam.png,21283.41796875,21303.9140625,0.49975936396138926,0,261,mask_bbox_midline
/head/NFS/mkuyokwa/lungcxr/lung_cxr_segmentation/normal_dataset/img/00002074_person761_bacteria_2665.png,/head/NFS/mkuyokwa/lungcxr/lung_cxr_segmentation/normal-results/segments/normal_full/00002074_person761_bacteria_2665.nrrd,0,0,5.80358e-10,good,1.0,True,True,/head/NFS/mkuyokwa/lungcxr/classification-pipeline/gradcam/overlays/00002074_person761_bacteria_2665_gradcam.png,24054.79296875,20151.87890625,0.5441439481526226,1,265,mask_bbox_midline
/head/NFS/mkuyokwa/lungcxr/lung_cxr_segmentation/normal_dataset/img/00001244_person1409_virus_2413.png,/head/NFS/mkuyokwa/lungcxr/lung_cxr_segmentation/normal-results/segments/normal_full/00001244_person1409_virus_2413.nrrd,0,0,2.3378883e-09,good,0.9999997615814209,True,True,/head/NFS/mkuyokwa/lungcxr/classification-pipeline/gradcam/overlays/00001244_person1409_virus_2413_gradcam.png,26034.740234375,22233.9140625,0.5393715779654652,1,245,mask_bbox_midline
/head/NFS/mkuyokwa/lungcxr/lung_cxr_segmentation/normal_dataset/img/00001156_person1480_virus_2566.png,/head/NFS/mkuyokwa/lungcxr/lung_cxr_segmentation/normal-results/segments/normal_full/00001156_person1480_virus_2566.nrrd,0,0,5.2314126e-09,good,0.9999997615814209,True,True,/head/NFS/mkuyokwa/lungcxr/classification-pipeline/gradcam/overlays/00001156_person1480_virus_2566_gradcam.png,25218.791015625,21560.291015625,0.5391040165939553,1,261,mask_bbox_midline
/head/NFS/mkuyokwa/lungcxr/lung_cxr_segmentation/normal_dataset/img/00006895_covid-19-pneumonia-41-day-2.png,/head/NFS/mkuyokwa/lungcxr/lung_cxr_segmentation/normal-results/segments/normal_full/00006895_covid-19-pneumonia-41-day-2.nrrd,0,0,8.4196716e-07,good,0.9999454021453857,True,True,/head/NFS/mkuyokwa/lungcxr/classification-pipeline/gradcam/overlays/00006895_covid-19-pneumonia-41-day-2_gradcam.png,10684.24609375,14469.03125,0.4247655662416009,0,255,mask_bbox_midline
/head/NFS/mkuyokwa/lungcxr/lung_cxr_segmentation/normal_dataset/img/00000534_person610_virus_1177.png,/head/NFS/mkuyokwa/lungcxr/lung_cxr_segmentation/normal-results/segments/normal_full/00000534_person610_virus_1177.nrrd,0,0,9.752928e-10,good,0.9999998807907104,True,True,/head/NFS/mkuyokwa/lungcxr/classification-pipeline/gradcam/overlays/00000534_person610_virus_1177_gradcam.png,20360.8515625,14851.224609375,0.5782349062042202,1,246,mask_bbox_midline
/head/NFS/mkuyokwa/lungcxr/lung_cxr_segmentation/normal_dataset/img/00003984_person1372_bacteria_3503.png,/head/NFS/mkuyokwa/lungcxr/lung_cxr_segmentation/normal-results/segments/normal_full/00003984_person1372_bacteria_3503.nrrd,0,0,9.724331e-08,good,0.9999929666519165,True,True,/head/NFS/mkuyokwa/lungcxr/classification-pipeline/gradcam/overlays/00003984_person1372_bacteria_3503_gradcam.png,16063.603515625,13205.109375,0.5488319071512809,1,283,mask_bbox_midline
/head/NFS/mkuyokwa/lungcxr/lung_cxr_segmentation/normal_dataset/img/00001075_person1541_virus_2681.png,/head/NFS/mkuyokwa/lungcxr/lung_cxr_segmentation/normal-results/segments/normal_full/00001075_person1541_virus_2681.nrrd,0,0,5.9764216e-09,good,0.9999995231628418,True,True,/head/NFS/mkuyokwa/lungcxr/classification-pipeline/gradcam/overlays/00001075_person1541_virus_2681_gradcam.png,21086.90625,18867.625,0.5277725852433821,1,254,mask_bbox_midline
/head/NFS/mkuyokwa/lungcxr/lung_cxr_segmentation/normal_dataset/img/00004290_person1241_bacteria_3197.png,/head/NFS/mkuyokwa/lungcxr/lung_cxr_segmentation/normal-results/segments/normal_full/00004290_person1241_bacteria_3197.nrrd,0,0,2.0887529e-10,good,0.9999998807907104,True,True,/head/NFS/mkuyokwa/lungcxr/classification-pipeline/gradcam/overlays/00004290_person1241_bacteria_3197_gradcam.png,23964.08984375,19316.689453125,0.5536889638556087,1,248,mask_bbox_midline
/head/NFS/mkuyokwa/lungcxr/lung_cxr_segmentation/normal_dataset/img/00002559_person593_bacteria_2435.png,/head/NFS/mkuyokwa/lungcxr/lung_cxr_segmentation/normal-results/segments/normal_full/00002559_person593_bacteria_2435.nrrd,0,0,1.5028433e-10,good,1.0,True,True,/head/NFS/mkuyokwa/lungcxr/classification-pipeline/gradcam/overlays/00002559_person593_bacteria_2435_gradcam.png,21692.224609375,15557.533203125,0.5823453864737795,1,264,mask_bbox_midline
/head/NFS/mkuyokwa/lungcxr/lung_cxr_segmentation/normal_dataset/img/00000711_person467_virus_961.png,/head/NFS/mkuyokwa/lungcxr/lung_cxr_segmentation/normal-results/segments/normal_full/00000711_person467_virus_961.nrrd,0,0,1.950394e-08,good,0.9999972581863403,True,True,/head/NFS/mkuyokwa/lungcxr/classification-pipeline/gradcam/overlays/00000711_person467_virus_961_gradcam.png,16371.541015625,12024.263671875,0.5765478807801439,1,257,mask_bbox_midline
/head/NFS/mkuyokwa/lungcxr/lung_cxr_segmentation/normal_dataset/img/00000814_person431_virus_880.png,/head/NFS/mkuyokwa/lungcxr/lung_cxr_segmentation/normal-results/segments/normal_full/00000814_person431_virus_880.nrrd,0,0,1.2892959e-09,good,0.9999998807907104,True,True,/head/NFS/mkuyokwa/lungcxr/classification-pipeline/gradcam/overlays/00000814_person431_virus_880_gradcam.png,23700.759765625,18448.849609375,0.5623008164740554,1,266,mask_bbox_midline
/head/NFS/mkuyokwa/lungcxr/lung_cxr_segmentation/normal_dataset/img/00007078_streptococcus-pneumoniae-pneumonia-temporal-evolution-1-day1.png,/head/NFS/mkuyokwa/lungcxr/lung_cxr_segmentation/normal-results/segments/normal_full/00007078_streptococcus-pneumoniae-pneumonia-temporal-evolution-1-day1.nrrd,0,0,2.5520484e-07,good,0.9999761581420898,True,True,/head/NFS/mkuyokwa/lungcxr/classification-pipeline/gradcam/overlays/00007078_streptococcus-pneumoniae-pneumonia-temporal-evolution-1-day1_gradcam.png,14057.53125,15580.1865234375,0.4743122043829879,0,262,mask_bbox_midline
/head/NFS/mkuyokwa/lungcxr/lung_cxr_segmentation/normal_dataset/img/00004528_NORMAL2-IM-1271-0001.png,/head/NFS/mkuyokwa/lungcxr/lung_cxr_segmentation/normal-results/segments/normal_full/00004528_NORMAL2-IM-1271-0001.nrrd,0,0,8.425565e-09,good,0.9999946355819702,True,True,/head/NFS/mkuyokwa/lungcxr/classification-pipeline/gradcam/overlays/00004528_NORMAL2-IM-1271-0001_gradcam.png,20604.8046875,11490.619140625,0.6419857484307202,1,254,mask_bbox_midline
/head/NFS/mkuyokwa/lungcxr/lung_cxr_segmentation/normal_dataset/img/00000903_person361_virus_740.png,/head/NFS/mkuyokwa/lungcxr/lung_cxr_segmentation/normal-results/segments/normal_full/00000903_person361_virus_740.nrrd,0,0,1.7796348e-08,good,0.9999991655349731,True,True,/head/NFS/mkuyokwa/lungcxr/classification-pipeline/gradcam/overlays/00000903_person361_virus_740_gradcam.png,18601.578125,11072.67578125,0.6268591683473508,1,251,mask_bbox_midline
/head/NFS/mkuyokwa/lungcxr/lung_cxr_segmentation/normal_dataset/img/00006662_11547_2020_1203_Fig1_HTML-b.png,/head/NFS/mkuyokwa/lungcxr/lung_cxr_segmentation/normal-results/segments/normal_full/00006662_11547_2020_1203_Fig1_HTML-b.nrrd,0,0,1.13717576e-07,good,0.9999905824661255,True,True,/head/NFS/mkuyokwa/lungcxr/classification-pipeline/gradcam/overlays/00006662_11547_2020_1203_Fig1_HTML-b_gradcam.png,19321.08203125,18347.6875,0.5129204450180205,1,260,mask_bbox_midline
/head/NFS/mkuyokwa/lungcxr/lung_cxr_segmentation/normal_dataset/img/00006172_person124_bacteria_589.png,/head/NFS/mkuyokwa/lungcxr/lung_cxr_segmentation/normal-results/segments/normal_full/00006172_person124_bacteria_589.nrrd,0,0,4.389228e-10,good,1.0,True,True,/head/NFS/mkuyokwa/lungcxr/classification-pipeline/gradcam/overlays/00006172_person124_bacteria_589_gradcam.png,21975.4140625,19328.17578125,0.53204610411909,1,250,mask_bbox_midline
/head/NFS/mkuyokwa/lungcxr/lung_cxr_segmentation/normal_dataset/img/00000472_person799_virus_1431.png,/head/NFS/mkuyokwa/lungcxr/lung_cxr_segmentation/normal-results/segments/normal_full/00000472_person799_virus_1431.nrrd,0,0,4.283254e-09,good,0.9999996423721313,True,True,/head/NFS/mkuyokwa/lungcxr/classification-pipeline/gradcam/overlays/00000472_person799_virus_1431_gradcam.png,19935.87109375,13611.19140625,0.5942657749467632,1,259,mask_bbox_midline
/head/NFS/mkuyokwa/lungcxr/lung_cxr_segmentation/normal_dataset/img/00005020_NORMAL2-IM-0649-0001.png,/head/NFS/mkuyokwa/lungcxr/lung_cxr_segmentation/normal-results/segments/normal_full/00005020_NORMAL2-IM-0649-0001.nrrd,0,0,8.154225e-10,good,0.9999995231628418,True,True,/head/NFS/mkuyokwa/lungcxr/classification-pipeline/gradcam/overlays/00005020_NORMAL2-IM-0649-0001_gradcam.png,18688.6015625,16655.0078125,0.5287689031477136,1,259,mask_bbox_midline
/head/NFS/mkuyokwa/lungcxr/lung_cxr_segmentation/normal_dataset/img/00002542_person585_bacteria_2412.png,/head/NFS/mkuyokwa/lungcxr/lung_cxr_segmentation/normal-results/segments/normal_full/00002542_person585_bacteria_2412.nrrd,0,0,1.4137146e-10,good,1.0,True,True,/head/NFS/mkuyokwa/lungcxr/classification-pipeline/gradcam/overlays/00002542_person585_bacteria_2412_gradcam.png,20704.27734375,17802.400390625,0.5376801781387451,1,239,mask_bbox_midline
/head/NFS/mkuyokwa/lungcxr/lung_cxr_segmentation/normal_dataset/img/00001233_person1395_virus_2398.png,/head/NFS/mkuyokwa/lungcxr/lung_cxr_segmentation/normal-results/segments/normal_full/00001233_person1395_virus_2398.nrrd,0,0,1.7510076e-09,good,0.9999997615814209,True,True,/head/NFS/mkuyokwa/lungcxr/classification-pipeline/gradcam/overlays/00001233_person1395_virus_2398_gradcam.png,21690.08203125,22476.33203125,0.4910990056959642,0,251,mask_bbox_midline
/head/NFS/mkuyokwa/lungcxr/lung_cxr_segmentation/normal_dataset/img/00006613_67d668e570c242404ba82c7cbe2ca8f2-0015-0.png,/head/NFS/mkuyokwa/lungcxr/lung_cxr_segmentation/normal-results/segments/normal_full/00006613_67d668e570c242404ba82c7cbe2ca8f2-0015-0.nrrd,0,0,2.7915041e-08,good,0.9999997615814209,True,True,/head/NFS/mkuyokwa/lungcxr/classification-pipeline/gradcam/overlays/00006613_67d668e570c242404ba82c7cbe2ca8f2-0015-0_gradcam.png,25855.7890625,23245.55859375,0.5265800287908976,1,273,mask_bbox_midline
/head/NFS/mkuyokwa/lungcxr/lung_cxr_segmentation/normal_dataset/img/00004032_person1411_bacteria_3599.png,/head/NFS/mkuyokwa/lungcxr/lung_cxr_segmentation/normal-results/segments/normal_full/00004032_person1411_bacteria_3599.nrrd,0,0,5.322948e-08,good,0.9999414682388306,True,True,/head/NFS/mkuyokwa/lungcxr/classification-pipeline/gradcam/overlays/00004032_person1411_bacteria_3599_gradcam.png,15934.970703125,10583.7900390625,0.6008942445705909,1,245,mask_bbox_midline
/head/NFS/mkuyokwa/lungcxr/lung_cxr_segmentation/normal_dataset/img/00007062_ryct.2020200034.fig5-day0.png,/head/NFS/mkuyokwa/lungcxr/lung_cxr_segmentation/normal-results/segments/normal_full/00007062_ryct.2020200034.fig5-day0.nrrd,0,0,9.1299206e-08,good,0.9999872446060181,True,True,/head/NFS/mkuyokwa/lungcxr/classification-pipeline/gradcam/overlays/00007062_ryct.2020200034.fig5-day0_gradcam.png,19094.69921875,18034.09375,0.5142827895003572,1,247,mask_bbox_midline
/head/NFS/mkuyokwa/lungcxr/lung_cxr_segmentation/normal_dataset/img/00002324_person688_bacteria_2584.png,/head/NFS/mkuyokwa/lungcxr/lung_cxr_segmentation/normal-results/segments/normal_full/00002324_person688_bacteria_2584.nrrd,0,0,4.915564e-09,good,0.9999998807907104,True,True,/head/NFS/mkuyokwa/lungcxr/classification-pipeline/gradcam/overlays/00002324_person688_bacteria_2584_gradcam.png,23817.369140625,22669.9375,0.512341343514428,1,252,mask_bbox_midline
/head/NFS/mkuyokwa/lungcxr/lung_cxr_segmentation/normal_dataset/img/00004141_person1312_bacteria_3316.png,/head/NFS/mkuyokwa/lungcxr/lung_cxr_segmentation/normal-results/segments/normal_full/00004141_person1312_bacteria_3316.nrrd,0,0,4.588377e-09,good,0.9999947547912598,True,True,/head/NFS/mkuyokwa/lungcxr/classification-pipeline/gradcam/overlays/00004141_person1312_bacteria_3316_gradcam.png,16738.498046875,11240.41015625,0.598254153641544,1,257,mask_bbox_midline
/head/NFS/mkuyokwa/lungcxr/lung_cxr_segmentation/normal_dataset/img/00006050_person80_bacteria_391.png,/head/NFS/mkuyokwa/lungcxr/lung_cxr_segmentation/normal-results/segments/normal_full/00006050_person80_bacteria_391.nrrd,0,0,1.5516144e-09,good,1.0,True,True,/head/NFS/mkuyokwa/lungcxr/classification-pipeline/gradcam/overlays/00006050_person80_bacteria_391_gradcam.png,25342.662109375,21990.203125,0.5354136493509832,1,254,mask_bbox_midline
/head/NFS/mkuyokwa/lungcxr/lung_cxr_segmentation/normal_dataset/img/00001609_person1145_virus_1906.png,/head/NFS/mkuyokwa/lungcxr/lung_cxr_segmentation/normal-results/segments/normal_full/00001609_person1145_virus_1906.nrrd,0,0,7.879087e-09,good,0.9999991655349731,True,True,/head/NFS/mkuyokwa/lungcxr/classification-pipeline/gradcam/overlays/00001609_person1145_virus_1906_gradcam.png,13593.98828125,15605.3828125,0.4655575710039774,0,239,mask_bbox_midline
/head/NFS/mkuyokwa/lungcxr/lung_cxr_segmentation/normal_dataset/img/00003544_person1601_bacteria_4212.png,/head/NFS/mkuyokwa/lungcxr/lung_cxr_segmentation/normal-results/segments/normal_full/00003544_person1601_bacteria_4212.nrrd,0,0,8.367068e-08,good,0.9999868869781494,True,True,/head/NFS/mkuyokwa/lungcxr/classification-pipeline/gradcam/overlays/00003544_person1601_bacteria_4212_gradcam.png,15237.7734375,13801.6357421875,0.5247273917734706,1,238,mask_bbox_midline
/head/NFS/mkuyokwa/lungcxr/lung_cxr_segmentation/normal_dataset/img/00001439_person1213_virus_2058.png,/head/NFS/mkuyokwa/lungcxr/lung_cxr_segmentation/normal-results/segments/normal_full/00001439_person1213_virus_2058.nrrd,0,0,1.4184751e-08,good,0.9999960660934448,True,True,/head/NFS/mkuyokwa/lungcxr/classification-pipeline/gradcam/overlays/00001439_person1213_virus_2058_gradcam.png,22475.1484375,16499.2734375,0.5766640621272846,1,243,mask_bbox_midline
/head/NFS/mkuyokwa/lungcxr/lung_cxr_segmentation/normal_dataset/img/00002081_person769_bacteria_2673.png,/head/NFS/mkuyokwa/lungcxr/lung_cxr_segmentation/normal-results/segments/normal_full/00002081_person769_bacteria_2673.nrrd,0,0,1.7013027e-09,good,0.9999998807907104,True,True,/head/NFS/mkuyokwa/lungcxr/classification-pipeline/gradcam/overlays/00002081_person769_bacteria_2673_gradcam.png,23383.216796875,20106.041015625,0.5376779916017336,1,253,mask_bbox_midline
/head/NFS/mkuyokwa/lungcxr/lung_cxr_segmentation/normal_dataset/img/00000769_person521_virus_1040.png,/head/NFS/mkuyokwa/lungcxr/lung_cxr_segmentation/normal-results/segments/normal_full/00000769_person521_virus_1040.nrrd,0,0,6.2681718e-09,good,0.9999998807907104,True,True,/head/NFS/mkuyokwa/lungcxr/classification-pipeline/gradcam/overlays/00000769_person521_virus_1040_gradcam.png,24390.6484375,22629.89453125,0.518723240897284,1,252,mask_bbox_midline
/head/NFS/mkuyokwa/lungcxr/lung_cxr_segmentation/normal_dataset/img/00000436_person752_virus_1377.png,/head/NFS/mkuyokwa/lungcxr/lung_cxr_segmentation/normal-results/segments/normal_full/00000436_person752_virus_1377.nrrd,0,0,7.3309496e-07,good,0.9999967813491821,True,True,/head/NFS/mkuyokwa/lungcxr/classification-pipeline/gradcam/overlays/00000436_person752_virus_1377_gradcam.png,21116.78515625,16734.28515625,0.5578913616420605,1,252,mask_bbox_midline
/head/NFS/mkuyokwa/lungcxr/lung_cxr_segmentation/normal_dataset/img/00001542_person1068_virus_1771.png,/head/NFS/mkuyokwa/lungcxr/lung_cxr_segmentation/normal-results/segments/normal_full/00001542_person1068_virus_1771.nrrd,0,0,8.287444e-09,good,0.9999996423721313,True,True,/head/NFS/mkuyokwa/lungcxr/classification-pipeline/gradcam/overlays/00001542_person1068_virus_1771_gradcam.png,25250.314453125,23789.98828125,0.514889041160541,1,263,mask_bbox_midline
/head/NFS/mkuyokwa/lungcxr/lung_cxr_segmentation/normal_dataset/img/00002159_person876_bacteria_2799.png,/head/NFS/mkuyokwa/lungcxr/lung_cxr_segmentation/normal-results/segments/normal_full/00002159_person876_bacteria_2799.nrrd,0,0,4.5295895e-08,good,0.9999988079071045,True,True,/head/NFS/mkuyokwa/lungcxr/classification-pipeline/gradcam/overlays/00002159_person876_bacteria_2799_gradcam.png,16042.423828125,17025.650390625,0.4851332956979016,0,248,mask_bbox_midline
/head/NFS/mkuyokwa/lungcxr/lung_cxr_segmentation/normal_dataset/img/00006410_person1662_virus_2875.png,/head/NFS/mkuyokwa/lungcxr/lung_cxr_segmentation/normal-results/segments/normal_full/00006410_person1662_virus_2875.nrrd,0,0,4.2312115e-10,good,1.0,True,True,/head/NFS/mkuyokwa/lungcxr/classification-pipeline/gradcam/overlays/00006410_person1662_virus_2875_gradcam.png,24796.45703125,16939.03515625,0.5941335714899433,1,260,mask_bbox_midline
/head/NFS/mkuyokwa/lungcxr/lung_cxr_segmentation/normal_dataset/img/00006110_person101_bacteria_484.png,/head/NFS/mkuyokwa/lungcxr/lung_cxr_segmentation/normal-results/segments/normal_full/00006110_person101_bacteria_484.nrrd,0,0,3.4385437e-08,good,0.9999991655349731,True,True,/head/NFS/mkuyokwa/lungcxr/classification-pipeline/gradcam/overlays/00006110_person101_bacteria_484_gradcam.png,19862.41015625,13397.267578125,0.5971919005012345,1,255,mask_bbox_midline
/head/NFS/mkuyokwa/lungcxr/lung_cxr_segmentation/normal_dataset/img/00006871_covid-19-pneumonia-15-PA.png,/head/NFS/mkuyokwa/lungcxr/lung_cxr_segmentation/normal-results/segments/normal_full/00006871_covid-19-pneumonia-15-PA.nrrd,0,0,1.9971312e-05,good,0.9999679327011108,True,True,/head/NFS/mkuyokwa/lungcxr/classification-pipeline/gradcam/overlays/00006871_covid-19-pneumonia-15-PA_gradcam.png,17567.39453125,14610.958984375,0.5459382663168181,1,268,mask_bbox_midline
/head/NFS/mkuyokwa/lungcxr/lung_cxr_segmentation/normal_dataset/img/00006685_16654_1_1.png,/head/NFS/mkuyokwa/lungcxr/lung_cxr_segmentation/normal-results/segments/normal_full/00006685_16654_1_1.nrrd,0,0,5.595025e-08,good,0.9999988079071045,True,True,/head/NFS/mkuyokwa/lungcxr/classification-pipeline/gradcam/overlays/00006685_16654_1_1_gradcam.png,20925.328125,18051.5234375,0.5368655313640689,1,256,mask_bbox_midline
/head/NFS/mkuyokwa/lungcxr/lung_cxr_segmentation/normal_dataset/img/00005929_NORMAL2-IM-0222-0001.png,/head/NFS/mkuyokwa/lungcxr/lung_cxr_segmentation/normal-results/segments/normal_full/00005929_NORMAL2-IM-0222-0001.nrrd,0,0,8.4210345e-09,good,0.9999977350234985,True,True,/head/NFS/mkuyokwa/lungcxr/classification-pipeline/gradcam/overlays/00005929_NORMAL2-IM-0222-0001_gradcam.png,17228.3984375,13956.4326171875,0.5524608553205659,1,256,mask_bbox_midline
/head/NFS/mkuyokwa/lungcxr/lung_cxr_segmentation/normal_dataset/img/00006970_figure1-5e71be566aa8714a04de3386-98-left.png,/head/NFS/mkuyokwa/lungcxr/lung_cxr_segmentation/normal-results/segments/normal_full/00006970_figure1-5e71be566aa8714a04de3386-98-left.nrrd,0,0,7.76019e-07,good,0.9996951818466187,True,True,/head/NFS/mkuyokwa/lungcxr/classification-pipeline/gradcam/overlays/00006970_figure1-5e71be566aa8714a04de3386-98-left_gradcam.png,17648.7578125,15408.7666015625,0.5338802020211867,1,240,mask_bbox_midline
/head/NFS/mkuyokwa/lungcxr/lung_cxr_segmentation/normal_dataset/img/00003867_person1445_bacteria_3735.png,/head/NFS/mkuyokwa/lungcxr/lung_cxr_segmentation/normal-results/segments/normal_full/00003867_person1445_bacteria_3735.nrrd,0,0,5.769151e-07,good,0.9999805688858032,True,True,/head/NFS/mkuyokwa/lungcxr/classification-pipeline/gradcam/overlays/00003867_person1445_bacteria_3735_gradcam.png,13110.7939453125,21412.56640625,0.37976586901741494,0,262,mask_bbox_midline
/head/NFS/mkuyokwa/lungcxr/lung_cxr_segmentation/normal_dataset/img/00000610_person706_virus_1304.png,/head/NFS/mkuyokwa/lungcxr/lung_cxr_segmentation/normal-results/segments/normal_full/00000610_person706_virus_1304.nrrd,0,0,1.128153e-09,good,0.9999988079071045,True,True,/head/NFS/mkuyokwa/lungcxr/classification-pipeline/gradcam/overlays/00000610_person706_virus_1304_gradcam.png,16383.0185546875,13124.15234375,0.5552215971865684,1,258,mask_bbox_midline
/head/NFS/mkuyokwa/lungcxr/lung_cxr_segmentation/normal_dataset/img/00006786_all14238-fig-0002-m-d.png,/head/NFS/mkuyokwa/lungcxr/lung_cxr_segmentation/normal-results/segments/normal_full/00006786_all14238-fig-0002-m-d.nrrd,0,0,9.652979e-07,good,0.9999358654022217,True,True,/head/NFS/mkuyokwa/lungcxr/classification-pipeline/gradcam/overlays/00006786_all14238-fig-0002-m-d_gradcam.png,10364.328125,10688.0751953125,0.49231092371292046,0,293,mask_bbox_midline
/head/NFS/mkuyokwa/lungcxr/lung_cxr_segmentation/normal_dataset/img/00001478_person1260_virus_2140.png,/head/NFS/mkuyokwa/lungcxr/lung_cxr_segmentation/normal-results/segments/normal_full/00001478_person1260_virus_2140.nrrd,0,0,2.7315709e-08,good,0.9999986886978149,True,True,/head/NFS/mkuyokwa/lungcxr/classification-pipeline/gradcam/overlays/00001478_person1260_virus_2140_gradcam.png,19662.490234375,17157.02734375,0.5340235703157818,1,241,mask_bbox_midline
/head/NFS/mkuyokwa/lungcxr/lung_cxr_segmentation/normal_dataset/img/00001599_person1138_virus_1879.png,/head/NFS/mkuyokwa/lungcxr/lung_cxr_segmentation/normal-results/segments/normal_full/00001599_person1138_virus_1879.nrrd,0,0,1.2302077e-09,good,0.9999998807907104,True,True,/head/NFS/mkuyokwa/lungcxr/classification-pipeline/gradcam/overlays/00001599_person1138_virus_1879_gradcam.png,21076.546875,18523.10546875,0.5322407048436248,1,239,mask_bbox_midline
/head/NFS/mkuyokwa/lungcxr/lung_cxr_segmentation/normal_dataset/img/00002232_person605_bacteria_2464.png,/head/NFS/mkuyokwa/lungcxr/lung_cxr_segmentation/normal-results/segments/normal_full/00002232_person605_bacteria_2464.nrrd,0,0,1.2177245e-10,good,1.0,True,True,/head/NFS/mkuyokwa/lungcxr/classification-pipeline/gradcam/overlays/00002232_person605_bacteria_2464_gradcam.png,23484.3359375,25211.59375,0.48226486460383383,0,256,mask_bbox_midline
/head/NFS/mkuyokwa/lungcxr/lung_cxr_segmentation/normal_dataset/img/00001405_person1176_virus_1997.png,/head/NFS/mkuyokwa/lungcxr/lung_cxr_segmentation/normal-results/segments/normal_full/00001405_person1176_virus_1997.nrrd,0,0,3.4725973e-09,good,0.9999992847442627,True,True,/head/NFS/mkuyokwa/lungcxr/classification-pipeline/gradcam/overlays/00001405_person1176_virus_1997_gradcam.png,24887.31640625,14701.23828125,0.6286492801442968,1,245,mask_bbox_midline
/head/NFS/mkuyokwa/lungcxr/lung_cxr_segmentation/normal_dataset/img/00004555_NORMAL2-IM-1227-0001.png,/head/NFS/mkuyokwa/lungcxr/lung_cxr_segmentation/normal-results/segments/normal_full/00004555_NORMAL2-IM-1227-0001.nrrd,0,0,1.4473903e-08,good,0.9999986886978149,True,True,/head/NFS/mkuyokwa/lungcxr/classification-pipeline/gradcam/overlays/00004555_NORMAL2-IM-1227-0001_gradcam.png,17373.716796875,16717.390625,0.5096260611858836,1,259,mask_bbox_midline
/head/NFS/mkuyokwa/lungcxr/lung_cxr_segmentation/normal_dataset/img/00002103_person805_bacteria_2712.png,/head/NFS/mkuyokwa/lungcxr/lung_cxr_segmentation/normal-results/segments/normal_full/00002103_person805_bacteria_2712.nrrd,0,0,1.0937563e-09,good,0.9999998807907104,True,True,/head/NFS/mkuyokwa/lungcxr/classification-pipeline/gradcam/overlays/00002103_person805_bacteria_2712_gradcam.png,24882.08984375,17597.40234375,0.5857435803121911,1,262,mask_bbox_midline
/head/NFS/mkuyokwa/lungcxr/lung_cxr_segmentation/normal_dataset/img/00000545_person621_virus_1194.png,/head/NFS/mkuyokwa/lungcxr/lung_cxr_segmentation/normal-results/segments/normal_full/00000545_person621_virus_1194.nrrd,0,0,3.5560146e-07,good,0.9999712705612183,True,True,/head/NFS/mkuyokwa/lungcxr/classification-pipeline/gradcam/overlays/00000545_person621_virus_1194_gradcam.png,16306.1826171875,12934.4072265625,0.5576557348644883,1,256,mask_bbox_midline
/head/NFS/mkuyokwa/lungcxr/lung_cxr_segmentation/normal_dataset/img/00001217_person1368_virus_2354.png,/head/NFS/mkuyokwa/lungcxr/lung_cxr_segmentation/normal-results/segments/normal_full/00001217_person1368_virus_2354.nrrd,0,0,6.619877e-09,good,0.9999982118606567,True,True,/head/NFS/mkuyokwa/lungcxr/classification-pipeline/gradcam/overlays/00001217_person1368_virus_2354_gradcam.png,21348.5703125,17294.703125,0.5524524299689123,1,255,mask_bbox_midline
/head/NFS/mkuyokwa/lungcxr/lung_cxr_segmentation/normal_dataset/img/00000705_person463_virus_952.png,/head/NFS/mkuyokwa/lungcxr/lung_cxr_segmentation/normal-results/segments/normal_full/00000705_person463_virus_952.nrrd,0,0,1.969779e-07,good,0.9999995231628418,True,True,/head/NFS/mkuyokwa/lungcxr/classification-pipeline/gradcam/overlays/00000705_person463_virus_952_gradcam.png,17946.98046875,19858.53125,0.4747186231009016,0,243,mask_bbox_midline
/head/NFS/mkuyokwa/lungcxr/lung_cxr_segmentation/normal_dataset/img/00003128_person392_bacteria_1785.png,/head/NFS/mkuyokwa/lungcxr/lung_cxr_segmentation/normal-results/segments/normal_full/00003128_person392_bacteria_1785.nrrd,0,0,1.763627e-09,good,0.9999998807907104,True,True,/head/NFS/mkuyokwa/lungcxr/classification-pipeline/gradcam/overlays/00003128_person392_bacteria_1785_gradcam.png,23728.693359375,24239.0390625,0.49468032281955165,0,259,mask_bbox_midline
/head/NFS/mkuyokwa/lungcxr/lung_cxr_segmentation/normal_dataset/img/00000770_person522_virus_1041.png,/head/NFS/mkuyokwa/lungcxr/lung_cxr_segmentation/normal-results/segments/normal_full/00000770_person522_virus_1041.nrrd,0,0,1.4193411e-08,good,0.9999998807907104,True,True,/head/NFS/mkuyokwa/lungcxr/classification-pipeline/gradcam/overlays/00000770_person522_virus_1041_gradcam.png,21066.40234375,24108.73046875,0.46632740253772775,0,262,mask_bbox_midline
/head/NFS/mkuyokwa/lungcxr/lung_cxr_segmentation/normal_dataset/img/00006564_7E335538-2F86-424E-A0AB-6397783A38D0.png,/head/NFS/mkuyokwa/lungcxr/lung_cxr_segmentation/normal-results/segments/normal_full/00006564_7E335538-2F86-424E-A0AB-6397783A38D0.nrrd,0,0,1.6921973e-07,good,0.9999916553497314,True,True,/head/NFS/mkuyokwa/lungcxr/classification-pipeline/gradcam/overlays/00006564_7E335538-2F86-424E-A0AB-6397783A38D0_gradcam.png,19300.376953125,14155.080078125,0.5768977220994753,1,280,mask_bbox_midline
/head/NFS/mkuyokwa/lungcxr/lung_cxr_segmentation/normal_dataset/img/00006056_person81_bacteria_398.png,/head/NFS/mkuyokwa/lungcxr/lung_cxr_segmentation/normal-results/segments/normal_full/00006056_person81_bacteria_398.nrrd,0,0,3.4453302e-09,good,0.9999991655349731,True,True,/head/NFS/mkuyokwa/lungcxr/classification-pipeline/gradcam/overlays/00006056_person81_bacteria_398_gradcam.png,19174.30859375,19067.48828125,0.5013966434795044,1,239,mask_bbox_midline
/head/NFS/mkuyokwa/lungcxr/lung_cxr_segmentation/normal_dataset/img/00001181_person1499_virus_2609.png,/head/NFS/mkuyokwa/lungcxr/lung_cxr_segmentation/normal-results/segments/normal_full/00001181_person1499_virus_2609.nrrd,0,0,9.099246e-10,good,0.9999998807907104,True,True,/head/NFS/mkuyokwa/lungcxr/classification-pipeline/gradcam/overlays/00001181_person1499_virus_2609_gradcam.png,23276.23828125,20915.306640625,0.5267124813671804,1,253,mask_bbox_midline
/head/NFS/mkuyokwa/lungcxr/lung_cxr_segmentation/normal_dataset/img/00001093_person1580_virus_2739.png,/head/NFS/mkuyokwa/lungcxr/lung_cxr_segmentation/normal-results/segments/normal_full/00001093_person1580_virus_2739.nrrd,0,0,1.0268757e-09,good,0.9999991655349731,True,True,/head/NFS/mkuyokwa/lungcxr/classification-pipeline/gradcam/overlays/00001093_person1580_virus_2739_gradcam.png,24477.9296875,15288.041015625,0.615549658531947,1,251,mask_bbox_midline
/head/NFS/mkuyokwa/lungcxr/lung_cxr_segmentation/normal_dataset/img/00002215_person69_bacteria_338.png,/head/NFS/mkuyokwa/lungcxr/lung_cxr_segmentation/normal-results/segments/normal_full/00002215_person69_bacteria_338.nrrd,0,0,6.505065e-08,good,0.9999997615814209,True,True,/head/NFS/mkuyokwa/lungcxr/classification-pipeline/gradcam/overlays/00002215_person69_bacteria_338_gradcam.png,26526.796875,31518.22265625,0.4570038409706905,0,254,mask_bbox_midline
/head/NFS/mkuyokwa/lungcxr/lung_cxr_segmentation/normal_dataset/img/00003835_person1584_bacteria_4146.png,/head/NFS/mkuyokwa/lungcxr/lung_cxr_segmentation/normal-results/segments/normal_full/00003835_person1584_bacteria_4146.nrrd,0,0,4.0569803e-10,good,1.0,True,True,/head/NFS/mkuyokwa/lungcxr/classification-pipeline/gradcam/overlays/00003835_person1584_bacteria_4146_gradcam.png,22663.287109375,19858.58984375,0.5329794621803363,1,253,mask_bbox_midline
/head/NFS/mkuyokwa/lungcxr/lung_cxr_segmentation/normal_dataset/img/00006173_person124_bacteria_590.png,/head/NFS/mkuyokwa/lungcxr/lung_cxr_segmentation/normal-results/segments/normal_full/00006173_person124_bacteria_590.nrrd,0,0,3.4638106e-10,good,0.9999998807907104,True,True,/head/NFS/mkuyokwa/lungcxr/classification-pipeline/gradcam/overlays/00006173_person124_bacteria_590_gradcam.png,20342.583984375,18987.37890625,0.5172286595069231,1,240,mask_bbox_midline
/head/NFS/mkuyokwa/lungcxr/lung_cxr_segmentation/normal_dataset/img/00001092_person1577_virus_2735.png,/head/NFS/mkuyokwa/lungcxr/lung_cxr_segmentation/normal-results/segments/normal_full/00001092_person1577_virus_2735.nrrd,0,0,2.5878708e-09,good,0.9999998807907104,True,True,/head/NFS/mkuyokwa/lungcxr/classification-pipeline/gradcam/overlays/00001092_person1577_virus_2735_gradcam.png,24748.96875,20445.98828125,0.5476046527245806,1,260,mask_bbox_midline
/head/NFS/mkuyokwa/lungcxr/lung_cxr_segmentation/normal_dataset/img/00001616_person1152_virus_1930.png,/head/NFS/mkuyokwa/lungcxr/lung_cxr_segmentation/normal-results/segments/normal_full/00001616_person1152_virus_1930.nrrd,0,0,1.0957854e-10,good,1.0,True,True,/head/NFS/mkuyokwa/lungcxr/classification-pipeline/gradcam/overlays/00001616_person1152_virus_1930_gradcam.png,24903.97265625,22612.48046875,0.5241126182279625,1,258,mask_bbox_midline
/head/NFS/mkuyokwa/lungcxr/lung_cxr_segmentation/normal_dataset/img/00000987_person319_virus_645.png,/head/NFS/mkuyokwa/lungcxr/lung_cxr_segmentation/normal-results/segments/normal_full/00000987_person319_virus_645.nrrd,0,0,7.3251187e-09,good,0.9999995231628418,True,True,/head/NFS/mkuyokwa/lungcxr/classification-pipeline/gradcam/overlays/00000987_person319_virus_645_gradcam.png,22799.2578125,16231.181640625,0.5841404332605986,1,270,mask_bbox_midline
/head/NFS/mkuyokwa/lungcxr/lung_cxr_segmentation/normal_dataset/img/00002262_person625_bacteria_2500.png,/head/NFS/mkuyokwa/lungcxr/lung_cxr_segmentation/normal-results/segments/normal_full/00002262_person625_bacteria_2500.nrrd,0,0,1.3300145e-09,good,0.9999992847442627,True,True,/head/NFS/mkuyokwa/lungcxr/classification-pipeline/gradcam/overlays/00002262_person625_bacteria_2500_gradcam.png,16415.935546875,12797.654296875,0.5619280490578616,1,231,mask_bbox_midline
/head/NFS/mkuyokwa/lungcxr/lung_cxr_segmentation/normal_dataset/img/00006329_person44_virus_93.png,/head/NFS/mkuyokwa/lungcxr/lung_cxr_segmentation/normal-results/segments/normal_full/00006329_person44_virus_93.nrrd,0,0,1.4103252e-08,good,0.9999996423721313,True,True,/head/NFS/mkuyokwa/lungcxr/classification-pipeline/gradcam/overlays/00006329_person44_virus_93_gradcam.png,22863.783203125,19168.908203125,0.5439523960563063,1,246,mask_bbox_midline
/head/NFS/mkuyokwa/lungcxr/lung_cxr_segmentation/normal_dataset/img/00006178_person126_bacteria_598.png,/head/NFS/mkuyokwa/lungcxr/lung_cxr_segmentation/normal-results/segments/normal_full/00006178_person126_bacteria_598.nrrd,0,0,2.162313e-09,good,1.0,True,True,/head/NFS/mkuyokwa/lungcxr/classification-pipeline/gradcam/overlays/00006178_person126_bacteria_598_gradcam.png,27169.93359375,18751.623046875,0.5916596818870427,1,248,mask_bbox_midline
/head/NFS/mkuyokwa/lungcxr/lung_cxr_segmentation/normal_dataset/img/00001242_person1407_virus_2410.png,/head/NFS/mkuyokwa/lungcxr/lung_cxr_segmentation/normal-results/segments/normal_full/00001242_person1407_virus_2410.nrrd,0,0,6.168259e-10,good,0.9999997615814209,True,True,/head/NFS/mkuyokwa/lungcxr/classification-pipeline/gradcam/overlays/00001242_person1407_virus_2410_gradcam.png,19485.984375,18263.4765625,0.5161923876810327,1,250,mask_bbox_midline
/head/NFS/mkuyokwa/lungcxr/lung_cxr_segmentation/normal_dataset/img/00006861_covid-19-infection-exclusive-gastrointestinal-symptoms-l.png,/head/NFS/mkuyokwa/lungcxr/lung_cxr_segmentation/normal-results/segments/normal_full/00006861_covid-19-infection-exclusive-gastrointestinal-symptoms-l.nrrd,0,0,5.7124365e-05,bad,0.9981538653373718,True,True,/head/NFS/mkuyokwa/lungcxr/classification-pipeline/gradcam/overlays/00006861_covid-19-infection-exclusive-gastrointestinal-symptoms-l_gradcam.png,9530.18359375,14036.3154296875,0.4043953912828538,0,235,mask_bbox_midline
/head/NFS/mkuyokwa/lungcxr/lung_cxr_segmentation/normal_dataset/img/00006704_16689_1_5.png,/head/NFS/mkuyokwa/lungcxr/lung_cxr_segmentation/normal-results/segments/normal_full/00006704_16689_1_5.nrrd,0,0,8.962265e-09,bad,0.99998939037323,True,True,/head/NFS/mkuyokwa/lungcxr/classification-pipeline/gradcam/overlays/00006704_16689_1_5_gradcam.png,17854.3203125,17486.06640625,0.5052101001211543,1,255,mask_bbox_midline
/head/NFS/mkuyokwa/lungcxr/lung_cxr_segmentation/normal_dataset/img/00006511_000002-7.png,/head/NFS/mkuyokwa/lungcxr/lung_cxr_segmentation/normal-results/segments/normal_full/00006511_000002-7.nrrd,0,0,5.13023e-05,bad,0.999748170375824,True,True,/head/NFS/mkuyokwa/lungcxr/classification-pipeline/gradcam/overlays/00006511_000002-7_gradcam.png,19958.306640625,6101.4013671875,0.7658683909521032,1,200,mask_bbox_midline
/head/NFS/mkuyokwa/lungcxr/lung_cxr_segmentation/normal_dataset/img/00006682_16631_1_4.png,/head/NFS/mkuyokwa/lungcxr/lung_cxr_segmentation/normal-results/segments/normal_full/00006682_16631_1_4.nrrd,0,0,0.0004326843,bad,0.983994722366333,True,True,/head/NFS/mkuyokwa/lungcxr/classification-pipeline/gradcam/overlays/00006682_16631_1_4_gradcam.png,7938.9677734375,8227.9609375,0.4910622119627773,0,216,mask_bbox_midline
/head/NFS/mkuyokwa/lungcxr/lung_cxr_segmentation/normal_dataset/img/00006461_1-s2.0-S0929664620300449-gr3_lrg-a.png,/head/NFS/mkuyokwa/lungcxr/lung_cxr_segmentation/normal-results/segments/normal_full/00006461_1-s2.0-S0929664620300449-gr3_lrg-a.nrrd,0,0,0.00047201593,bad,0.9424700140953064,True,True,/head/NFS/mkuyokwa/lungcxr/classification-pipeline/gradcam/overlays/00006461_1-s2.0-S0929664620300449-gr3_lrg-a_gradcam.png,10621.3095703125,8886.37109375,0.5444680868638229,1,255,mask_bbox_midline
/head/NFS/mkuyokwa/lungcxr/lung_cxr_segmentation/normal_dataset/img/00006679_16631_1_1.png,/head/NFS/mkuyokwa/lungcxr/lung_cxr_segmentation/normal-results/segments/normal_full/00006679_16631_1_1.nrrd,0,0,0.016808005,bad,0.9390107989311218,True,True,/head/NFS/mkuyokwa/lungcxr/classification-pipeline/gradcam/overlays/00006679_16631_1_1_gradcam.png,1516.7996826171875,1638.400634765625,0.48073007417651004,0,187,mask_bbox_midline
/head/NFS/mkuyokwa/lungcxr/lung_cxr_segmentation/normal_dataset/img/00006717_16744_2_2.png,/head/NFS/mkuyokwa/lungcxr/lung_cxr_segmentation/normal-results/segments/normal_full/00006717_16744_2_2.nrrd,0,0,9.5019817e-07,bad,0.9999579191207886,True,True,/head/NFS/mkuyokwa/lungcxr/classification-pipeline/gradcam/overlays/00006717_16744_2_2_gradcam.png,6694.54150390625,20346.990234375,0.24756517377413004,0,249,mask_bbox_midline
/head/NFS/mkuyokwa/lungcxr/lung_cxr_segmentation/normal_dataset/img/00006891_covid-19-pneumonia-38-l.png,/head/NFS/mkuyokwa/lungcxr/lung_cxr_segmentation/normal-results/segments/normal_full/00006891_covid-19-pneumonia-38-l.nrrd,0,0,3.561571e-06,bad,0.9999332427978516,True,True,/head/NFS/mkuyokwa/lungcxr/classification-pipeline/gradcam/overlays/00006891_covid-19-pneumonia-38-l_gradcam.png,15886.6171875,4991.34375,0.7609276229157615,1,302,mask_bbox_midline
/head/NFS/mkuyokwa/lungcxr/lung_cxr_segmentation/normal_dataset/img/00006965_FC230FE2-1DDF-40EB-AA0D-21F950933289.png,/head/NFS/mkuyokwa/lungcxr/lung_cxr_segmentation/normal-results/segments/normal_full/00006965_FC230FE2-1DDF-40EB-AA0D-21F950933289.nrrd,0,0,0.00041206565,bad,0.9941319823265076,True,True,/head/NFS/mkuyokwa/lungcxr/classification-pipeline/gradcam/overlays/00006965_FC230FE2-1DDF-40EB-AA0D-21F950933289_gradcam.png,3668.67529296875,7871.5400390625,0.3179035388348346,0,272,mask_bbox_midline
/head/NFS/mkuyokwa/lungcxr/lung_cxr_segmentation/normal_dataset/img/00006627_191F3B3A-2879-4EF3-BE56-EE0D2B5AAEE3.png,/head/NFS/mkuyokwa/lungcxr/lung_cxr_segmentation/normal-results/segments/normal_full/00006627_191F3B3A-2879-4EF3-BE56-EE0D2B5AAEE3.nrrd,0,0,4.2443306e-05,bad,0.9982530474662781,True,True,/head/NFS/mkuyokwa/lungcxr/classification-pipeline/gradcam/overlays/00006627_191F3B3A-2879-4EF3-BE56-EE0D2B5AAEE3_gradcam.png,6316.162109375,8321.1845703125,0.4315100439712921,0,282,mask_bbox_midline
/head/NFS/mkuyokwa/lungcxr/lung_cxr_segmentation/TB_Positive/2.25.165744028493852355634433069060702358658.png,/head/NFS/mkuyokwa/lungcxr/lung_cxr_segmentation/tb-inference-results/segments/tb_full/2.25.165744028493852355634433069060702358658.nrrd,1,1,0.9992642,excellent,0.9999982118606567,True,True,/head/NFS/mkuyokwa/lungcxr/classification-pipeline/gradcam/overlays/2.25.165744028493852355634433069060702358658_gradcam.png,19931.353515625,20553.642578125,0.49231457178532284,0,288,mask_bbox_midline
/head/NFS/mkuyokwa/lungcxr/lung_cxr_segmentation/TB_Positive/1.2.826.0.1.3680043.2.1125.1.46117669937225579469245527675651218.png,/head/NFS/mkuyokwa/lungcxr/lung_cxr_segmentation/tb-inference-results/segments/tb_full/1.2.826.0.1.3680043.2.1125.1.46117669937225579469245527675651218.nrrd,1,1,0.99984324,excellent,0.999915599822998,True,True,/head/NFS/mkuyokwa/lungcxr/classification-pipeline/gradcam/overlays/1.2.826.0.1.3680043.2.1125.1.46117669937225579469245527675651218_gradcam.png,19975.3984375,8527.4072265625,0.7008221812593627,1,255,mask_bbox_midline
/head/NFS/mkuyokwa/lungcxr/lung_cxr_segmentation/TB_Positive/1.2.826.0.1.3680043.2.1125.1.41071342865959131440327989698231498.png,/head/NFS/mkuyokwa/lungcxr/lung_cxr_segmentation/tb-inference-results/segments/tb_full/1.2.826.0.1.3680043.2.1125.1.41071342865959131440327989698231498.nrrd,1,1,0.9949175,excellent,0.998645007610321,True,True,/head/NFS/mkuyokwa/lungcxr/classification-pipeline/gradcam/overlays/1.2.826.0.1.3680043.2.1125.1.41071342865959131440327989698231498_gradcam.png,20698.27734375,11719.6796875,0.6384818550964653,1,268,mask_bbox_midline
/head/NFS/mkuyokwa/lungcxr/lung_cxr_segmentation/TB_Positive/1.2.826.0.1.3680043.2.1125.1.24428994832302336850036178512823542.png,/head/NFS/mkuyokwa/lungcxr/lung_cxr_segmentation/tb-inference-results/segments/tb_full/1.2.826.0.1.3680043.2.1125.1.24428994832302336850036178512823542.nrrd,1,1,0.9917984,excellent,0.9848928451538086,True,True,/head/NFS/mkuyokwa/lungcxr/classification-pipeline/gradcam/overlays/1.2.826.0.1.3680043.2.1125.1.24428994832302336850036178512823542_gradcam.png,18438.033203125,13286.51171875,0.5811914165681676,1,255,mask_bbox_midline
/head/NFS/mkuyokwa/lungcxr/lung_cxr_segmentation/TB_Positive/2.25.55858426848031640930237859097853748786.png,/head/NFS/mkuyokwa/lungcxr/lung_cxr_segmentation/tb-inference-results/segments/tb_full/2.25.55858426848031640930237859097853748786.nrrd,1,0,0.15337895,excellent,0.997992992401123,False,True,/head/NFS/mkuyokwa/lungcxr/classification-pipeline/gradcam/overlays/2.25.55858426848031640930237859097853748786_gradcam.png,14294.955078125,6406.6181640625,0.6905250586942578,1,237,mask_bbox_midline
/head/NFS/mkuyokwa/lungcxr/lung_cxr_segmentation/TB_Positive/1.2.826.0.1.3680043.2.1125.1.82140130671003078148141154327889304.png,/head/NFS/mkuyokwa/lungcxr/lung_cxr_segmentation/tb-inference-results/segments/tb_full/1.2.826.0.1.3680043.2.1125.1.82140130671003078148141154327889304.nrrd,1,1,0.98886544,excellent,0.9999978542327881,True,True,/head/NFS/mkuyokwa/lungcxr/classification-pipeline/gradcam/overlays/1.2.826.0.1.3680043.2.1125.1.82140130671003078148141154327889304_gradcam.png,21347.7265625,21333.3828125,0.5001680339406595,1,257,mask_bbox_midline
/head/NFS/mkuyokwa/lungcxr/lung_cxr_segmentation/TB_Positive/2.25.126105753698335370147070239651379482788.png,/head/NFS/mkuyokwa/lungcxr/lung_cxr_segmentation/tb-inference-results/segments/tb_full/2.25.126105753698335370147070239651379482788.nrrd,1,1,0.99793977,excellent,0.9999819993972778,True,True,/head/NFS/mkuyokwa/lungcxr/classification-pipeline/gradcam/overlays/2.25.126105753698335370147070239651379482788_gradcam.png,18447.806640625,6574.2177734375,0.7372627544179536,1,261,mask_bbox_midline
/head/NFS/mkuyokwa/lungcxr/lung_cxr_segmentation/TB_Positive/2.25.84205294753022353937562762154099776516.png,/head/NFS/mkuyokwa/lungcxr/lung_cxr_segmentation/tb-inference-results/segments/tb_full/2.25.84205294753022353937562762154099776516.nrrd,1,1,0.96480876,excellent,0.9834624528884888,True,True,/head/NFS/mkuyokwa/lungcxr/classification-pipeline/gradcam/overlays/2.25.84205294753022353937562762154099776516_gradcam.png,13286.22265625,11800.419921875,0.5296134233536414,1,261,mask_bbox_midline
/head/NFS/mkuyokwa/lungcxr/lung_cxr_segmentation/TB_Positive/1.2.826.0.1.3680043.2.1125.1.38371614956171570009665165640666054.png,/head/NFS/mkuyokwa/lungcxr/lung_cxr_segmentation/tb-inference-results/segments/tb_full/1.2.826.0.1.3680043.2.1125.1.38371614956171570009665165640666054.nrrd,1,1,0.97845036,excellent,0.9996812343597412,True,True,/head/NFS/mkuyokwa/lungcxr/classification-pipeline/gradcam/overlays/1.2.826.0.1.3680043.2.1125.1.38371614956171570009665165640666054_gradcam.png,18147.279296875,7188.6083984375,0.716267750911783,1,255,mask_bbox_midline
/head/NFS/mkuyokwa/lungcxr/lung_cxr_segmentation/TB_Positive/1.2.826.0.1.3680043.2.1125.1.83160921539049931245749167247675567.png,/head/NFS/mkuyokwa/lungcxr/lung_cxr_segmentation/tb-inference-results/segments/tb_full/1.2.826.0.1.3680043.2.1125.1.83160921539049931245749167247675567.nrrd,1,1,0.99950397,excellent,0.9999834299087524,True,True,/head/NFS/mkuyokwa/lungcxr/classification-pipeline/gradcam/overlays/1.2.826.0.1.3680043.2.1125.1.83160921539049931245749167247675567_gradcam.png,22551.86328125,16985.1875,0.5703982172576455,1,263,mask_bbox_midline
/head/NFS/mkuyokwa/lungcxr/lung_cxr_segmentation/TB_Positive/1.2.840.114062.2.192.168.196.13.2022.10.13.11.9.29.9225609.png,/head/NFS/mkuyokwa/lungcxr/lung_cxr_segmentation/tb-inference-results/segments/tb_full/1.2.840.114062.2.192.168.196.13.2022.10.13.11.9.29.9225609.nrrd,1,1,0.9999969,excellent,0.9997461438179016,True,True,/head/NFS/mkuyokwa/lungcxr/classification-pipeline/gradcam/overlays/1.2.840.114062.2.192.168.196.13.2022.10.13.11.9.29.9225609_gradcam.png,19736.2265625,5627.1376953125,0.7781391443929127,1,273,mask_bbox_midline
/head/NFS/mkuyokwa/lungcxr/lung_cxr_segmentation/TB_Positive/1.2.826.0.1.3680043.2.1125.1.75441248339815181844556872385254231.png,/head/NFS/mkuyokwa/lungcxr/lung_cxr_segmentation/tb-inference-results/segments/tb_full/1.2.826.0.1.3680043.2.1125.1.75441248339815181844556872385254231.nrrd,1,1,0.9699266,excellent,0.9997925162315369,True,True,/head/NFS/mkuyokwa/lungcxr/classification-pipeline/gradcam/overlays/1.2.826.0.1.3680043.2.1125.1.75441248339815181844556872385254231_gradcam.png,21958.666015625,14292.0654296875,0.6057440812953424,1,255,mask_bbox_midline
/head/NFS/mkuyokwa/lungcxr/lung_cxr_segmentation/TB_Positive/1.2.826.0.1.3680043.2.1125.1.43611465206699579945213739437469271.png,/head/NFS/mkuyokwa/lungcxr/lung_cxr_segmentation/tb-inference-results/segments/tb_full/1.2.826.0.1.3680043.2.1125.1.43611465206699579945213739437469271.nrrd,1,1,0.9916534,excellent,0.9999855756759644,True,True,/head/NFS/mkuyokwa/lungcxr/classification-pipeline/gradcam/overlays/1.2.826.0.1.3680043.2.1125.1.43611465206699579945213739437469271_gradcam.png,25167.244140625,18165.779296875,0.5807867105539998,1,254,mask_bbox_midline
/head/NFS/mkuyokwa/lungcxr/lung_cxr_segmentation/TB_Positive/1.2.826.0.1.3680043.2.1125.1.54644841509317283851918820767951563.png,/head/NFS/mkuyokwa/lungcxr/lung_cxr_segmentation/tb-inference-results/segments/tb_full/1.2.826.0.1.3680043.2.1125.1.54644841509317283851918820767951563.nrrd,1,1,0.99940145,excellent,0.9968659281730652,True,True,/head/NFS/mkuyokwa/lungcxr/classification-pipeline/gradcam/overlays/1.2.826.0.1.3680043.2.1125.1.54644841509317283851918820767951563_gradcam.png,19651.955078125,10356.685546875,0.6548765511808318,1,255,mask_bbox_midline
/head/NFS/mkuyokwa/lungcxr/lung_cxr_segmentation/TB_Positive/2.25.4756748278814396720954756628524031892.png,/head/NFS/mkuyokwa/lungcxr/lung_cxr_segmentation/tb-inference-results/segments/tb_full/2.25.4756748278814396720954756628524031892.nrrd,1,1,0.99789494,excellent,0.9998307228088379,True,True,/head/NFS/mkuyokwa/lungcxr/classification-pipeline/gradcam/overlays/2.25.4756748278814396720954756628524031892_gradcam.png,22306.732421875,11199.1513671875,0.665755679280327,1,244,mask_bbox_midline
/head/NFS/mkuyokwa/lungcxr/lung_cxr_segmentation/TB_Positive/1.2.826.0.1.3680043.2.1125.1.17800697085463369774317644865278750.png,/head/NFS/mkuyokwa/lungcxr/lung_cxr_segmentation/tb-inference-results/segments/tb_full/1.2.826.0.1.3680043.2.1125.1.17800697085463369774317644865278750.nrrd,1,1,0.9977653,excellent,0.9993782043457031,True,True,/head/NFS/mkuyokwa/lungcxr/classification-pipeline/gradcam/overlays/1.2.826.0.1.3680043.2.1125.1.17800697085463369774317644865278750_gradcam.png,14476.2275390625,14062.6298828125,0.5072462196039597,1,277,mask_bbox_midline
/head/NFS/mkuyokwa/lungcxr/lung_cxr_segmentation/TB_Positive/1.3.6.1.4.1.25403.158515237678667.5060.20130807022247.11.png,/head/NFS/mkuyokwa/lungcxr/lung_cxr_segmentation/tb-inference-results/segments/tb_full/1.3.6.1.4.1.25403.158515237678667.5060.20130807022247.11.nrrd,1,1,0.99983144,excellent,0.9998026490211487,True,True,/head/NFS/mkuyokwa/lungcxr/classification-pipeline/gradcam/overlays/1.3.6.1.4.1.25403.158515237678667.5060.20130807022247.11_gradcam.png,17050.578125,7942.6162109375,0.6822088403675204,1,271,mask_bbox_midline
/head/NFS/mkuyokwa/lungcxr/lung_cxr_segmentation/TB_Positive/1.2.840.114062.2.192.168.196.13.2020.5.19.11.8.39.8621109.png,/head/NFS/mkuyokwa/lungcxr/lung_cxr_segmentation/tb-inference-results/segments/tb_full/1.2.840.114062.2.192.168.196.13.2020.5.19.11.8.39.8621109.nrrd,1,1,0.9999962,excellent,0.9998043179512024,True,True,/head/NFS/mkuyokwa/lungcxr/classification-pipeline/gradcam/overlays/1.2.840.114062.2.192.168.196.13.2020.5.19.11.8.39.8621109_gradcam.png,16997.57421875,6957.123046875,0.7095716564592751,1,283,mask_bbox_midline
/head/NFS/mkuyokwa/lungcxr/lung_cxr_segmentation/TB_Positive/1.2.826.0.1.3680043.2.1125.1.53220947531348985659472330826266641.png,/head/NFS/mkuyokwa/lungcxr/lung_cxr_segmentation/tb-inference-results/segments/tb_full/1.2.826.0.1.3680043.2.1125.1.53220947531348985659472330826266641.nrrd,1,1,0.82643414,excellent,0.9999053478240967,True,True,/head/NFS/mkuyokwa/lungcxr/classification-pipeline/gradcam/overlays/1.2.826.0.1.3680043.2.1125.1.53220947531348985659472330826266641_gradcam.png,16767.15625,12210.08984375,0.5786318063405083,1,255,mask_bbox_midline
/head/NFS/mkuyokwa/lungcxr/lung_cxr_segmentation/TB_Positive/2.25.211763392429930730732328260298021844990.png,/head/NFS/mkuyokwa/lungcxr/lung_cxr_segmentation/tb-inference-results/segments/tb_full/2.25.211763392429930730732328260298021844990.nrrd,1,0,0.14931448,excellent,0.9999792575836182,False,True,/head/NFS/mkuyokwa/lungcxr/classification-pipeline/gradcam/overlays/2.25.211763392429930730732328260298021844990_gradcam.png,22246.046875,7168.39453125,0.7562967648358314,1,222,mask_bbox_midline
/head/NFS/mkuyokwa/lungcxr/lung_cxr_segmentation/TB_Positive/1.2.826.0.1.3680043.2.1125.1.47908638736426842621143835862109482.png,/head/NFS/mkuyokwa/lungcxr/lung_cxr_segmentation/tb-inference-results/segments/tb_full/1.2.826.0.1.3680043.2.1125.1.47908638736426842621143835862109482.nrrd,1,1,0.9549777,excellent,0.9999896287918091,True,True,/head/NFS/mkuyokwa/lungcxr/classification-pipeline/gradcam/overlays/1.2.826.0.1.3680043.2.1125.1.47908638736426842621143835862109482_gradcam.png,22012.5546875,19473.119140625,0.5306061745241969,1,260,mask_bbox_midline
/head/NFS/mkuyokwa/lungcxr/lung_cxr_segmentation/TB_Positive/2.25.23389808837604964758673934175246196483.png,/head/NFS/mkuyokwa/lungcxr/lung_cxr_segmentation/tb-inference-results/segments/tb_full/2.25.23389808837604964758673934175246196483.nrrd,1,1,0.99634016,excellent,0.9999803304672241,True,True,/head/NFS/mkuyokwa/lungcxr/classification-pipeline/gradcam/overlays/2.25.23389808837604964758673934175246196483_gradcam.png,25341.251953125,13754.8369140625,0.6481786973426226,1,212,mask_bbox_midline
/head/NFS/mkuyokwa/lungcxr/lung_cxr_segmentation/TB_Positive/1.2.826.0.1.3680043.2.1125.1.49011217351999482967071386996324378.png,/head/NFS/mkuyokwa/lungcxr/lung_cxr_segmentation/tb-inference-results/segments/tb_full/1.2.826.0.1.3680043.2.1125.1.49011217351999482967071386996324378.nrrd,1,1,0.9999559,excellent,0.9999771118164062,True,True,/head/NFS/mkuyokwa/lungcxr/classification-pipeline/gradcam/overlays/1.2.826.0.1.3680043.2.1125.1.49011217351999482967071386996324378_gradcam.png,19187.6015625,11056.1279296875,0.6344323892811071,1,241,mask_bbox_midline
/head/NFS/mkuyokwa/lungcxr/lung_cxr_segmentation/TB_Positive/2.25.30496523509138883285367454786259435055.png,/head/NFS/mkuyokwa/lungcxr/lung_cxr_segmentation/tb-inference-results/segments/tb_full/2.25.30496523509138883285367454786259435055.nrrd,1,1,0.9985464,excellent,0.9999368190765381,True,True,/head/NFS/mkuyokwa/lungcxr/classification-pipeline/gradcam/overlays/2.25.30496523509138883285367454786259435055_gradcam.png,21174.26953125,8208.91796875,0.7206253416600905,1,193,mask_bbox_midline
/head/NFS/mkuyokwa/lungcxr/lung_cxr_segmentation/TB_Positive/1.2.840.114062.2.192.168.196.13.2019.6.10.9.54.52.4400562.png,/head/NFS/mkuyokwa/lungcxr/lung_cxr_segmentation/tb-inference-results/segments/tb_full/1.2.840.114062.2.192.168.196.13.2019.6.10.9.54.52.4400562.nrrd,1,1,0.9999589,excellent,0.9999516010284424,True,True,/head/NFS/mkuyokwa/lungcxr/classification-pipeline/gradcam/overlays/1.2.840.114062.2.192.168.196.13.2019.6.10.9.54.52.4400562_gradcam.png,17854.146484375,8354.24609375,0.6812377535613182,1,256,mask_bbox_midline
/head/NFS/mkuyokwa/lungcxr/lung_cxr_segmentation/TB_Positive/1.2.826.0.1.3680043.2.1125.1.97393553344542874085794884377495650.png,/head/NFS/mkuyokwa/lungcxr/lung_cxr_segmentation/tb-inference-results/segments/tb_full/1.2.826.0.1.3680043.2.1125.1.97393553344542874085794884377495650.nrrd,1,1,0.9995493,excellent,0.9992048144340515,True,True,/head/NFS/mkuyokwa/lungcxr/classification-pipeline/gradcam/overlays/1.2.826.0.1.3680043.2.1125.1.97393553344542874085794884377495650_gradcam.png,19595.212890625,8702.2783203125,0.6924717369662471,1,270,mask_bbox_midline
/head/NFS/mkuyokwa/lungcxr/lung_cxr_segmentation/TB_Positive/1.2.826.0.1.3680043.2.1125.1.38449885287608835857768244983671815.png,/head/NFS/mkuyokwa/lungcxr/lung_cxr_segmentation/tb-inference-results/segments/tb_full/1.2.826.0.1.3680043.2.1125.1.38449885287608835857768244983671815.nrrd,1,1,0.9990577,excellent,0.9996857643127441,True,True,/head/NFS/mkuyokwa/lungcxr/classification-pipeline/gradcam/overlays/1.2.826.0.1.3680043.2.1125.1.38449885287608835857768244983671815_gradcam.png,20194.4921875,10631.97265625,0.6551024351919611,1,254,mask_bbox_midline
/head/NFS/mkuyokwa/lungcxr/lung_cxr_segmentation/TB_Positive/1.2.826.0.1.3680043.2.1125.1.13372302263997532240420554843510615.png,/head/NFS/mkuyokwa/lungcxr/lung_cxr_segmentation/tb-inference-results/segments/tb_full/1.2.826.0.1.3680043.2.1125.1.13372302263997532240420554843510615.nrrd,1,1,0.99989724,excellent,0.9990772008895874,True,True,/head/NFS/mkuyokwa/lungcxr/classification-pipeline/gradcam/overlays/1.2.826.0.1.3680043.2.1125.1.13372302263997532240420554843510615_gradcam.png,15395.5830078125,22529.9765625,0.405942145145405,0,257,mask_bbox_midline
/head/NFS/mkuyokwa/lungcxr/lung_cxr_segmentation/TB_Positive/1.2.840.114062.2.192.168.196.13.2019.8.27.10.53.25.9265781.png,/head/NFS/mkuyokwa/lungcxr/lung_cxr_segmentation/tb-inference-results/segments/tb_full/1.2.840.114062.2.192.168.196.13.2019.8.27.10.53.25.9265781.nrrd,1,1,0.9996848,excellent,0.9999880790710449,True,True,/head/NFS/mkuyokwa/lungcxr/classification-pipeline/gradcam/overlays/1.2.840.114062.2.192.168.196.13.2019.8.27.10.53.25.9265781_gradcam.png,18197.609375,12203.921875,0.5985754212627037,1,261,mask_bbox_midline
/head/NFS/mkuyokwa/lungcxr/lung_cxr_segmentation/TB_Positive/1.2.840.114062.2.192.168.196.13.2021.3.1.11.1.46.9324734.png,/head/NFS/mkuyokwa/lungcxr/lung_cxr_segmentation/tb-inference-results/segments/tb_full/1.2.840.114062.2.192.168.196.13.2021.3.1.11.1.46.9324734.nrrd,1,1,0.99995005,excellent,0.9999687671661377,True,True,/head/NFS/mkuyokwa/lungcxr/classification-pipeline/gradcam/overlays/1.2.840.114062.2.192.168.196.13.2021.3.1.11.1.46.9324734_gradcam.png,16800.642578125,7176.28564453125,0.7007003742143147,1,260,mask_bbox_midline
/head/NFS/mkuyokwa/lungcxr/lung_cxr_segmentation/TB_Positive/1.2.840.114062.2.192.168.196.13.2021.12.22.10.53.41.7291562.png,/head/NFS/mkuyokwa/lungcxr/lung_cxr_segmentation/tb-inference-results/segments/tb_full/1.2.840.114062.2.192.168.196.13.2021.12.22.10.53.41.7291562.nrrd,1,1,0.9999881,excellent,0.9996471405029297,True,True,/head/NFS/mkuyokwa/lungcxr/classification-pipeline/gradcam/overlays/1.2.840.114062.2.192.168.196.13.2021.12.22.10.53.41.7291562_gradcam.png,15917.8544921875,7031.81787109375,0.6935983329180578,1,259,mask_bbox_midline
/head/NFS/mkuyokwa/lungcxr/lung_cxr_segmentation/TB_Positive/1.2.826.0.1.3680043.2.1125.1.27484727273216269918572238279552244.png,/head/NFS/mkuyokwa/lungcxr/lung_cxr_segmentation/tb-inference-results/segments/tb_full/1.2.826.0.1.3680043.2.1125.1.27484727273216269918572238279552244.nrrd,1,1,0.8802053,excellent,0.9983364939689636,True,True,/head/NFS/mkuyokwa/lungcxr/classification-pipeline/gradcam/overlays/1.2.826.0.1.3680043.2.1125.1.27484727273216269918572238279552244_gradcam.png,17034.53125,10352.154296875,0.6220004688352567,1,255,mask_bbox_midline
/head/NFS/mkuyokwa/lungcxr/lung_cxr_segmentation/TB_Positive/1.2.826.0.1.3680043.2.1125.1.4950529658948705903603004543278311.png,/head/NFS/mkuyokwa/lungcxr/lung_cxr_segmentation/tb-inference-results/segments/tb_full/1.2.826.0.1.3680043.2.1125.1.4950529658948705903603004543278311.nrrd,1,1,0.99993956,excellent,0.9992830157279968,True,True,/head/NFS/mkuyokwa/lungcxr/classification-pipeline/gradcam/overlays/1.2.826.0.1.3680043.2.1125.1.4950529658948705903603004543278311_gradcam.png,17447.34375,11467.2734375,0.6034091213056977,1,254,mask_bbox_midline
/head/NFS/mkuyokwa/lungcxr/lung_cxr_segmentation/TB_Positive/2.25.49320751329268967738056206127732766212.png,/head/NFS/mkuyokwa/lungcxr/lung_cxr_segmentation/tb-inference-results/segments/tb_full/2.25.49320751329268967738056206127732766212.nrrd,1,1,0.99363106,excellent,0.9999876022338867,True,True,/head/NFS/mkuyokwa/lungcxr/classification-pipeline/gradcam/overlays/2.25.49320751329268967738056206127732766212_gradcam.png,24412.03125,9472.3564453125,0.7204507122723399,1,337,mask_bbox_midline
/head/NFS/mkuyokwa/lungcxr/lung_cxr_segmentation/TB_Positive/2.25.323195478408563370257686536932466228851.png,/head/NFS/mkuyokwa/lungcxr/lung_cxr_segmentation/tb-inference-results/segments/tb_full/2.25.323195478408563370257686536932466228851.nrrd,1,1,0.9998772,excellent,0.9998021721839905,True,True,/head/NFS/mkuyokwa/lungcxr/classification-pipeline/gradcam/overlays/2.25.323195478408563370257686536932466228851_gradcam.png,21675.01953125,8961.38671875,0.7074922350349104,1,240,mask_bbox_midline
/head/NFS/mkuyokwa/lungcxr/lung_cxr_segmentation/TB_Positive/1.2.826.0.1.3680043.2.1125.1.58963055520010123361733566229315589.png,/head/NFS/mkuyokwa/lungcxr/lung_cxr_segmentation/tb-inference-results/segments/tb_full/1.2.826.0.1.3680043.2.1125.1.58963055520010123361733566229315589.nrrd,1,1,0.9995192,excellent,0.9999799728393555,True,True,/head/NFS/mkuyokwa/lungcxr/classification-pipeline/gradcam/overlays/1.2.826.0.1.3680043.2.1125.1.58963055520010123361733566229315589_gradcam.png,20805.71484375,20458.435546875,0.5042080025105025,1,260,mask_bbox_midline
/head/NFS/mkuyokwa/lungcxr/lung_cxr_segmentation/TB_Positive/1.2.826.0.1.3680043.2.1125.1.18724285548325234104974713355576379.png,/head/NFS/mkuyokwa/lungcxr/lung_cxr_segmentation/tb-inference-results/segments/tb_full/1.2.826.0.1.3680043.2.1125.1.18724285548325234104974713355576379.nrrd,1,1,0.7954368,excellent,0.9949159622192383,True,True,/head/NFS/mkuyokwa/lungcxr/classification-pipeline/gradcam/overlays/1.2.826.0.1.3680043.2.1125.1.18724285548325234104974713355576379_gradcam.png,20935.08984375,8612.5703125,0.7085193796410222,1,255,mask_bbox_midline
/head/NFS/mkuyokwa/lungcxr/lung_cxr_segmentation/TB_Positive/1.2.826.0.1.3680043.2.1125.1.36765255307292795795296788951743935.png,/head/NFS/mkuyokwa/lungcxr/lung_cxr_segmentation/tb-inference-results/segments/tb_full/1.2.826.0.1.3680043.2.1125.1.36765255307292795795296788951743935.nrrd,1,1,0.99960834,excellent,0.954284131526947,True,True,/head/NFS/mkuyokwa/lungcxr/classification-pipeline/gradcam/overlays/1.2.826.0.1.3680043.2.1125.1.36765255307292795795296788951743935_gradcam.png,16223.3291015625,8805.9599609375,0.6481737879590442,1,255,mask_bbox_midline
/head/NFS/mkuyokwa/lungcxr/lung_cxr_segmentation/TB_Positive/1.2.840.114062.2.192.168.196.13.2020.8.26.9.58.37.5336375.png,/head/NFS/mkuyokwa/lungcxr/lung_cxr_segmentation/tb-inference-results/segments/tb_full/1.2.840.114062.2.192.168.196.13.2020.8.26.9.58.37.5336375.nrrd,1,1,0.9999982,excellent,0.9998455047607422,True,True,/head/NFS/mkuyokwa/lungcxr/classification-pipeline/gradcam/overlays/1.2.840.114062.2.192.168.196.13.2020.8.26.9.58.37.5336375_gradcam.png,17066.580078125,6871.49169921875,0.7129471511685294,1,263,mask_bbox_midline
/head/NFS/mkuyokwa/lungcxr/lung_cxr_segmentation/TB_Positive/1.2.826.0.1.3680043.2.1125.1.49073459207614286833592560313146279.png,/head/NFS/mkuyokwa/lungcxr/lung_cxr_segmentation/tb-inference-results/segments/tb_full/1.2.826.0.1.3680043.2.1125.1.49073459207614286833592560313146279.nrrd,1,0,0.24387668,excellent,0.9999707937240601,False,True,/head/NFS/mkuyokwa/lungcxr/classification-pipeline/gradcam/overlays/1.2.826.0.1.3680043.2.1125.1.49073459207614286833592560313146279_gradcam.png,19906.6875,13147.8203125,0.6022382064473525,1,256,mask_bbox_midline
/head/NFS/mkuyokwa/lungcxr/lung_cxr_segmentation/TB_Positive/1.2.826.0.1.3680043.2.1125.1.77213170389984662510009082317090597.png,/head/NFS/mkuyokwa/lungcxr/lung_cxr_segmentation/tb-inference-results/segments/tb_full/1.2.826.0.1.3680043.2.1125.1.77213170389984662510009082317090597.nrrd,1,1,0.9995468,excellent,0.9999074935913086,True,True,/head/NFS/mkuyokwa/lungcxr/classification-pipeline/gradcam/overlays/1.2.826.0.1.3680043.2.1125.1.77213170389984662510009082317090597_gradcam.png,22034.4453125,10072.0517578125,0.68629241191417,1,256,mask_bbox_midline
/head/NFS/mkuyokwa/lungcxr/lung_cxr_segmentation/TB_Positive/2.25.88797684034270766138535287699738886083.png,/head/NFS/mkuyokwa/lungcxr/lung_cxr_segmentation/tb-inference-results/segments/tb_full/2.25.88797684034270766138535287699738886083.nrrd,1,1,0.9956921,excellent,0.998065173625946,True,True,/head/NFS/mkuyokwa/lungcxr/classification-pipeline/gradcam/overlays/2.25.88797684034270766138535287699738886083_gradcam.png,17190.119140625,11323.642578125,0.6028709684180733,1,246,mask_bbox_midline
/head/NFS/mkuyokwa/lungcxr/lung_cxr_segmentation/TB_Positive/1.3.6.1.4.1.25403.207732457674374.27968.20150929060050.24.png,/head/NFS/mkuyokwa/lungcxr/lung_cxr_segmentation/tb-inference-results/segments/tb_full/1.3.6.1.4.1.25403.207732457674374.27968.20150929060050.24.nrrd,1,1,0.9998196,excellent,0.9999786615371704,True,True,/head/NFS/mkuyokwa/lungcxr/classification-pipeline/gradcam/overlays/1.3.6.1.4.1.25403.207732457674374.27968.20150929060050.24_gradcam.png,22618.107421875,11999.986328125,0.6533608576259344,1,254,mask_bbox_midline
/head/NFS/mkuyokwa/lungcxr/lung_cxr_segmentation/TB_Positive/1.2.840.114062.2.192.168.196.13.2022.12.8.10.58.58.8362109.png,/head/NFS/mkuyokwa/lungcxr/lung_cxr_segmentation/tb-inference-results/segments/tb_full/1.2.840.114062.2.192.168.196.13.2022.12.8.10.58.58.8362109.nrrd,1,1,0.9999893,excellent,0.9997367262840271,True,True,/head/NFS/mkuyokwa/lungcxr/classification-pipeline/gradcam/overlays/1.2.840.114062.2.192.168.196.13.2022.12.8.10.58.58.8362109_gradcam.png,19455.146484375,6921.2744140625,0.7375961492003449,1,257,mask_bbox_midline
/head/NFS/mkuyokwa/lungcxr/lung_cxr_segmentation/TB_Positive/1.2.826.0.1.3680043.2.1125.1.38155522784865419156826331337243146.png,/head/NFS/mkuyokwa/lungcxr/lung_cxr_segmentation/tb-inference-results/segments/tb_full/1.2.826.0.1.3680043.2.1125.1.38155522784865419156826331337243146.nrrd,1,0,0.20496862,excellent,0.9999915361404419,False,True,/head/NFS/mkuyokwa/lungcxr/classification-pipeline/gradcam/overlays/1.2.826.0.1.3680043.2.1125.1.38155522784865419156826331337243146_gradcam.png,29414.19140625,23505.9609375,0.5558221226421675,1,253,mask_bbox_midline
/head/NFS/mkuyokwa/lungcxr/lung_cxr_segmentation/TB_Positive/1.2.826.0.1.3680043.2.1125.1.6738788507001661905650492850415830.png,/head/NFS/mkuyokwa/lungcxr/lung_cxr_segmentation/tb-inference-results/segments/tb_full/1.2.826.0.1.3680043.2.1125.1.6738788507001661905650492850415830.nrrd,1,1,0.97815895,excellent,0.9999896287918091,True,True,/head/NFS/mkuyokwa/lungcxr/classification-pipeline/gradcam/overlays/1.2.826.0.1.3680043.2.1125.1.6738788507001661905650492850415830_gradcam.png,21447.0234375,10626.2392578125,0.6686885472563562,1,244,mask_bbox_midline
/head/NFS/mkuyokwa/lungcxr/lung_cxr_segmentation/TB_Positive/2.25.218138386791464942167134409404783282607.png,/head/NFS/mkuyokwa/lungcxr/lung_cxr_segmentation/tb-inference-results/segments/tb_full/2.25.218138386791464942167134409404783282607.nrrd,1,1,0.99674207,excellent,0.9999517202377319,True,True,/head/NFS/mkuyokwa/lungcxr/classification-pipeline/gradcam/overlays/2.25.218138386791464942167134409404783282607_gradcam.png,23630.185546875,9606.8876953125,0.710958674811398,1,272,mask_bbox_midline
/head/NFS/mkuyokwa/lungcxr/lung_cxr_segmentation/TB_Positive/2.25.93895897372145154770483551950875830476.png,/head/NFS/mkuyokwa/lungcxr/lung_cxr_segmentation/tb-inference-results/segments/tb_full/2.25.93895897372145154770483551950875830476.nrrd,1,1,0.99922884,excellent,0.9997335076332092,True,True,/head/NFS/mkuyokwa/lungcxr/classification-pipeline/gradcam/overlays/2.25.93895897372145154770483551950875830476_gradcam.png,18637.171875,10915.4130859375,0.6306443886257174,1,245,mask_bbox_midline
/head/NFS/mkuyokwa/lungcxr/lung_cxr_segmentation/TB_Positive/1.2.840.114062.2.192.168.196.13.2021.8.19.10.12.27.4599187.png,/head/NFS/mkuyokwa/lungcxr/lung_cxr_segmentation/tb-inference-results/segments/tb_full/1.2.840.114062.2.192.168.196.13.2021.8.19.10.12.27.4599187.nrrd,1,1,0.99996805,excellent,0.9996021389961243,True,True,/head/NFS/mkuyokwa/lungcxr/classification-pipeline/gradcam/overlays/1.2.840.114062.2.192.168.196.13.2021.8.19.10.12.27.4599187_gradcam.png,15142.53515625,5558.40234375,0.7314903084099452,1,261,mask_bbox_midline
/head/NFS/mkuyokwa/lungcxr/lung_cxr_segmentation/TB_Positive/1.2.840.114062.2.192.168.196.187.2018.7.19.11.15.4.4592015.png,/head/NFS/mkuyokwa/lungcxr/lung_cxr_segmentation/tb-inference-results/segments/tb_full/1.2.840.114062.2.192.168.196.187.2018.7.19.11.15.4.4592015.nrrd,1,1,0.99943,excellent,0.9999233484268188,True,True,/head/NFS/mkuyokwa/lungcxr/classification-pipeline/gradcam/overlays/1.2.840.114062.2.192.168.196.187.2018.7.19.11.15.4.4592015_gradcam.png,15844.17578125,7946.73046875,0.6659761345261911,1,274,mask_bbox_midline
/head/NFS/mkuyokwa/lungcxr/lung_cxr_segmentation/TB_Positive/1.2.826.0.1.3680043.2.1125.1.10589094407871135674018413553484238.png,/head/NFS/mkuyokwa/lungcxr/lung_cxr_segmentation/tb-inference-results/segments/tb_full/1.2.826.0.1.3680043.2.1125.1.10589094407871135674018413553484238.nrrd,1,0,0.4739908,excellent,0.999923825263977,False,True,/head/NFS/mkuyokwa/lungcxr/classification-pipeline/gradcam/overlays/1.2.826.0.1.3680043.2.1125.1.10589094407871135674018413553484238_gradcam.png,25023.759765625,12366.8935546875,0.6692517392316016,1,258,mask_bbox_midline
/head/NFS/mkuyokwa/lungcxr/lung_cxr_segmentation/TB_Positive/1.2.826.0.1.3680043.2.1125.1.80372373573669751894488947462103544.png,/head/NFS/mkuyokwa/lungcxr/lung_cxr_segmentation/tb-inference-results/segments/tb_full/1.2.826.0.1.3680043.2.1125.1.80372373573669751894488947462103544.nrrd,1,1,0.99933714,excellent,0.9806667566299438,True,True,/head/NFS/mkuyokwa/lungcxr/classification-pipeline/gradcam/overlays/1.2.826.0.1.3680043.2.1125.1.80372373573669751894488947462103544_gradcam.png,15157.0078125,6838.7705078125,0.6890871326204865,1,258,mask_bbox_midline
/head/NFS/mkuyokwa/lungcxr/lung_cxr_segmentation/TB_Positive/1.2.826.0.1.3680043.2.1125.1.16266072834515889087425860913640412.png,/head/NFS/mkuyokwa/lungcxr/lung_cxr_segmentation/tb-inference-results/segments/tb_full/1.2.826.0.1.3680043.2.1125.1.16266072834515889087425860913640412.nrrd,1,1,0.99517894,excellent,0.9998658895492554,True,True,/head/NFS/mkuyokwa/lungcxr/classification-pipeline/gradcam/overlays/1.2.826.0.1.3680043.2.1125.1.16266072834515889087425860913640412_gradcam.png,17853.1328125,15868.1904296875,0.529431561278847,1,262,mask_bbox_midline
/head/NFS/mkuyokwa/lungcxr/lung_cxr_segmentation/TB_Positive/1.2.826.0.1.3680043.2.1125.1.76801158623227080451792622830169450.png,/head/NFS/mkuyokwa/lungcxr/lung_cxr_segmentation/tb-inference-results/segments/tb_full/1.2.826.0.1.3680043.2.1125.1.76801158623227080451792622830169450.nrrd,1,1,0.99522024,excellent,0.9998502731323242,True,True,/head/NFS/mkuyokwa/lungcxr/classification-pipeline/gradcam/overlays/1.2.826.0.1.3680043.2.1125.1.76801158623227080451792622830169450_gradcam.png,23134.078125,13626.1259765625,0.6293239847386125,1,258,mask_bbox_midline
/head/NFS/mkuyokwa/lungcxr/lung_cxr_segmentation/TB_Positive/1.3.6.1.4.1.25403.158515237678667.5060.20130807022926.9.png,/head/NFS/mkuyokwa/lungcxr/lung_cxr_segmentation/tb-inference-results/segments/tb_full/1.3.6.1.4.1.25403.158515237678667.5060.20130807022926.9.nrrd,1,1,0.9999502,excellent,0.999980092048645,True,True,/head/NFS/mkuyokwa/lungcxr/classification-pipeline/gradcam/overlays/1.3.6.1.4.1.25403.158515237678667.5060.20130807022926.9_gradcam.png,19269.71484375,9110.697265625,0.6789793879485129,1,263,mask_bbox_midline
/head/NFS/mkuyokwa/lungcxr/lung_cxr_segmentation/TB_Positive/1.2.826.0.1.3680043.2.1125.1.40074234985107717073953521420623151.png,/head/NFS/mkuyokwa/lungcxr/lung_cxr_segmentation/tb-inference-results/segments/tb_full/1.2.826.0.1.3680043.2.1125.1.40074234985107717073953521420623151.nrrd,1,1,0.9994748,excellent,0.9999955892562866,True,True,/head/NFS/mkuyokwa/lungcxr/classification-pipeline/gradcam/overlays/1.2.826.0.1.3680043.2.1125.1.40074234985107717073953521420623151_gradcam.png,18330.4765625,14403.83203125,0.5599775083075944,1,279,mask_bbox_midline
/head/NFS/mkuyokwa/lungcxr/lung_cxr_segmentation/TB_Positive/1.2.826.0.1.3680043.2.1125.1.85652657889492466665498519030182081.png,/head/NFS/mkuyokwa/lungcxr/lung_cxr_segmentation/tb-inference-results/segments/tb_full/1.2.826.0.1.3680043.2.1125.1.85652657889492466665498519030182081.nrrd,1,0,0.4789205,excellent,0.9996209144592285,False,True,/head/NFS/mkuyokwa/lungcxr/classification-pipeline/gradcam/overlays/1.2.826.0.1.3680043.2.1125.1.85652657889492466665498519030182081_gradcam.png,15055.6806640625,10472.0830078125,0.5897767175214792,1,296,mask_bbox_midline
/head/NFS/mkuyokwa/lungcxr/lung_cxr_segmentation/TB_Positive/1.2.826.0.1.3680043.2.1125.1.8356953705400392102905092088730883.png,/head/NFS/mkuyokwa/lungcxr/lung_cxr_segmentation/tb-inference-results/segments/tb_full/1.2.826.0.1.3680043.2.1125.1.8356953705400392102905092088730883.nrrd,1,0,0.32568964,excellent,0.9999195337295532,False,True,/head/NFS/mkuyokwa/lungcxr/classification-pipeline/gradcam/overlays/1.2.826.0.1.3680043.2.1125.1.8356953705400392102905092088730883_gradcam.png,24298.943359375,12237.02734375,0.6650690509037621,1,244,mask_bbox_midline
/head/NFS/mkuyokwa/lungcxr/lung_cxr_segmentation/TB_Positive/1.2.826.0.1.3680043.2.1125.1.46642056778804284675042009940849456.png,/head/NFS/mkuyokwa/lungcxr/lung_cxr_segmentation/tb-inference-results/segments/tb_full/1.2.826.0.1.3680043.2.1125.1.46642056778804284675042009940849456.nrrd,1,1,0.99981993,excellent,0.9999082088470459,True,True,/head/NFS/mkuyokwa/lungcxr/classification-pipeline/gradcam/overlays/1.2.826.0.1.3680043.2.1125.1.46642056778804284675042009940849456_gradcam.png,27515.615234375,11683.4609375,0.7019455028411413,1,255,mask_bbox_midline
/head/NFS/mkuyokwa/lungcxr/lung_cxr_segmentation/TB_Positive/1.2.826.0.1.3680043.2.1125.1.69149948039577682657401647324141661.png,/head/NFS/mkuyokwa/lungcxr/lung_cxr_segmentation/tb-inference-results/segments/tb_full/1.2.826.0.1.3680043.2.1125.1.69149948039577682657401647324141661.nrrd,1,1,0.83516663,excellent,0.999984860420227,True,True,/head/NFS/mkuyokwa/lungcxr/classification-pipeline/gradcam/overlays/1.2.826.0.1.3680043.2.1125.1.69149948039577682657401647324141661_gradcam.png,17696.720703125,16921.0078125,0.5112039831018214,1,254,mask_bbox_midline
/head/NFS/mkuyokwa/lungcxr/lung_cxr_segmentation/TB_Positive/1.2.840.113564.54.123.123.123.100.2640.20230206120546669.png,/head/NFS/mkuyokwa/lungcxr/lung_cxr_segmentation/tb-inference-results/segments/tb_full/1.2.840.113564.54.123.123.123.100.2640.20230206120546669.nrrd,1,1,0.9990212,excellent,0.9999972581863403,True,True,/head/NFS/mkuyokwa/lungcxr/classification-pipeline/gradcam/overlays/1.2.840.113564.54.123.123.123.100.2640.20230206120546669_gradcam.png,22712.96484375,13560.0654296875,0.6261667324878163,1,260,mask_bbox_midline
/head/NFS/mkuyokwa/lungcxr/lung_cxr_segmentation/TB_Positive/2.25.226074186581133236130911361087001183857.png,/head/NFS/mkuyokwa/lungcxr/lung_cxr_segmentation/tb-inference-results/segments/tb_full/2.25.226074186581133236130911361087001183857.nrrd,1,0,0.025361003,excellent,0.999996542930603,False,True,/head/NFS/mkuyokwa/lungcxr/classification-pipeline/gradcam/overlays/2.25.226074186581133236130911361087001183857_gradcam.png,22620.98828125,21810.171875,0.509124411824929,1,258,mask_bbox_midline
/head/NFS/mkuyokwa/lungcxr/lung_cxr_segmentation/TB_Positive/1.2.840.114062.2.192.168.196.13.2020.2.3.10.59.24.8058734.png,/head/NFS/mkuyokwa/lungcxr/lung_cxr_segmentation/tb-inference-results/segments/tb_full/1.2.840.114062.2.192.168.196.13.2020.2.3.10.59.24.8058734.nrrd,1,1,0.9999285,excellent,0.9999154806137085,True,True,/head/NFS/mkuyokwa/lungcxr/classification-pipeline/gradcam/overlays/1.2.840.114062.2.192.168.196.13.2020.2.3.10.59.24.8058734_gradcam.png,14816.7607421875,6902.373046875,0.6821985115101159,1,259,mask_bbox_midline
/head/NFS/mkuyokwa/lungcxr/lung_cxr_segmentation/TB_Positive/1.3.6.1.4.1.25403.158515237678667.2100.20150226021842.13.png,/head/NFS/mkuyokwa/lungcxr/lung_cxr_segmentation/tb-inference-results/segments/tb_full/1.3.6.1.4.1.25403.158515237678667.2100.20150226021842.13.nrrd,1,1,0.99986815,excellent,0.9999294281005859,True,True,/head/NFS/mkuyokwa/lungcxr/classification-pipeline/gradcam/overlays/1.3.6.1.4.1.25403.158515237678667.2100.20150226021842.13_gradcam.png,19228.4765625,8301.2978515625,0.6984611015438575,1,247,mask_bbox_midline
/head/NFS/mkuyokwa/lungcxr/lung_cxr_segmentation/TB_Positive/1.2.826.0.1.3680043.2.1125.1.26863605946744544474744019442901896.png,/head/NFS/mkuyokwa/lungcxr/lung_cxr_segmentation/tb-inference-results/segments/tb_full/1.2.826.0.1.3680043.2.1125.1.26863605946744544474744019442901896.nrrd,1,1,0.993079,excellent,0.9999079704284668,True,True,/head/NFS/mkuyokwa/lungcxr/classification-pipeline/gradcam/overlays/1.2.826.0.1.3680043.2.1125.1.26863605946744544474744019442901896_gradcam.png,24207.30859375,15264.494140625,0.6132810491745913,1,254,mask_bbox_midline
/head/NFS/mkuyokwa/lungcxr/lung_cxr_segmentation/TB_Positive/1.2.840.114062.2.192.168.196.13.2023.6.9.10.17.36.7417375.png,/head/NFS/mkuyokwa/lungcxr/lung_cxr_segmentation/tb-inference-results/segments/tb_full/1.2.840.114062.2.192.168.196.13.2023.6.9.10.17.36.7417375.nrrd,1,1,0.999998,excellent,0.9991361498832703,True,True,/head/NFS/mkuyokwa/lungcxr/classification-pipeline/gradcam/overlays/1.2.840.114062.2.192.168.196.13.2023.6.9.10.17.36.7417375_gradcam.png,21902.908203125,6940.78369140625,0.7593656277849016,1,251,mask_bbox_midline
/head/NFS/mkuyokwa/lungcxr/lung_cxr_segmentation/TB_Positive/2.25.17768703388373992847066331275143060148.png,/head/NFS/mkuyokwa/lungcxr/lung_cxr_segmentation/tb-inference-results/segments/tb_full/2.25.17768703388373992847066331275143060148.nrrd,1,1,0.999246,excellent,0.9999738931655884,True,True,/head/NFS/mkuyokwa/lungcxr/classification-pipeline/gradcam/overlays/2.25.17768703388373992847066331275143060148_gradcam.png,22248.8828125,12608.4736328125,0.6382837105678436,1,259,mask_bbox_midline
/head/NFS/mkuyokwa/lungcxr/lung_cxr_segmentation/TB_Positive/1.2.826.0.1.3680043.2.1125.1.11294344915332891355002194385939211.png,/head/NFS/mkuyokwa/lungcxr/lung_cxr_segmentation/tb-inference-results/segments/tb_full/1.2.826.0.1.3680043.2.1125.1.11294344915332891355002194385939211.nrrd,1,1,0.99770194,excellent,0.9987483024597168,True,True,/head/NFS/mkuyokwa/lungcxr/classification-pipeline/gradcam/overlays/1.2.826.0.1.3680043.2.1125.1.11294344915332891355002194385939211_gradcam.png,13273.15625,10418.32421875,0.5602501822335594,1,255,mask_bbox_midline
/head/NFS/mkuyokwa/lungcxr/lung_cxr_segmentation/TB_Positive/1.2.826.0.1.3680043.2.1125.1.55325119442344450862143199734120185.png,/head/NFS/mkuyokwa/lungcxr/lung_cxr_segmentation/tb-inference-results/segments/tb_full/1.2.826.0.1.3680043.2.1125.1.55325119442344450862143199734120185.nrrd,1,1,0.9975089,excellent,0.9999896287918091,True,True,/head/NFS/mkuyokwa/lungcxr/classification-pipeline/gradcam/overlays/1.2.826.0.1.3680043.2.1125.1.55325119442344450862143199734120185_gradcam.png,16622.205078125,14043.7373046875,0.5420412283641847,1,258,mask_bbox_midline
/head/NFS/mkuyokwa/lungcxr/lung_cxr_segmentation/TB_Positive/2.25.211370523041031471127629467863167488832.png,/head/NFS/mkuyokwa/lungcxr/lung_cxr_segmentation/tb-inference-results/segments/tb_full/2.25.211370523041031471127629467863167488832.nrrd,1,1,0.99997795,excellent,0.9999291896820068,True,True,/head/NFS/mkuyokwa/lungcxr/classification-pipeline/gradcam/overlays/2.25.211370523041031471127629467863167488832_gradcam.png,20489.822265625,11924.412109375,0.6321242090304655,1,274,mask_bbox_midline
/head/NFS/mkuyokwa/lungcxr/lung_cxr_segmentation/TB_Positive/1.2.826.0.1.3680043.2.1125.1.15081292999194360046581651375703874.png,/head/NFS/mkuyokwa/lungcxr/lung_cxr_segmentation/tb-inference-results/segments/tb_full/1.2.826.0.1.3680043.2.1125.1.15081292999194360046581651375703874.nrrd,1,1,0.9999728,excellent,0.9999953508377075,True,True,/head/NFS/mkuyokwa/lungcxr/classification-pipeline/gradcam/overlays/1.2.826.0.1.3680043.2.1125.1.15081292999194360046581651375703874_gradcam.png,20818.958984375,18506.755859375,0.5293981067373715,1,254,mask_bbox_midline
/head/NFS/mkuyokwa/lungcxr/lung_cxr_segmentation/TB_Positive/1.2.826.0.1.3680043.2.1125.1.51745247011798113236487937065456880.png,/head/NFS/mkuyokwa/lungcxr/lung_cxr_segmentation/tb-inference-results/segments/tb_full/1.2.826.0.1.3680043.2.1125.1.51745247011798113236487937065456880.nrrd,1,1,0.9999447,excellent,0.9999963045120239,True,True,/head/NFS/mkuyokwa/lungcxr/classification-pipeline/gradcam/overlays/1.2.826.0.1.3680043.2.1125.1.51745247011798113236487937065456880_gradcam.png,21487.76953125,10670.0859375,0.6681965951408403,1,253,mask_bbox_midline
/head/NFS/mkuyokwa/lungcxr/lung_cxr_segmentation/TB_Positive/2.25.63366290049613668186979194239987575578.png,/head/NFS/mkuyokwa/lungcxr/lung_cxr_segmentation/tb-inference-results/segments/tb_full/2.25.63366290049613668186979194239987575578.nrrd,1,1,0.9939574,excellent,0.9998400211334229,True,True,/head/NFS/mkuyokwa/lungcxr/classification-pipeline/gradcam/overlays/2.25.63366290049613668186979194239987575578_gradcam.png,19353.265625,9694.904296875,0.6662473290761715,1,251,mask_bbox_midline
/head/NFS/mkuyokwa/lungcxr/lung_cxr_segmentation/TB_Positive/2.25.266200795195469176930177131308647994887.png,/head/NFS/mkuyokwa/lungcxr/lung_cxr_segmentation/tb-inference-results/segments/tb_full/2.25.266200795195469176930177131308647994887.nrrd,1,1,0.998406,excellent,0.9794943332672119,True,True,/head/NFS/mkuyokwa/lungcxr/classification-pipeline/gradcam/overlays/2.25.266200795195469176930177131308647994887_gradcam.png,8614.724609375,4250.2587890625,0.6696257851697881,1,264,mask_bbox_midline
/head/NFS/mkuyokwa/lungcxr/lung_cxr_segmentation/TB_Positive/2.25.181338204563925701156352821940148446963.png,/head/NFS/mkuyokwa/lungcxr/lung_cxr_segmentation/tb-inference-results/segments/tb_full/2.25.181338204563925701156352821940148446963.nrrd,1,1,0.99663514,excellent,0.9999299049377441,True,True,/head/NFS/mkuyokwa/lungcxr/classification-pipeline/gradcam/overlays/2.25.181338204563925701156352821940148446963_gradcam.png,15568.427734375,11580.421875,0.5734470505519664,1,243,mask_bbox_midline
/head/NFS/mkuyokwa/lungcxr/lung_cxr_segmentation/TB_Positive/1.2.826.0.1.3680043.2.1125.1.23294605054111622335210740854314365.png,/head/NFS/mkuyokwa/lungcxr/lung_cxr_segmentation/tb-inference-results/segments/tb_full/1.2.826.0.1.3680043.2.1125.1.23294605054111622335210740854314365.nrrd,1,1,0.9998847,excellent,0.9999536275863647,True,True,/head/NFS/mkuyokwa/lungcxr/classification-pipeline/gradcam/overlays/1.2.826.0.1.3680043.2.1125.1.23294605054111622335210740854314365_gradcam.png,25334.3984375,11027.3515625,0.6967321000089379,1,266,mask_bbox_midline
/head/NFS/mkuyokwa/lungcxr/lung_cxr_segmentation/TB_Positive/1.2.826.0.1.3680043.2.1125.1.15505232593341080422199411587650380.png,/head/NFS/mkuyokwa/lungcxr/lung_cxr_segmentation/tb-inference-results/segments/tb_full/1.2.826.0.1.3680043.2.1125.1.15505232593341080422199411587650380.nrrd,1,1,0.99954337,excellent,0.9999439716339111,True,True,/head/NFS/mkuyokwa/lungcxr/classification-pipeline/gradcam/overlays/1.2.826.0.1.3680043.2.1125.1.15505232593341080422199411587650380_gradcam.png,20263.6640625,10326.7255859375,0.6624192857751006,1,255,mask_bbox_midline
/head/NFS/mkuyokwa/lungcxr/lung_cxr_segmentation/TB_Positive/1.2.840.114062.2.192.168.196.13.2016.2.22.11.2.15.8815078.png,/head/NFS/mkuyokwa/lungcxr/lung_cxr_segmentation/tb-inference-results/segments/tb_full/1.2.840.114062.2.192.168.196.13.2016.2.22.11.2.15.8815078.nrrd,1,1,0.99990463,excellent,0.9998769760131836,True,True,/head/NFS/mkuyokwa/lungcxr/classification-pipeline/gradcam/overlays/1.2.840.114062.2.192.168.196.13.2016.2.22.11.2.15.8815078_gradcam.png,20608.2265625,7210.228515625,0.7408113248785425,1,266,mask_bbox_midline
/head/NFS/mkuyokwa/lungcxr/lung_cxr_segmentation/TB_Positive/1.2.840.114062.2.192.168.196.13.2022.9.19.11.14.14.8452531.png,/head/NFS/mkuyokwa/lungcxr/lung_cxr_segmentation/tb-inference-results/segments/tb_full/1.2.840.114062.2.192.168.196.13.2022.9.19.11.14.14.8452531.nrrd,1,1,0.99993014,excellent,0.9999369382858276,True,True,/head/NFS/mkuyokwa/lungcxr/classification-pipeline/gradcam/overlays/1.2.840.114062.2.192.168.196.13.2022.9.19.11.14.14.8452531_gradcam.png,17214.060546875,9262.05078125,0.6501732952221302,1,267,mask_bbox_midline
/head/NFS/mkuyokwa/lungcxr/lung_cxr_segmentation/TB_Positive/1.2.826.0.1.3680043.2.1125.1.41279975006525351669952578758025151.png,/head/NFS/mkuyokwa/lungcxr/lung_cxr_segmentation/tb-inference-results/segments/tb_full/1.2.826.0.1.3680043.2.1125.1.41279975006525351669952578758025151.nrrd,1,1,0.943048,excellent,0.9991782307624817,True,True,/head/NFS/mkuyokwa/lungcxr/classification-pipeline/gradcam/overlays/1.2.826.0.1.3680043.2.1125.1.41279975006525351669952578758025151_gradcam.png,18146.482421875,9072.912109375,0.6666747271340446,1,255,mask_bbox_midline
/head/NFS/mkuyokwa/lungcxr/lung_cxr_segmentation/TB_Positive/2.25.313668369020536245047733292525279634469.png,/head/NFS/mkuyokwa/lungcxr/lung_cxr_segmentation/tb-inference-results/segments/tb_full/2.25.313668369020536245047733292525279634469.nrrd,1,1,0.9995826,excellent,0.9998794794082642,True,True,/head/NFS/mkuyokwa/lungcxr/classification-pipeline/gradcam/overlays/2.25.313668369020536245047733292525279634469_gradcam.png,16912.060546875,15393.6142578125,0.52350123156756,1,248,mask_bbox_midline
/head/NFS/mkuyokwa/lungcxr/lung_cxr_segmentation/TB_Positive/1.3.6.1.4.1.25403.158515237678667.5060.20130807021648.3.png,/head/NFS/mkuyokwa/lungcxr/lung_cxr_segmentation/tb-inference-results/segments/tb_full/1.3.6.1.4.1.25403.158515237678667.5060.20130807021648.3.nrrd,1,1,0.99946386,excellent,0.9997623562812805,True,True,/head/NFS/mkuyokwa/lungcxr/classification-pipeline/gradcam/overlays/1.3.6.1.4.1.25403.158515237678667.5060.20130807021648.3_gradcam.png,18017.2109375,7712.115234375,0.7002597276408585,1,253,mask_bbox_midline
/head/NFS/mkuyokwa/lungcxr/lung_cxr_segmentation/TB_Positive/1.3.6.1.4.1.25403.158515237678667.2100.20150226021853.50.png,/head/NFS/mkuyokwa/lungcxr/lung_cxr_segmentation/tb-inference-results/segments/tb_full/1.3.6.1.4.1.25403.158515237678667.2100.20150226021853.50.nrrd,1,1,0.9998417,excellent,0.9999617338180542,True,True,/head/NFS/mkuyokwa/lungcxr/classification-pipeline/gradcam/overlays/1.3.6.1.4.1.25403.158515237678667.2100.20150226021853.50_gradcam.png,18648.087890625,5439.8271484375,0.7741677874728498,1,262,mask_bbox_midline
/head/NFS/mkuyokwa/lungcxr/lung_cxr_segmentation/TB_Positive/1.2.826.0.1.3680043.2.1125.1.24746680190224127242719742181760323.png,/head/NFS/mkuyokwa/lungcxr/lung_cxr_segmentation/tb-inference-results/segments/tb_full/1.2.826.0.1.3680043.2.1125.1.24746680190224127242719742181760323.nrrd,1,1,0.99516135,good,0.9999967813491821,True,True,/head/NFS/mkuyokwa/lungcxr/classification-pipeline/gradcam/overlays/1.2.826.0.1.3680043.2.1125.1.24746680190224127242719742181760323_gradcam.png,21233.876953125,13478.2724609375,0.6117131123122783,1,278,mask_bbox_midline
/head/NFS/mkuyokwa/lungcxr/lung_cxr_segmentation/TB_Positive/1.2.826.0.1.3680043.2.1125.1.99040299271927882801929230465138511.png,/head/NFS/mkuyokwa/lungcxr/lung_cxr_segmentation/tb-inference-results/segments/tb_full/1.2.826.0.1.3680043.2.1125.1.99040299271927882801929230465138511.nrrd,1,1,0.999684,good,0.9821684956550598,True,True,/head/NFS/mkuyokwa/lungcxr/classification-pipeline/gradcam/overlays/1.2.826.0.1.3680043.2.1125.1.99040299271927882801929230465138511_gradcam.png,15305.6435546875,7171.7734375,0.6809342710511309,1,247,mask_bbox_midline
/head/NFS/mkuyokwa/lungcxr/lung_cxr_segmentation/TB_Positive/2.25.66179220118244703483291478093217053379.png,/head/NFS/mkuyokwa/lungcxr/lung_cxr_segmentation/tb-inference-results/segments/tb_full/2.25.66179220118244703483291478093217053379.nrrd,1,1,0.9999547,good,0.9989956021308899,True,True,/head/NFS/mkuyokwa/lungcxr/classification-pipeline/gradcam/overlays/2.25.66179220118244703483291478093217053379_gradcam.png,13767.1767578125,6510.37451171875,0.678936848676539,1,287,mask_bbox_midline
/head/NFS/mkuyokwa/lungcxr/lung_cxr_segmentation/TB_Positive/2.25.255229382205524117380902191023585024306.png,/head/NFS/mkuyokwa/lungcxr/lung_cxr_segmentation/tb-inference-results/segments/tb_full/2.25.255229382205524117380902191023585024306.nrrd,1,1,0.999658,good,0.9997261166572571,True,True,/head/NFS/mkuyokwa/lungcxr/classification-pipeline/gradcam/overlays/2.25.255229382205524117380902191023585024306_gradcam.png,21986.375,6251.45947265625,0.7786140619703055,1,245,mask_bbox_midline
/head/NFS/mkuyokwa/lungcxr/lung_cxr_segmentation/TB_Positive/2.25.292436009793106789344259198931009290129.png,/head/NFS/mkuyokwa/lungcxr/lung_cxr_segmentation/tb-inference-results/segments/tb_full/2.25.292436009793106789344259198931009290129.nrrd,1,1,0.9968585,good,0.9999983310699463,True,True,/head/NFS/mkuyokwa/lungcxr/classification-pipeline/gradcam/overlays/2.25.292436009793106789344259198931009290129_gradcam.png,19878.1328125,15639.5439453125,0.5596687234935092,1,264,mask_bbox_midline
/head/NFS/mkuyokwa/lungcxr/lung_cxr_segmentation/TB_Positive/1.2.826.0.1.3680043.2.1125.1.54890257274257562922343639769418584.png,/head/NFS/mkuyokwa/lungcxr/lung_cxr_segmentation/tb-inference-results/segments/tb_full/1.2.826.0.1.3680043.2.1125.1.54890257274257562922343639769418584.nrrd,1,1,0.9998747,good,0.9999146461486816,True,True,/head/NFS/mkuyokwa/lungcxr/classification-pipeline/gradcam/overlays/1.2.826.0.1.3680043.2.1125.1.54890257274257562922343639769418584_gradcam.png,14444.771484375,8583.6845703125,0.6272574874351913,1,246,mask_bbox_midline
/head/NFS/mkuyokwa/lungcxr/lung_cxr_segmentation/TB_Positive/1.2.826.0.1.3680043.2.1125.1.81016930469825635248468422958410443.png,/head/NFS/mkuyokwa/lungcxr/lung_cxr_segmentation/tb-inference-results/segments/tb_full/1.2.826.0.1.3680043.2.1125.1.81016930469825635248468422958410443.nrrd,1,1,0.9999709,good,0.9999806880950928,True,True,/head/NFS/mkuyokwa/lungcxr/classification-pipeline/gradcam/overlays/1.2.826.0.1.3680043.2.1125.1.81016930469825635248468422958410443_gradcam.png,16565.392578125,15521.28515625,0.5162701079637864,1,261,mask_bbox_midline
/head/NFS/mkuyokwa/lungcxr/lung_cxr_segmentation/TB_Positive/2.25.247004054111600983977489804780123563469.png,/head/NFS/mkuyokwa/lungcxr/lung_cxr_segmentation/tb-inference-results/segments/tb_full/2.25.247004054111600983977489804780123563469.nrrd,1,1,0.99986184,good,0.9999995231628418,True,True,/head/NFS/mkuyokwa/lungcxr/classification-pipeline/gradcam/overlays/2.25.247004054111600983977489804780123563469_gradcam.png,23403.29296875,19209.021484375,0.5492143120856395,1,236,mask_bbox_midline
/head/NFS/mkuyokwa/lungcxr/lung_cxr_segmentation/TB_Positive/2.25.223614545184232723541712296283374986041.png,/head/NFS/mkuyokwa/lungcxr/lung_cxr_segmentation/tb-inference-results/segments/tb_full/2.25.223614545184232723541712296283374986041.nrrd,1,1,0.99993324,good,0.9993033409118652,True,True,/head/NFS/mkuyokwa/lungcxr/classification-pipeline/gradcam/overlays/2.25.223614545184232723541712296283374986041_gradcam.png,16165.224609375,10101.5234375,0.6154254261139191,1,248,mask_bbox_midline
/head/NFS/mkuyokwa/lungcxr/lung_cxr_segmentation/TB_Positive/1.2.826.0.1.3680043.2.1125.1.60543903048220989629634784912187357.png,/head/NFS/mkuyokwa/lungcxr/lung_cxr_segmentation/tb-inference-results/segments/tb_full/1.2.826.0.1.3680043.2.1125.1.60543903048220989629634784912187357.nrrd,1,1,0.9979845,good,0.9981139898300171,True,True,/head/NFS/mkuyokwa/lungcxr/classification-pipeline/gradcam/overlays/1.2.826.0.1.3680043.2.1125.1.60543903048220989629634784912187357_gradcam.png,21211.205078125,13964.28125,0.6030109969272924,1,261,mask_bbox_midline
/head/NFS/mkuyokwa/lungcxr/lung_cxr_segmentation/TB_Positive/1.3.6.1.4.1.25403.158515237678667.5060.20130807021445.9.png,/head/NFS/mkuyokwa/lungcxr/lung_cxr_segmentation/tb-inference-results/segments/tb_full/1.3.6.1.4.1.25403.158515237678667.5060.20130807021445.9.nrrd,1,1,0.98595226,good,0.9997995495796204,True,True,/head/NFS/mkuyokwa/lungcxr/classification-pipeline/gradcam/overlays/1.3.6.1.4.1.25403.158515237678667.5060.20130807021445.9_gradcam.png,17700.529296875,10969.52734375,0.6173873152309591,1,249,mask_bbox_midline
/head/NFS/mkuyokwa/lungcxr/lung_cxr_segmentation/TB_Positive/2.25.58496345884513048710397939338273432853.png,/head/NFS/mkuyokwa/lungcxr/lung_cxr_segmentation/tb-inference-results/segments/tb_full/2.25.58496345884513048710397939338273432853.nrrd,1,1,0.99988973,good,0.9996964931488037,True,True,/head/NFS/mkuyokwa/lungcxr/classification-pipeline/gradcam/overlays/2.25.58496345884513048710397939338273432853_gradcam.png,17415.8984375,10469.373046875,0.6245554556375282,1,249,mask_bbox_midline
/head/NFS/mkuyokwa/lungcxr/lung_cxr_segmentation/TB_Positive/2.25.247130449431324834454909600852111745367.png,/head/NFS/mkuyokwa/lungcxr/lung_cxr_segmentation/tb-inference-results/segments/tb_full/2.25.247130449431324834454909600852111745367.nrrd,1,1,0.99989116,good,0.9985795021057129,True,True,/head/NFS/mkuyokwa/lungcxr/classification-pipeline/gradcam/overlays/2.25.247130449431324834454909600852111745367_gradcam.png,20775.62109375,5941.2568359375,0.7776215899337684,1,257,mask_bbox_midline
/head/NFS/mkuyokwa/lungcxr/lung_cxr_segmentation/TB_Positive/2.25.299550769931122878236415427863764564497.png,/head/NFS/mkuyokwa/lungcxr/lung_cxr_segmentation/tb-inference-results/segments/tb_full/2.25.299550769931122878236415427863764564497.nrrd,1,1,0.9940195,good,0.989791989326477,True,True,/head/NFS/mkuyokwa/lungcxr/classification-pipeline/gradcam/overlays/2.25.299550769931122878236415427863764564497_gradcam.png,15346.9619140625,8346.0927734375,0.6477409568534556,1,123,mask_bbox_midline
/head/NFS/mkuyokwa/lungcxr/lung_cxr_segmentation/TB_Positive/1.2.826.0.1.3680043.2.1125.1.20622784028679274061262167520695288.png,/head/NFS/mkuyokwa/lungcxr/lung_cxr_segmentation/tb-inference-results/segments/tb_full/1.2.826.0.1.3680043.2.1125.1.20622784028679274061262167520695288.nrrd,1,1,0.9988324,good,0.983055830001831,True,True,/head/NFS/mkuyokwa/lungcxr/classification-pipeline/gradcam/overlays/1.2.826.0.1.3680043.2.1125.1.20622784028679274061262167520695288_gradcam.png,16776.958984375,18521.09765625,0.47529412610965605,0,255,mask_bbox_midline
/head/NFS/mkuyokwa/lungcxr/lung_cxr_segmentation/TB_Positive/2.25.284721899128597074056836689208114173454.png,/head/NFS/mkuyokwa/lungcxr/lung_cxr_segmentation/tb-inference-results/segments/tb_full/2.25.284721899128597074056836689208114173454.nrrd,1,1,0.9998135,good,0.9999599456787109,True,True,/head/NFS/mkuyokwa/lungcxr/classification-pipeline/gradcam/overlays/2.25.284721899128597074056836689208114173454_gradcam.png,19007.83984375,12012.92578125,0.612745670868657,1,251,mask_bbox_midline
/head/NFS/mkuyokwa/lungcxr/lung_cxr_segmentation/TB_Positive/1.2.826.0.1.3680043.2.1125.1.55713001584403914518738573761856676.png,/head/NFS/mkuyokwa/lungcxr/lung_cxr_segmentation/tb-inference-results/segments/tb_full/1.2.826.0.1.3680043.2.1125.1.55713001584403914518738573761856676.nrrd,1,1,0.9934342,good,0.9994908571243286,True,True,/head/NFS/mkuyokwa/lungcxr/classification-pipeline/gradcam/overlays/1.2.826.0.1.3680043.2.1125.1.55713001584403914518738573761856676_gradcam.png,16770.75390625,18227.474609375,0.4791886508987927,0,259,mask_bbox_midline
/head/NFS/mkuyokwa/lungcxr/lung_cxr_segmentation/TB_Positive/2.25.77742759612735475621731471527864159179.png,/head/NFS/mkuyokwa/lungcxr/lung_cxr_segmentation/tb-inference-results/segments/tb_full/2.25.77742759612735475621731471527864159179.nrrd,1,1,0.9926583,good,0.9881163835525513,True,True,/head/NFS/mkuyokwa/lungcxr/classification-pipeline/gradcam/overlays/2.25.77742759612735475621731471527864159179_gradcam.png,5625.72705078125,9827.9501953125,0.36403808369967566,0,118,mask_bbox_midline
/head/NFS/mkuyokwa/lungcxr/lung_cxr_segmentation/TB_Positive/2.25.147661976382789218174185296553390120388.png,/head/NFS/mkuyokwa/lungcxr/lung_cxr_segmentation/tb-inference-results/segments/tb_full/2.25.147661976382789218174185296553390120388.nrrd,1,1,0.9994779,good,0.9997559189796448,True,True,/head/NFS/mkuyokwa/lungcxr/classification-pipeline/gradcam/overlays/2.25.147661976382789218174185296553390120388_gradcam.png,17277.736328125,10572.9033203125,0.6203712570420022,1,254,mask_bbox_midline
/head/NFS/mkuyokwa/lungcxr/lung_cxr_segmentation/TB_Positive/2.25.281149482716763451545533008240233661887.png,/head/NFS/mkuyokwa/lungcxr/lung_cxr_segmentation/tb-inference-results/segments/tb_full/2.25.281149482716763451545533008240233661887.nrrd,1,1,0.982288,good,0.8283870816230774,True,True,/head/NFS/mkuyokwa/lungcxr/classification-pipeline/gradcam/overlays/2.25.281149482716763451545533008240233661887_gradcam.png,6171.1494140625,5510.224609375,0.5282896859291305,1,103,mask_bbox_midline
/head/NFS/mkuyokwa/lungcxr/lung_cxr_segmentation/TB_Positive/2.25.70517841656083136581382391996463471717.png,/head/NFS/mkuyokwa/lungcxr/lung_cxr_segmentation/tb-inference-results/segments/tb_full/2.25.70517841656083136581382391996463471717.nrrd,1,1,0.99873334,good,0.9999039173126221,True,True,/head/NFS/mkuyokwa/lungcxr/classification-pipeline/gradcam/overlays/2.25.70517841656083136581382391996463471717_gradcam.png,16953.484375,12483.65234375,0.5759216508377824,1,257,mask_bbox_midline
/head/NFS/mkuyokwa/lungcxr/lung_cxr_segmentation/TB_Positive/1.3.6.1.4.1.25403.163683357445804.11044.20131119114444.3.png,/head/NFS/mkuyokwa/lungcxr/lung_cxr_segmentation/tb-inference-results/segments/tb_full/1.3.6.1.4.1.25403.163683357445804.11044.20131119114444.3.nrrd,1,1,0.9963612,good,0.9997946619987488,True,True,/head/NFS/mkuyokwa/lungcxr/classification-pipeline/gradcam/overlays/1.3.6.1.4.1.25403.163683357445804.11044.20131119114444.3_gradcam.png,15144.9130859375,10840.2109375,0.5828301251237985,1,253,mask_bbox_midline
/head/NFS/mkuyokwa/lungcxr/lung_cxr_segmentation/TB_Positive/2.25.219736256011338939935250763589324040226.png,/head/NFS/mkuyokwa/lungcxr/lung_cxr_segmentation/tb-inference-results/segments/tb_full/2.25.219736256011338939935250763589324040226.nrrd,1,1,0.999186,good,0.9976713061332703,True,True,/head/NFS/mkuyokwa/lungcxr/classification-pipeline/gradcam/overlays/2.25.219736256011338939935250763589324040226_gradcam.png,19562.09375,7327.8623046875,0.7274870107714403,1,169,mask_bbox_midline
/head/NFS/mkuyokwa/lungcxr/lung_cxr_segmentation/TB_Positive/2.25.181673062977103505856935895565434813621.png,/head/NFS/mkuyokwa/lungcxr/lung_cxr_segmentation/tb-inference-results/segments/tb_full/2.25.181673062977103505856935895565434813621.nrrd,1,1,0.99995506,good,0.9998049139976501,True,True,/head/NFS/mkuyokwa/lungcxr/classification-pipeline/gradcam/overlays/2.25.181673062977103505856935895565434813621_gradcam.png,17447.1640625,21084.341796875,0.45280254880708165,0,236,mask_bbox_midline
/head/NFS/mkuyokwa/lungcxr/lung_cxr_segmentation/TB_Positive/1.2.826.0.1.3680043.2.1125.1.35744949595632614947307154022688603.png,/head/NFS/mkuyokwa/lungcxr/lung_cxr_segmentation/tb-inference-results/segments/tb_full/1.2.826.0.1.3680043.2.1125.1.35744949595632614947307154022688603.nrrd,1,1,0.9998066,good,0.9999841451644897,True,True,/head/NFS/mkuyokwa/lungcxr/classification-pipeline/gradcam/overlays/1.2.826.0.1.3680043.2.1125.1.35744949595632614947307154022688603_gradcam.png,15262.98828125,19332.001953125,0.4411907093439231,0,257,mask_bbox_midline
/head/NFS/mkuyokwa/lungcxr/lung_cxr_segmentation/TB_Positive/2.25.90172781907554205461891643724611363556.png,/head/NFS/mkuyokwa/lungcxr/lung_cxr_segmentation/tb-inference-results/segments/tb_full/2.25.90172781907554205461891643724611363556.nrrd,1,1,0.9999695,good,0.9999127388000488,True,True,/head/NFS/mkuyokwa/lungcxr/classification-pipeline/gradcam/overlays/2.25.90172781907554205461891643724611363556_gradcam.png,26685.935546875,18129.75390625,0.5954596676413328,1,255,mask_bbox_midline
/head/NFS/mkuyokwa/lungcxr/lung_cxr_segmentation/TB_Positive/1.2.826.0.1.3680043.2.1125.1.24907434391870343017061091068326622.png,/head/NFS/mkuyokwa/lungcxr/lung_cxr_segmentation/tb-inference-results/segments/tb_full/1.2.826.0.1.3680043.2.1125.1.24907434391870343017061091068326622.nrrd,1,1,0.99871266,good,0.9999865293502808,True,True,/head/NFS/mkuyokwa/lungcxr/classification-pipeline/gradcam/overlays/1.2.826.0.1.3680043.2.1125.1.24907434391870343017061091068326622_gradcam.png,26593.970703125,18560.98828125,0.5889490612166723,1,256,mask_bbox_midline
/head/NFS/mkuyokwa/lungcxr/lung_cxr_segmentation/TB_Positive/2.25.198662795533991858825713332580450177999.png,/head/NFS/mkuyokwa/lungcxr/lung_cxr_segmentation/tb-inference-results/segments/tb_full/2.25.198662795533991858825713332580450177999.nrrd,1,1,0.99998784,good,0.9999808073043823,True,True,/head/NFS/mkuyokwa/lungcxr/classification-pipeline/gradcam/overlays/2.25.198662795533991858825713332580450177999_gradcam.png,20868.978515625,6108.3115234375,0.7735757922833315,1,261,mask_bbox_midline
/head/NFS/mkuyokwa/lungcxr/lung_cxr_segmentation/TB_Positive/1.2.840.114062.2.192.168.196.13.2023.5.10.10.46.0.3242593.png,/head/NFS/mkuyokwa/lungcxr/lung_cxr_segmentation/tb-inference-results/segments/tb_full/1.2.840.114062.2.192.168.196.13.2023.5.10.10.46.0.3242593.nrrd,1,1,0.9999138,good,0.9999712705612183,True,True,/head/NFS/mkuyokwa/lungcxr/classification-pipeline/gradcam/overlays/1.2.840.114062.2.192.168.196.13.2023.5.10.10.46.0.3242593_gradcam.png,18408.2421875,7276.8740234375,0.7166890753510087,1,277,mask_bbox_midline
/head/NFS/mkuyokwa/lungcxr/lung_cxr_segmentation/TB_Positive/1.2.826.0.1.3680043.2.1125.1.92219536524325704736145474551832997.png,/head/NFS/mkuyokwa/lungcxr/lung_cxr_segmentation/tb-inference-results/segments/tb_full/1.2.826.0.1.3680043.2.1125.1.92219536524325704736145474551832997.nrrd,1,1,0.9908381,good,0.9862502813339233,True,True,/head/NFS/mkuyokwa/lungcxr/classification-pipeline/gradcam/overlays/1.2.826.0.1.3680043.2.1125.1.92219536524325704736145474551832997_gradcam.png,15267.021484375,9538.828125,0.6154605355103442,1,255,mask_bbox_midline
/head/NFS/mkuyokwa/lungcxr/lung_cxr_segmentation/TB_Positive/2.25.271285105551863583339663409639191571346.png,/head/NFS/mkuyokwa/lungcxr/lung_cxr_segmentation/tb-inference-results/segments/tb_full/2.25.271285105551863583339663409639191571346.nrrd,1,1,0.99992335,good,0.9999885559082031,True,True,/head/NFS/mkuyokwa/lungcxr/classification-pipeline/gradcam/overlays/2.25.271285105551863583339663409639191571346_gradcam.png,19478.5234375,9851.7861328125,0.6641090299713623,1,281,mask_bbox_midline
/head/NFS/mkuyokwa/lungcxr/lung_cxr_segmentation/TB_Positive/1.2.826.0.1.3680043.2.1125.1.68033910599560270484455929427215458.png,/head/NFS/mkuyokwa/lungcxr/lung_cxr_segmentation/tb-inference-results/segments/tb_full/1.2.826.0.1.3680043.2.1125.1.68033910599560270484455929427215458.nrrd,1,1,0.99994075,good,0.9998970031738281,True,True,/head/NFS/mkuyokwa/lungcxr/classification-pipeline/gradcam/overlays/1.2.826.0.1.3680043.2.1125.1.68033910599560270484455929427215458_gradcam.png,22157.24609375,17670.21875,0.5563308179588304,1,246,mask_bbox_midline
/head/NFS/mkuyokwa/lungcxr/lung_cxr_segmentation/TB_Positive/2.25.8867197975223434931793445254871337886.png,/head/NFS/mkuyokwa/lungcxr/lung_cxr_segmentation/tb-inference-results/segments/tb_full/2.25.8867197975223434931793445254871337886.nrrd,1,1,0.9866955,good,0.9997207522392273,True,True,/head/NFS/mkuyokwa/lungcxr/classification-pipeline/gradcam/overlays/2.25.8867197975223434931793445254871337886_gradcam.png,21216.22265625,10272.8994140625,0.673763549484676,1,253,mask_bbox_midline
/head/NFS/mkuyokwa/lungcxr/lung_cxr_segmentation/TB_Positive/1.2.826.0.1.3680043.2.1125.1.31003112711417447278933159653758615.png,/head/NFS/mkuyokwa/lungcxr/lung_cxr_segmentation/tb-inference-results/segments/tb_full/1.2.826.0.1.3680043.2.1125.1.31003112711417447278933159653758615.nrrd,1,1,0.8133428,good,0.9990537762641907,True,True,/head/NFS/mkuyokwa/lungcxr/classification-pipeline/gradcam/overlays/1.2.826.0.1.3680043.2.1125.1.31003112711417447278933159653758615_gradcam.png,17033.19921875,11901.0439453125,0.5886865304258562,1,251,mask_bbox_midline
/head/NFS/mkuyokwa/lungcxr/lung_cxr_segmentation/TB_Positive/1.3.6.1.4.1.25403.158515237678667.5060.20130807020618.21.png,/head/NFS/mkuyokwa/lungcxr/lung_cxr_segmentation/tb-inference-results/segments/tb_full/1.3.6.1.4.1.25403.158515237678667.5060.20130807020618.21.nrrd,1,1,0.9952113,good,0.999946117401123,True,True,/head/NFS/mkuyokwa/lungcxr/classification-pipeline/gradcam/overlays/1.3.6.1.4.1.25403.158515237678667.5060.20130807020618.21_gradcam.png,17692.76953125,12182.81640625,0.5922149800932252,1,254,mask_bbox_midline
/head/NFS/mkuyokwa/lungcxr/lung_cxr_segmentation/TB_Positive/1.2.840.114062.2.192.168.196.13.2023.4.7.12.28.29.14894781.png,/head/NFS/mkuyokwa/lungcxr/lung_cxr_segmentation/tb-inference-results/segments/tb_full/1.2.840.114062.2.192.168.196.13.2023.4.7.12.28.29.14894781.nrrd,1,1,0.9999596,good,0.9994621872901917,True,True,/head/NFS/mkuyokwa/lungcxr/classification-pipeline/gradcam/overlays/1.2.840.114062.2.192.168.196.13.2023.4.7.12.28.29.14894781_gradcam.png,12961.625,6650.03173828125,0.6609143313578079,1,259,mask_bbox_midline
/head/NFS/mkuyokwa/lungcxr/lung_cxr_segmentation/TB_Positive/1.2.826.0.1.3680043.2.1125.1.3546812947061442511195931198135985.png,/head/NFS/mkuyokwa/lungcxr/lung_cxr_segmentation/tb-inference-results/segments/tb_full/1.2.826.0.1.3680043.2.1125.1.3546812947061442511195931198135985.nrrd,1,1,0.99983,good,0.9953010082244873,True,True,/head/NFS/mkuyokwa/lungcxr/classification-pipeline/gradcam/overlays/1.2.826.0.1.3680043.2.1125.1.3546812947061442511195931198135985_gradcam.png,15563.6953125,10734.3251953125,0.5918200310124637,1,255,mask_bbox_midline
/head/NFS/mkuyokwa/lungcxr/lung_cxr_segmentation/TB_Positive/1.2.840.114062.2.192.168.196.14.2016.5.18.10.2.40.3685500.png,/head/NFS/mkuyokwa/lungcxr/lung_cxr_segmentation/tb-inference-results/segments/tb_full/1.2.840.114062.2.192.168.196.14.2016.5.18.10.2.40.3685500.nrrd,1,1,0.999954,good,0.9999295473098755,True,True,/head/NFS/mkuyokwa/lungcxr/classification-pipeline/gradcam/overlays/1.2.840.114062.2.192.168.196.14.2016.5.18.10.2.40.3685500_gradcam.png,16910.35546875,8611.11328125,0.6625933497165989,1,264,mask_bbox_midline
/head/NFS/mkuyokwa/lungcxr/lung_cxr_segmentation/TB_Positive/1.2.826.0.1.3680043.2.1125.1.7219162609609048130385750201486007.png,/head/NFS/mkuyokwa/lungcxr/lung_cxr_segmentation/tb-inference-results/segments/tb_full/1.2.826.0.1.3680043.2.1125.1.7219162609609048130385750201486007.nrrd,1,1,0.99992466,good,0.999881386756897,True,True,/head/NFS/mkuyokwa/lungcxr/classification-pipeline/gradcam/overlays/1.2.826.0.1.3680043.2.1125.1.7219162609609048130385750201486007_gradcam.png,14487.6142578125,13509.052734375,0.5174763932383553,1,255,mask_bbox_midline
/head/NFS/mkuyokwa/lungcxr/lung_cxr_segmentation/TB_Positive/1.2.840.114062.2.192.168.196.13.2023.10.13.11.43.0.12328500.png,/head/NFS/mkuyokwa/lungcxr/lung_cxr_segmentation/tb-inference-results/segments/tb_full/1.2.840.114062.2.192.168.196.13.2023.10.13.11.43.0.12328500.nrrd,1,1,0.99998856,good,0.9986825585365295,True,True,/head/NFS/mkuyokwa/lungcxr/classification-pipeline/gradcam/overlays/1.2.840.114062.2.192.168.196.13.2023.10.13.11.43.0.12328500_gradcam.png,23068.35546875,6892.04296875,0.7699615716684342,1,252,mask_bbox_midline
/head/NFS/mkuyokwa/lungcxr/lung_cxr_segmentation/TB_Positive/1.2.826.0.1.3680043.2.1125.1.43229224407243735697368208202940071.png,/head/NFS/mkuyokwa/lungcxr/lung_cxr_segmentation/tb-inference-results/segments/tb_full/1.2.826.0.1.3680043.2.1125.1.43229224407243735697368208202940071.nrrd,1,1,0.999954,good,0.9998730421066284,True,True,/head/NFS/mkuyokwa/lungcxr/classification-pipeline/gradcam/overlays/1.2.826.0.1.3680043.2.1125.1.43229224407243735697368208202940071_gradcam.png,22615.931640625,7468.4228515625,0.7517506033409509,1,233,mask_bbox_midline
/head/NFS/mkuyokwa/lungcxr/lung_cxr_segmentation/TB_Positive/1.2.840.114062.2.192.168.196.13.2015.6.1.12.48.18.13670265.png,/head/NFS/mkuyokwa/lungcxr/lung_cxr_segmentation/tb-inference-results/segments/tb_full/1.2.840.114062.2.192.168.196.13.2015.6.1.12.48.18.13670265.nrrd,1,1,0.99954283,good,0.9991604089736938,True,True,/head/NFS/mkuyokwa/lungcxr/classification-pipeline/gradcam/overlays/1.2.840.114062.2.192.168.196.13.2015.6.1.12.48.18.13670265_gradcam.png,17525.32421875,10699.16015625,0.6209262846365108,1,244,mask_bbox_midline
/head/NFS/mkuyokwa/lungcxr/lung_cxr_segmentation/TB_Positive/1.2.826.0.1.3680043.2.1125.1.18555073676191309881764811812037696.png,/head/NFS/mkuyokwa/lungcxr/lung_cxr_segmentation/tb-inference-results/segments/tb_full/1.2.826.0.1.3680043.2.1125.1.18555073676191309881764811812037696.nrrd,1,1,0.99888664,good,0.9999924898147583,True,True,/head/NFS/mkuyokwa/lungcxr/classification-pipeline/gradcam/overlays/1.2.826.0.1.3680043.2.1125.1.18555073676191309881764811812037696_gradcam.png,23758.9921875,19732.91015625,0.5462854211276937,1,253,mask_bbox_midline
/head/NFS/mkuyokwa/lungcxr/lung_cxr_segmentation/TB_Positive/2.25.315878187388586816193702928173251752797.png,/head/NFS/mkuyokwa/lungcxr/lung_cxr_segmentation/tb-inference-results/segments/tb_full/2.25.315878187388586816193702928173251752797.nrrd,1,1,0.9985127,good,0.9742727279663086,True,True,/head/NFS/mkuyokwa/lungcxr/classification-pipeline/gradcam/overlays/2.25.315878187388586816193702928173251752797_gradcam.png,7943.7392578125,3990.43701171875,0.6656294559762284,1,116,mask_bbox_midline
/head/NFS/mkuyokwa/lungcxr/lung_cxr_segmentation/TB_Positive/2.25.251504769143211230737872046222643242950.png,/head/NFS/mkuyokwa/lungcxr/lung_cxr_segmentation/tb-inference-results/segments/tb_full/2.25.251504769143211230737872046222643242950.nrrd,1,1,0.99998736,good,0.9993253946304321,True,True,/head/NFS/mkuyokwa/lungcxr/classification-pipeline/gradcam/overlays/2.25.251504769143211230737872046222643242950_gradcam.png,20324.1953125,13919.822265625,0.5935108305014728,1,262,mask_bbox_midline
/head/NFS/mkuyokwa/lungcxr/lung_cxr_segmentation/TB_Positive/1.2.826.0.1.3680043.2.1125.1.68666206426026312520374410717138583.png,/head/NFS/mkuyokwa/lungcxr/lung_cxr_segmentation/tb-inference-results/segments/tb_full/1.2.826.0.1.3680043.2.1125.1.68666206426026312520374410717138583.nrrd,1,1,0.9988116,good,0.9997170567512512,True,True,/head/NFS/mkuyokwa/lungcxr/classification-pipeline/gradcam/overlays/1.2.826.0.1.3680043.2.1125.1.68666206426026312520374410717138583_gradcam.png,20156.984375,6926.38525390625,0.744256887203811,1,265,mask_bbox_midline
/head/NFS/mkuyokwa/lungcxr/lung_cxr_segmentation/TB_Positive/1.2.826.0.1.3680043.2.1125.1.13720716926474009665703551459190240.png,/head/NFS/mkuyokwa/lungcxr/lung_cxr_segmentation/tb-inference-results/segments/tb_full/1.2.826.0.1.3680043.2.1125.1.13720716926474009665703551459190240.nrrd,1,1,0.99785304,good,0.9999032020568848,True,True,/head/NFS/mkuyokwa/lungcxr/classification-pipeline/gradcam/overlays/1.2.826.0.1.3680043.2.1125.1.13720716926474009665703551459190240_gradcam.png,18746.1015625,15040.560546875,0.5548373349759934,1,267,mask_bbox_midline
/head/NFS/mkuyokwa/lungcxr/lung_cxr_segmentation/TB_Positive/2.25.69703828338302645926981414749051686692.png,/head/NFS/mkuyokwa/lungcxr/lung_cxr_segmentation/tb-inference-results/segments/tb_full/2.25.69703828338302645926981414749051686692.nrrd,1,1,0.99989176,good,0.9999696016311646,True,True,/head/NFS/mkuyokwa/lungcxr/classification-pipeline/gradcam/overlays/2.25.69703828338302645926981414749051686692_gradcam.png,17021.57421875,13468.421875,0.5582675106422585,1,254,mask_bbox_midline
/head/NFS/mkuyokwa/lungcxr/lung_cxr_segmentation/TB_Positive/2.25.301681276954794265097996355985264054735.png,/head/NFS/mkuyokwa/lungcxr/lung_cxr_segmentation/tb-inference-results/segments/tb_full/2.25.301681276954794265097996355985264054735.nrrd,1,1,0.9990369,good,0.9842159152030945,True,True,/head/NFS/mkuyokwa/lungcxr/classification-pipeline/gradcam/overlays/2.25.301681276954794265097996355985264054735_gradcam.png,23599.48828125,11335.818359375,0.6755197120212768,1,257,mask_bbox_midline
/head/NFS/mkuyokwa/lungcxr/lung_cxr_segmentation/TB_Positive/1.2.826.0.1.3680043.2.1125.1.82744187562762123037669076562973239.png,/head/NFS/mkuyokwa/lungcxr/lung_cxr_segmentation/tb-inference-results/segments/tb_full/1.2.826.0.1.3680043.2.1125.1.82744187562762123037669076562973239.nrrd,1,1,0.99994504,good,0.9997513890266418,True,True,/head/NFS/mkuyokwa/lungcxr/classification-pipeline/gradcam/overlays/1.2.826.0.1.3680043.2.1125.1.82744187562762123037669076562973239_gradcam.png,23986.189453125,9055.4716796875,0.7259377595064422,1,258,mask_bbox_midline
/head/NFS/mkuyokwa/lungcxr/lung_cxr_segmentation/TB_Positive/1.2.826.0.1.3680043.2.1125.1.42256786014283814034568855020533477.png,/head/NFS/mkuyokwa/lungcxr/lung_cxr_segmentation/tb-inference-results/segments/tb_full/1.2.826.0.1.3680043.2.1125.1.42256786014283814034568855020533477.nrrd,1,1,0.99743444,good,0.9993367791175842,True,True,/head/NFS/mkuyokwa/lungcxr/classification-pipeline/gradcam/overlays/1.2.826.0.1.3680043.2.1125.1.42256786014283814034568855020533477_gradcam.png,16679.244140625,13236.5576171875,0.5575395998293518,1,255,mask_bbox_midline
/head/NFS/mkuyokwa/lungcxr/lung_cxr_segmentation/TB_Positive/2.25.271433923845694288190055702250959341700.png,/head/NFS/mkuyokwa/lungcxr/lung_cxr_segmentation/tb-inference-results/segments/tb_full/2.25.271433923845694288190055702250959341700.nrrd,1,1,0.9999745,good,0.9999734163284302,True,True,/head/NFS/mkuyokwa/lungcxr/classification-pipeline/gradcam/overlays/2.25.271433923845694288190055702250959341700_gradcam.png,17025.888671875,9300.3935546875,0.6467259039978058,1,237,mask_bbox_midline
/head/NFS/mkuyokwa/lungcxr/lung_cxr_segmentation/TB_Positive/1.2.840.114062.2.192.168.196.13.2022.7.13.11.38.39.11678296.png,/head/NFS/mkuyokwa/lungcxr/lung_cxr_segmentation/tb-inference-results/segments/tb_full/1.2.840.114062.2.192.168.196.13.2022.7.13.11.38.39.11678296.nrrd,1,1,0.99988616,good,0.9993359446525574,True,True,/head/NFS/mkuyokwa/lungcxr/classification-pipeline/gradcam/overlays/1.2.840.114062.2.192.168.196.13.2022.7.13.11.38.39.11678296_gradcam.png,12487.0107421875,5348.27783203125,0.700129447876594,1,256,mask_bbox_midline
/head/NFS/mkuyokwa/lungcxr/lung_cxr_segmentation/TB_Positive/1.2.826.0.1.3680043.2.1125.1.79289914253445939810338013648603130.png,/head/NFS/mkuyokwa/lungcxr/lung_cxr_segmentation/tb-inference-results/segments/tb_full/1.2.826.0.1.3680043.2.1125.1.79289914253445939810338013648603130.nrrd,1,1,0.9967084,good,0.999386191368103,True,True,/head/NFS/mkuyokwa/lungcxr/classification-pipeline/gradcam/overlays/1.2.826.0.1.3680043.2.1125.1.79289914253445939810338013648603130_gradcam.png,18182.931640625,17131.79296875,0.5148824418638671,1,260,mask_bbox_midline
/head/NFS/mkuyokwa/lungcxr/lung_cxr_segmentation/TB_Positive/2.25.292061961990550072444246631977385246786.png,/head/NFS/mkuyokwa/lungcxr/lung_cxr_segmentation/tb-inference-results/segments/tb_full/2.25.292061961990550072444246631977385246786.nrrd,1,1,0.9999913,good,0.9998176693916321,True,True,/head/NFS/mkuyokwa/lungcxr/classification-pipeline/gradcam/overlays/2.25.292061961990550072444246631977385246786_gradcam.png,17627.3515625,7544.86083984375,0.7002702535935516,1,261,mask_bbox_midline
/head/NFS/mkuyokwa/lungcxr/lung_cxr_segmentation/TB_Positive/1.2.826.0.1.3680043.2.1125.1.16401176991829810188078289155733103.png,/head/NFS/mkuyokwa/lungcxr/lung_cxr_segmentation/tb-inference-results/segments/tb_full/1.2.826.0.1.3680043.2.1125.1.16401176991829810188078289155733103.nrrd,1,1,0.99617153,good,0.9997549653053284,True,True,/head/NFS/mkuyokwa/lungcxr/classification-pipeline/gradcam/overlays/1.2.826.0.1.3680043.2.1125.1.16401176991829810188078289155733103_gradcam.png,12837.443359375,20684.384765625,0.3829577346290687,0,253,mask_bbox_midline
/head/NFS/mkuyokwa/lungcxr/lung_cxr_segmentation/TB_Positive/1.2.826.0.1.3680043.2.1125.1.50609599839014312519881960925588822.png,/head/NFS/mkuyokwa/lungcxr/lung_cxr_segmentation/tb-inference-results/segments/tb_full/1.2.826.0.1.3680043.2.1125.1.50609599839014312519881960925588822.nrrd,1,1,0.9988667,good,0.9996713399887085,True,True,/head/NFS/mkuyokwa/lungcxr/classification-pipeline/gradcam/overlays/1.2.826.0.1.3680043.2.1125.1.50609599839014312519881960925588822_gradcam.png,24770.30859375,18160.8984375,0.5769767566916876,1,255,mask_bbox_midline
/head/NFS/mkuyokwa/lungcxr/lung_cxr_segmentation/TB_Positive/1.2.826.0.1.3680043.2.1125.1.48747588189034989189833521704485022.png,/head/NFS/mkuyokwa/lungcxr/lung_cxr_segmentation/tb-inference-results/segments/tb_full/1.2.826.0.1.3680043.2.1125.1.48747588189034989189833521704485022.nrrd,1,1,0.99964654,good,0.9997137188911438,True,True,/head/NFS/mkuyokwa/lungcxr/classification-pipeline/gradcam/overlays/1.2.826.0.1.3680043.2.1125.1.48747588189034989189833521704485022_gradcam.png,21469.453125,8145.13818359375,0.7249619925961922,1,255,mask_bbox_midline
/head/NFS/mkuyokwa/lungcxr/lung_cxr_segmentation/TB_Positive/1.2.826.0.1.3680043.2.1125.1.30965112060150692801065209595899107.png,/head/NFS/mkuyokwa/lungcxr/lung_cxr_segmentation/tb-inference-results/segments/tb_full/1.2.826.0.1.3680043.2.1125.1.30965112060150692801065209595899107.nrrd,1,1,0.99921906,good,0.9982033967971802,True,True,/head/NFS/mkuyokwa/lungcxr/classification-pipeline/gradcam/overlays/1.2.826.0.1.3680043.2.1125.1.30965112060150692801065209595899107_gradcam.png,10227.498046875,14958.8427734375,0.40607320133723585,0,236,mask_bbox_midline
/head/NFS/mkuyokwa/lungcxr/lung_cxr_segmentation/TB_Positive/2.25.158384902734256878351068678323335192297.png,/head/NFS/mkuyokwa/lungcxr/lung_cxr_segmentation/tb-inference-results/segments/tb_full/2.25.158384902734256878351068678323335192297.nrrd,1,1,0.99993336,good,0.999993085861206,True,True,/head/NFS/mkuyokwa/lungcxr/classification-pipeline/gradcam/overlays/2.25.158384902734256878351068678323335192297_gradcam.png,16980.32421875,13267.09375,0.5613809494844537,1,252,mask_bbox_midline
/head/NFS/mkuyokwa/lungcxr/lung_cxr_segmentation/TB_Positive/1.2.826.0.1.3680043.2.1125.1.98287256835565213716467412625258335.png,/head/NFS/mkuyokwa/lungcxr/lung_cxr_segmentation/tb-inference-results/segments/tb_full/1.2.826.0.1.3680043.2.1125.1.98287256835565213716467412625258335.nrrd,1,1,0.9984522,good,0.9975377321243286,True,True,/head/NFS/mkuyokwa/lungcxr/classification-pipeline/gradcam/overlays/1.2.826.0.1.3680043.2.1125.1.98287256835565213716467412625258335_gradcam.png,19771.40234375,10813.916015625,0.6464344137745317,1,263,mask_bbox_midline
/head/NFS/mkuyokwa/lungcxr/lung_cxr_segmentation/TB_Positive/2.25.56310971267482703124037479133877410655.png,/head/NFS/mkuyokwa/lungcxr/lung_cxr_segmentation/tb-inference-results/segments/tb_full/2.25.56310971267482703124037479133877410655.nrrd,1,1,0.999964,good,0.9999657869338989,True,True,/head/NFS/mkuyokwa/lungcxr/classification-pipeline/gradcam/overlays/2.25.56310971267482703124037479133877410655_gradcam.png,23611.6640625,10688.986328125,0.6883736545401922,1,270,mask_bbox_midline
/head/NFS/mkuyokwa/lungcxr/lung_cxr_segmentation/TB_Positive/2.25.176383095586544725959186145352247422604.png,/head/NFS/mkuyokwa/lungcxr/lung_cxr_segmentation/tb-inference-results/segments/tb_full/2.25.176383095586544725959186145352247422604.nrrd,1,1,0.99970645,good,0.999927282333374,True,True,/head/NFS/mkuyokwa/lungcxr/classification-pipeline/gradcam/overlays/2.25.176383095586544725959186145352247422604_gradcam.png,21317.033203125,7088.015625,0.7504663460397974,1,255,mask_bbox_midline
/head/NFS/mkuyokwa/lungcxr/lung_cxr_segmentation/TB_Positive/1.2.826.0.1.3680043.2.1125.1.77984955019688753304726341120599869.png,/head/NFS/mkuyokwa/lungcxr/lung_cxr_segmentation/tb-inference-results/segments/tb_full/1.2.826.0.1.3680043.2.1125.1.77984955019688753304726341120599869.nrrd,1,1,0.9999416,good,0.9997547268867493,True,True,/head/NFS/mkuyokwa/lungcxr/classification-pipeline/gradcam/overlays/1.2.826.0.1.3680043.2.1125.1.77984955019688753304726341120599869_gradcam.png,14936.560546875,10074.7041015625,0.5971933349563,1,254,mask_bbox_midline
/head/NFS/mkuyokwa/lungcxr/lung_cxr_segmentation/TB_Positive/1.3.6.1.4.1.25403.75984511895.34804.20150526025129.6.png,/head/NFS/mkuyokwa/lungcxr/lung_cxr_segmentation/tb-inference-results/segments/tb_full/1.3.6.1.4.1.25403.75984511895.34804.20150526025129.6.nrrd,1,1,0.9996146,good,0.9999735355377197,True,True,/head/NFS/mkuyokwa/lungcxr/classification-pipeline/gradcam/overlays/1.3.6.1.4.1.25403.75984511895.34804.20150526025129.6_gradcam.png,19802.046875,6916.25048828125,0.7411417952932061,1,260,mask_bbox_midline
/head/NFS/mkuyokwa/lungcxr/lung_cxr_segmentation/TB_Positive/2.25.284199875867110941476532221436814507991.png,/head/NFS/mkuyokwa/lungcxr/lung_cxr_segmentation/tb-inference-results/segments/tb_full/2.25.284199875867110941476532221436814507991.nrrd,1,1,0.99682,good,0.9810094833374023,True,True,/head/NFS/mkuyokwa/lungcxr/classification-pipeline/gradcam/overlays/2.25.284199875867110941476532221436814507991_gradcam.png,8829.4580078125,7037.017578125,0.5564851475672438,1,117,mask_bbox_midline
/head/NFS/mkuyokwa/lungcxr/lung_cxr_segmentation/TB_Positive/2.25.65873138152122971282910239424687753578.png,/head/NFS/mkuyokwa/lungcxr/lung_cxr_segmentation/tb-inference-results/segments/tb_full/2.25.65873138152122971282910239424687753578.nrrd,1,1,0.99849975,good,0.9930282235145569,True,True,/head/NFS/mkuyokwa/lungcxr/classification-pipeline/gradcam/overlays/2.25.65873138152122971282910239424687753578_gradcam.png,21860.97265625,7012.82958984375,0.7571213680112915,1,255,mask_bbox_midline
/head/NFS/mkuyokwa/lungcxr/lung_cxr_segmentation/TB_Positive/1.2.826.0.1.3680043.2.1125.1.40107824769292920713026112909682114.png,/head/NFS/mkuyokwa/lungcxr/lung_cxr_segmentation/tb-inference-results/segments/tb_full/1.2.826.0.1.3680043.2.1125.1.40107824769292920713026112909682114.nrrd,1,1,0.9981832,good,0.9999961853027344,True,True,/head/NFS/mkuyokwa/lungcxr/classification-pipeline/gradcam/overlays/1.2.826.0.1.3680043.2.1125.1.40107824769292920713026112909682114_gradcam.png,27630.23828125,26337.484375,0.5119771026330336,1,259,mask_bbox_midline
/head/NFS/mkuyokwa/lungcxr/lung_cxr_segmentation/TB_Positive/2.25.285640569773637459982078822263751124219.png,/head/NFS/mkuyokwa/lungcxr/lung_cxr_segmentation/tb-inference-results/segments/tb_full/2.25.285640569773637459982078822263751124219.nrrd,1,1,0.99899036,good,0.999904990196228,True,True,/head/NFS/mkuyokwa/lungcxr/classification-pipeline/gradcam/overlays/2.25.285640569773637459982078822263751124219_gradcam.png,24148.810546875,19951.62890625,0.5475866192341036,1,256,mask_bbox_midline
/head/NFS/mkuyokwa/lungcxr/lung_cxr_segmentation/TB_Positive/1.2.840.114062.2.192.168.196.13.2018.11.5.11.3.10.7753609.png,/head/NFS/mkuyokwa/lungcxr/lung_cxr_segmentation/tb-inference-results/segments/tb_full/1.2.840.114062.2.192.168.196.13.2018.11.5.11.3.10.7753609.nrrd,1,1,0.9999796,good,0.9999693632125854,True,True,/head/NFS/mkuyokwa/lungcxr/classification-pipeline/gradcam/overlays/1.2.840.114062.2.192.168.196.13.2018.11.5.11.3.10.7753609_gradcam.png,21370.38671875,4808.8857421875,0.816309420005353,1,264,mask_bbox_midline
/head/NFS/mkuyokwa/lungcxr/lung_cxr_segmentation/TB_Positive/1.2.826.0.1.3680043.2.1125.1.85234316928677906448203611623411458.png,/head/NFS/mkuyokwa/lungcxr/lung_cxr_segmentation/tb-inference-results/segments/tb_full/1.2.826.0.1.3680043.2.1125.1.85234316928677906448203611623411458.nrrd,1,1,0.999948,good,0.9999942779541016,True,True,/head/NFS/mkuyokwa/lungcxr/classification-pipeline/gradcam/overlays/1.2.826.0.1.3680043.2.1125.1.85234316928677906448203611623411458_gradcam.png,22508.109375,13501.599609375,0.6250566863721811,1,261,mask_bbox_midline
/head/NFS/mkuyokwa/lungcxr/lung_cxr_segmentation/TB_Positive/2.25.242784668183131493449239861385431880251.png,/head/NFS/mkuyokwa/lungcxr/lung_cxr_segmentation/tb-inference-results/segments/tb_full/2.25.242784668183131493449239861385431880251.nrrd,1,1,0.99994695,good,0.9999979734420776,True,True,/head/NFS/mkuyokwa/lungcxr/classification-pipeline/gradcam/overlays/2.25.242784668183131493449239861385431880251_gradcam.png,19458.76953125,14015.314453125,0.5813084994449123,1,260,mask_bbox_midline
/head/NFS/mkuyokwa/lungcxr/lung_cxr_segmentation/TB_Positive/1.2.840.114062.2.192.168.196.187.2018.1.10.10.48.26.3369171.png,/head/NFS/mkuyokwa/lungcxr/lung_cxr_segmentation/tb-inference-results/segments/tb_full/1.2.840.114062.2.192.168.196.187.2018.1.10.10.48.26.3369171.nrrd,1,1,0.99997735,good,0.9999876022338867,True,True,/head/NFS/mkuyokwa/lungcxr/classification-pipeline/gradcam/overlays/1.2.840.114062.2.192.168.196.187.2018.1.10.10.48.26.3369171_gradcam.png,23240.7890625,10616.2646484375,0.6864386151530981,1,272,mask_bbox_midline
/head/NFS/mkuyokwa/lungcxr/lung_cxr_segmentation/TB_Positive/1.2.826.0.1.3680043.2.1125.1.47702904646128676079145974354039593.png,/head/NFS/mkuyokwa/lungcxr/lung_cxr_segmentation/tb-inference-results/segments/tb_full/1.2.826.0.1.3680043.2.1125.1.47702904646128676079145974354039593.nrrd,1,1,0.99968183,good,0.9998940229415894,True,True,/head/NFS/mkuyokwa/lungcxr/classification-pipeline/gradcam/overlays/1.2.826.0.1.3680043.2.1125.1.47702904646128676079145974354039593_gradcam.png,13949.1630859375,6217.26416015625,0.6917022492737013,1,258,mask_bbox_midline
/head/NFS/mkuyokwa/lungcxr/lung_cxr_segmentation/TB_Positive/1.2.826.0.1.3680043.2.1125.1.66559446531926931001601525095281993.png,/head/NFS/mkuyokwa/lungcxr/lung_cxr_segmentation/tb-inference-results/segments/tb_full/1.2.826.0.1.3680043.2.1125.1.66559446531926931001601525095281993.nrrd,1,1,0.9999628,good,0.994098424911499,True,True,/head/NFS/mkuyokwa/lungcxr/classification-pipeline/gradcam/overlays/1.2.826.0.1.3680043.2.1125.1.66559446531926931001601525095281993_gradcam.png,16152.197265625,11201.30859375,0.5904982472325052,1,239,mask_bbox_midline
/head/NFS/mkuyokwa/lungcxr/lung_cxr_segmentation/TB_Positive/1.2.826.0.1.3680043.2.1125.1.69683545745930216125166430481245087.png,/head/NFS/mkuyokwa/lungcxr/lung_cxr_segmentation/tb-inference-results/segments/tb_full/1.2.826.0.1.3680043.2.1125.1.69683545745930216125166430481245087.nrrd,1,1,0.99931157,good,0.9962539672851562,True,True,/head/NFS/mkuyokwa/lungcxr/classification-pipeline/gradcam/overlays/1.2.826.0.1.3680043.2.1125.1.69683545745930216125166430481245087_gradcam.png,6779.431640625,14333.6416015625,0.3211011283321154,0,264,mask_bbox_midline
/head/NFS/mkuyokwa/lungcxr/lung_cxr_segmentation/TB_Positive/1.2.826.0.1.3680043.2.1125.1.44187727222771489178523458974524665.png,/head/NFS/mkuyokwa/lungcxr/lung_cxr_segmentation/tb-inference-results/segments/tb_full/1.2.826.0.1.3680043.2.1125.1.44187727222771489178523458974524665.nrrd,1,1,0.99898356,good,0.998717188835144,True,True,/head/NFS/mkuyokwa/lungcxr/classification-pipeline/gradcam/overlays/1.2.826.0.1.3680043.2.1125.1.44187727222771489178523458974524665_gradcam.png,13974.80859375,17420.17578125,0.4451287003945196,0,248,mask_bbox_midline
/head/NFS/mkuyokwa/lungcxr/lung_cxr_segmentation/TB_Positive/1.2.826.0.1.3680043.2.1125.1.61224568528496189966322002399871570.png,/head/NFS/mkuyokwa/lungcxr/lung_cxr_segmentation/tb-inference-results/segments/tb_full/1.2.826.0.1.3680043.2.1125.1.61224568528496189966322002399871570.nrrd,1,1,0.99925,good,0.9987659454345703,True,True,/head/NFS/mkuyokwa/lungcxr/classification-pipeline/gradcam/overlays/1.2.826.0.1.3680043.2.1125.1.61224568528496189966322002399871570_gradcam.png,23673.78515625,18282.638671875,0.5642469733176009,1,255,mask_bbox_midline
/head/NFS/mkuyokwa/lungcxr/lung_cxr_segmentation/TB_Positive/1.2.826.0.1.3680043.2.1125.1.54316728978388100643434326282674796.png,/head/NFS/mkuyokwa/lungcxr/lung_cxr_segmentation/tb-inference-results/segments/tb_full/1.2.826.0.1.3680043.2.1125.1.54316728978388100643434326282674796.nrrd,1,1,0.98829997,good,0.9999938011169434,True,True,/head/NFS/mkuyokwa/lungcxr/classification-pipeline/gradcam/overlays/1.2.826.0.1.3680043.2.1125.1.54316728978388100643434326282674796_gradcam.png,21836.44140625,13513.7548828125,0.6177176847248875,1,256,mask_bbox_midline
/head/NFS/mkuyokwa/lungcxr/lung_cxr_segmentation/TB_Positive/2.25.22656709569610276943598243145024374657.png,/head/NFS/mkuyokwa/lungcxr/lung_cxr_segmentation/tb-inference-results/segments/tb_full/2.25.22656709569610276943598243145024374657.nrrd,1,1,0.9999882,good,0.9999803304672241,True,True,/head/NFS/mkuyokwa/lungcxr/classification-pipeline/gradcam/overlays/2.25.22656709569610276943598243145024374657_gradcam.png,16967.109375,11200.2919921875,0.602366869198135,1,242,mask_bbox_midline
/head/NFS/mkuyokwa/lungcxr/lung_cxr_segmentation/TB_Positive/1.2.826.0.1.3680043.2.1125.1.6016039029985046777288696301430992.png,/head/NFS/mkuyokwa/lungcxr/lung_cxr_segmentation/tb-inference-results/segments/tb_full/1.2.826.0.1.3680043.2.1125.1.6016039029985046777288696301430992.nrrd,1,1,0.99234253,good,0.9933266639709473,True,True,/head/NFS/mkuyokwa/lungcxr/classification-pipeline/gradcam/overlays/1.2.826.0.1.3680043.2.1125.1.6016039029985046777288696301430992_gradcam.png,14239.873046875,22549.609375,0.38706369618312386,0,264,mask_bbox_midline
/head/NFS/mkuyokwa/lungcxr/lung_cxr_segmentation/TB_Positive/1.2.840.114062.2.192.168.196.13.2024.2.9.10.19.54.7780484.png,/head/NFS/mkuyokwa/lungcxr/lung_cxr_segmentation/tb-inference-results/segments/tb_full/1.2.840.114062.2.192.168.196.13.2024.2.9.10.19.54.7780484.nrrd,1,1,0.9999691,good,0.999956488609314,True,True,/head/NFS/mkuyokwa/lungcxr/classification-pipeline/gradcam/overlays/1.2.840.114062.2.192.168.196.13.2024.2.9.10.19.54.7780484_gradcam.png,19843.35546875,10213.6357421875,0.6601910127827153,1,260,mask_bbox_midline
/head/NFS/mkuyokwa/lungcxr/lung_cxr_segmentation/TB_Positive/1.2.826.0.1.3680043.2.1125.1.19438037259485749768945033550087136.png,/head/NFS/mkuyokwa/lungcxr/lung_cxr_segmentation/tb-inference-results/segments/tb_full/1.2.826.0.1.3680043.2.1125.1.19438037259485749768945033550087136.nrrd,1,1,0.99987555,good,0.9982423782348633,True,True,/head/NFS/mkuyokwa/lungcxr/classification-pipeline/gradcam/overlays/1.2.826.0.1.3680043.2.1125.1.19438037259485749768945033550087136_gradcam.png,20520.65625,14476.6708984375,0.5863492421282284,1,252,mask_bbox_midline
/head/NFS/mkuyokwa/lungcxr/lung_cxr_segmentation/TB_Positive/2.25.313295244672834922242282787540151563181.png,/head/NFS/mkuyokwa/lungcxr/lung_cxr_segmentation/tb-inference-results/segments/tb_full/2.25.313295244672834922242282787540151563181.nrrd,1,1,0.99984133,good,0.9999929666519165,True,True,/head/NFS/mkuyokwa/lungcxr/classification-pipeline/gradcam/overlays/2.25.313295244672834922242282787540151563181_gradcam.png,17641.84765625,10401.0966796875,0.6291011188023391,1,265,mask_bbox_midline
/head/NFS/mkuyokwa/lungcxr/lung_cxr_segmentation/TB_Positive/1.2.826.0.1.3680043.2.1125.1.26705920303411447723453127959685128.png,/head/NFS/mkuyokwa/lungcxr/lung_cxr_segmentation/tb-inference-results/segments/tb_full/1.2.826.0.1.3680043.2.1125.1.26705920303411447723453127959685128.nrrd,1,1,0.99989235,good,0.9999191761016846,True,True,/head/NFS/mkuyokwa/lungcxr/classification-pipeline/gradcam/overlays/1.2.826.0.1.3680043.2.1125.1.26705920303411447723453127959685128_gradcam.png,17933.439453125,17717.365234375,0.503030425549213,1,258,mask_bbox_midline
/head/NFS/mkuyokwa/lungcxr/lung_cxr_segmentation/TB_Positive/2.25.134294996228641539927632481375315720234.png,/head/NFS/mkuyokwa/lungcxr/lung_cxr_segmentation/tb-inference-results/segments/tb_full/2.25.134294996228641539927632481375315720234.nrrd,1,1,0.99949443,good,0.9999459981918335,True,True,/head/NFS/mkuyokwa/lungcxr/classification-pipeline/gradcam/overlays/2.25.134294996228641539927632481375315720234_gradcam.png,14292.3349609375,13853.4814453125,0.507796070103114,1,273,mask_bbox_midline
/head/NFS/mkuyokwa/lungcxr/lung_cxr_segmentation/TB_Positive/2.25.122592840086041646330921212204723070239.png,/head/NFS/mkuyokwa/lungcxr/lung_cxr_segmentation/tb-inference-results/segments/tb_full/2.25.122592840086041646330921212204723070239.nrrd,1,1,0.9997327,good,0.995944082736969,True,True,/head/NFS/mkuyokwa/lungcxr/classification-pipeline/gradcam/overlays/2.25.122592840086041646330921212204723070239_gradcam.png,17693.03125,10879.841796875,0.6192247878249358,1,254,mask_bbox_midline
/head/NFS/mkuyokwa/lungcxr/lung_cxr_segmentation/TB_Positive/1.2.826.0.1.3680043.2.1125.1.87833147983960328338681808767257984.png,/head/NFS/mkuyokwa/lungcxr/lung_cxr_segmentation/tb-inference-results/segments/tb_full/1.2.826.0.1.3680043.2.1125.1.87833147983960328338681808767257984.nrrd,1,1,0.9709854,good,0.9999796152114868,True,True,/head/NFS/mkuyokwa/lungcxr/classification-pipeline/gradcam/overlays/1.2.826.0.1.3680043.2.1125.1.87833147983960328338681808767257984_gradcam.png,23380.46484375,12895.0078125,0.6445254363824731,1,258,mask_bbox_midline
/head/NFS/mkuyokwa/lungcxr/lung_cxr_segmentation/TB_Positive/1.2.826.0.1.3680043.2.1125.1.40116404675417660279781861594257265.png,/head/NFS/mkuyokwa/lungcxr/lung_cxr_segmentation/tb-inference-results/segments/tb_full/1.2.826.0.1.3680043.2.1125.1.40116404675417660279781861594257265.nrrd,1,1,0.9996451,good,0.9903947710990906,True,True,/head/NFS/mkuyokwa/lungcxr/classification-pipeline/gradcam/overlays/1.2.826.0.1.3680043.2.1125.1.40116404675417660279781861594257265_gradcam.png,18871.578125,11162.248046875,0.6283441216248424,1,255,mask_bbox_midline
/head/NFS/mkuyokwa/lungcxr/lung_cxr_segmentation/TB_Positive/1.2.826.0.1.3680043.2.1125.1.67893211280368122250680141539355972.png,/head/NFS/mkuyokwa/lungcxr/lung_cxr_segmentation/tb-inference-results/segments/tb_full/1.2.826.0.1.3680043.2.1125.1.67893211280368122250680141539355972.nrrd,1,1,0.9984914,good,0.9992769360542297,True,True,/head/NFS/mkuyokwa/lungcxr/classification-pipeline/gradcam/overlays/1.2.826.0.1.3680043.2.1125.1.67893211280368122250680141539355972_gradcam.png,23813.73046875,13182.01171875,0.6436884100894212,1,255,mask_bbox_midline
/head/NFS/mkuyokwa/lungcxr/lung_cxr_segmentation/TB_Positive/2.25.172897070332219528056879990423524840925.png,/head/NFS/mkuyokwa/lungcxr/lung_cxr_segmentation/tb-inference-results/segments/tb_full/2.25.172897070332219528056879990423524840925.nrrd,1,1,0.99669707,good,0.9999874830245972,True,True,/head/NFS/mkuyokwa/lungcxr/classification-pipeline/gradcam/overlays/2.25.172897070332219528056879990423524840925_gradcam.png,19000.43359375,19918.32421875,0.48820760634984617,0,252,mask_bbox_midline
/head/NFS/mkuyokwa/lungcxr/lung_cxr_segmentation/TB_Positive/1.2.826.0.1.3680043.2.1125.1.67662811804370649101743131543326729.png,/head/NFS/mkuyokwa/lungcxr/lung_cxr_segmentation/tb-inference-results/segments/tb_full/1.2.826.0.1.3680043.2.1125.1.67662811804370649101743131543326729.nrrd,1,1,0.99998844,good,0.9986209869384766,True,True,/head/NFS/mkuyokwa/lungcxr/classification-pipeline/gradcam/overlays/1.2.826.0.1.3680043.2.1125.1.67662811804370649101743131543326729_gradcam.png,14009.74609375,5046.32421875,0.735185474444864,1,259,mask_bbox_midline
/head/NFS/mkuyokwa/lungcxr/lung_cxr_segmentation/TB_Positive/2.25.161666089510364986622597038998312661409.png,/head/NFS/mkuyokwa/lungcxr/lung_cxr_segmentation/tb-inference-results/segments/tb_full/2.25.161666089510364986622597038998312661409.nrrd,1,1,0.99988866,good,0.9998494386672974,True,True,/head/NFS/mkuyokwa/lungcxr/classification-pipeline/gradcam/overlays/2.25.161666089510364986622597038998312661409_gradcam.png,19602.1640625,10930.419921875,0.6420080289480699,1,250,mask_bbox_midline
/head/NFS/mkuyokwa/lungcxr/lung_cxr_segmentation/TB_Positive/1.2.826.0.1.3680043.2.1125.1.41572215151372596564522920686323272.png,/head/NFS/mkuyokwa/lungcxr/lung_cxr_segmentation/tb-inference-results/segments/tb_full/1.2.826.0.1.3680043.2.1125.1.41572215151372596564522920686323272.nrrd,1,1,0.99721766,good,0.9999659061431885,True,True,/head/NFS/mkuyokwa/lungcxr/classification-pipeline/gradcam/overlays/1.2.826.0.1.3680043.2.1125.1.41572215151372596564522920686323272_gradcam.png,18421.25,14974.5703125,0.5516034589845052,1,264,mask_bbox_midline
/head/NFS/mkuyokwa/lungcxr/lung_cxr_segmentation/TB_Positive/1.2.826.0.1.3680043.2.1125.1.68170923677859287729380777645816001.png,/head/NFS/mkuyokwa/lungcxr/lung_cxr_segmentation/tb-inference-results/segments/tb_full/1.2.826.0.1.3680043.2.1125.1.68170923677859287729380777645816001.nrrd,1,1,0.99622524,good,0.9995200634002686,True,True,/head/NFS/mkuyokwa/lungcxr/classification-pipeline/gradcam/overlays/1.2.826.0.1.3680043.2.1125.1.68170923677859287729380777645816001_gradcam.png,24011.14453125,13990.791015625,0.6318400414534806,1,255,mask_bbox_midline
/head/NFS/mkuyokwa/lungcxr/lung_cxr_segmentation/TB_Positive/1.3.6.1.4.1.25403.158515237678667.5060.20130807021445.6.png,/head/NFS/mkuyokwa/lungcxr/lung_cxr_segmentation/tb-inference-results/segments/tb_full/1.3.6.1.4.1.25403.158515237678667.5060.20130807021445.6.nrrd,1,1,0.9999845,good,0.9991451501846313,True,True,/head/NFS/mkuyokwa/lungcxr/classification-pipeline/gradcam/overlays/1.3.6.1.4.1.25403.158515237678667.5060.20130807021445.6_gradcam.png,16360.4384765625,10264.197265625,0.6144849692962715,1,254,mask_bbox_midline
/head/NFS/mkuyokwa/lungcxr/lung_cxr_segmentation/TB_Positive/1.2.826.0.1.3680043.2.1125.1.48287012927592395031398118439142391.png,/head/NFS/mkuyokwa/lungcxr/lung_cxr_segmentation/tb-inference-results/segments/tb_full/1.2.826.0.1.3680043.2.1125.1.48287012927592395031398118439142391.nrrd,1,1,0.9999999,good,0.998865008354187,True,True,/head/NFS/mkuyokwa/lungcxr/classification-pipeline/gradcam/overlays/1.2.826.0.1.3680043.2.1125.1.48287012927592395031398118439142391_gradcam.png,17521.49609375,4717.1396484375,0.787885385456046,1,252,mask_bbox_midline
/head/NFS/mkuyokwa/lungcxr/lung_cxr_segmentation/TB_Positive/1.2.826.0.1.3680043.2.1125.1.75398513493991985370190166059420938.png,/head/NFS/mkuyokwa/lungcxr/lung_cxr_segmentation/tb-inference-results/segments/tb_full/1.2.826.0.1.3680043.2.1125.1.75398513493991985370190166059420938.nrrd,1,1,0.9987477,good,0.9998167157173157,True,True,/head/NFS/mkuyokwa/lungcxr/classification-pipeline/gradcam/overlays/1.2.826.0.1.3680043.2.1125.1.75398513493991985370190166059420938_gradcam.png,23024.94921875,6954.74169921875,0.7680182321342637,1,252,mask_bbox_midline
/head/NFS/mkuyokwa/lungcxr/lung_cxr_segmentation/TB_Positive/1.2.826.0.1.3680043.2.1125.1.39463250781485475319980205635616581.png,/head/NFS/mkuyokwa/lungcxr/lung_cxr_segmentation/tb-inference-results/segments/tb_full/1.2.826.0.1.3680043.2.1125.1.39463250781485475319980205635616581.nrrd,1,1,0.998575,good,0.9999445676803589,True,True,/head/NFS/mkuyokwa/lungcxr/classification-pipeline/gradcam/overlays/1.2.826.0.1.3680043.2.1125.1.39463250781485475319980205635616581_gradcam.png,20347.36328125,14136.1591796875,0.5900604645102379,1,251,mask_bbox_midline
/head/NFS/mkuyokwa/lungcxr/lung_cxr_segmentation/TB_Positive/1.2.826.0.1.3680043.2.1125.1.44834421576580998448712535138768686.png,/head/NFS/mkuyokwa/lungcxr/lung_cxr_segmentation/tb-inference-results/segments/tb_full/1.2.826.0.1.3680043.2.1125.1.44834421576580998448712535138768686.nrrd,1,1,0.99828655,good,0.9996930360794067,True,True,/head/NFS/mkuyokwa/lungcxr/classification-pipeline/gradcam/overlays/1.2.826.0.1.3680043.2.1125.1.44834421576580998448712535138768686_gradcam.png,13731.810546875,7996.56640625,0.631975898452925,1,262,mask_bbox_midline
/head/NFS/mkuyokwa/lungcxr/lung_cxr_segmentation/TB_Positive/1.3.6.1.4.1.25403.158515237678667.5060.20130807022318.3.png,/head/NFS/mkuyokwa/lungcxr/lung_cxr_segmentation/tb-inference-results/segments/tb_full/1.3.6.1.4.1.25403.158515237678667.5060.20130807022318.3.nrrd,1,1,0.99007446,good,0.9999113082885742,True,True,/head/NFS/mkuyokwa/lungcxr/classification-pipeline/gradcam/overlays/1.3.6.1.4.1.25403.158515237678667.5060.20130807022318.3_gradcam.png,15277.24609375,11873.3046875,0.5626864153452228,1,258,mask_bbox_midline
/head/NFS/mkuyokwa/lungcxr/lung_cxr_segmentation/TB_Positive/1.2.826.0.1.3680043.2.1125.1.59534822991981308530530686445007276.png,/head/NFS/mkuyokwa/lungcxr/lung_cxr_segmentation/tb-inference-results/segments/tb_full/1.2.826.0.1.3680043.2.1125.1.59534822991981308530530686445007276.nrrd,1,1,0.999764,good,0.9999910593032837,True,True,/head/NFS/mkuyokwa/lungcxr/classification-pipeline/gradcam/overlays/1.2.826.0.1.3680043.2.1125.1.59534822991981308530530686445007276_gradcam.png,21137.189453125,11708.609375,0.6435279459553219,1,263,mask_bbox_midline
/head/NFS/mkuyokwa/lungcxr/lung_cxr_segmentation/TB_Positive/2.25.49572345936278282991301080921868690050.png,/head/NFS/mkuyokwa/lungcxr/lung_cxr_segmentation/tb-inference-results/segments/tb_full/2.25.49572345936278282991301080921868690050.nrrd,1,1,0.9947739,good,0.9999912977218628,True,True,/head/NFS/mkuyokwa/lungcxr/classification-pipeline/gradcam/overlays/2.25.49572345936278282991301080921868690050_gradcam.png,16143.8740234375,15294.6318359375,0.5135064018515809,1,282,mask_bbox_midline
/head/NFS/mkuyokwa/lungcxr/lung_cxr_segmentation/TB_Positive/1.2.826.0.1.3680043.2.1125.1.53822837401896281438274739077220048.png,/head/NFS/mkuyokwa/lungcxr/lung_cxr_segmentation/tb-inference-results/segments/tb_full/1.2.826.0.1.3680043.2.1125.1.53822837401896281438274739077220048.nrrd,1,1,0.999713,good,0.9991236329078674,True,True,/head/NFS/mkuyokwa/lungcxr/classification-pipeline/gradcam/overlays/1.2.826.0.1.3680043.2.1125.1.53822837401896281438274739077220048_gradcam.png,22880.951171875,10226.294921875,0.6911161111704327,1,255,mask_bbox_midline
/head/NFS/mkuyokwa/lungcxr/lung_cxr_segmentation/TB_Positive/2.25.199553600642935073146596270919090686480.png,/head/NFS/mkuyokwa/lungcxr/lung_cxr_segmentation/tb-inference-results/segments/tb_full/2.25.199553600642935073146596270919090686480.nrrd,1,1,0.99995244,good,0.9996845722198486,True,True,/head/NFS/mkuyokwa/lungcxr/classification-pipeline/gradcam/overlays/2.25.199553600642935073146596270919090686480_gradcam.png,16101.306640625,10264.501953125,0.6106888997306081,1,269,mask_bbox_midline
/head/NFS/mkuyokwa/lungcxr/lung_cxr_segmentation/TB_Positive/2.25.155880969387647826661632362403879427752.png,/head/NFS/mkuyokwa/lungcxr/lung_cxr_segmentation/tb-inference-results/segments/tb_full/2.25.155880969387647826661632362403879427752.nrrd,1,1,0.99986947,good,0.9999862909317017,True,True,/head/NFS/mkuyokwa/lungcxr/classification-pipeline/gradcam/overlays/2.25.155880969387647826661632362403879427752_gradcam.png,20053.07421875,14014.103515625,0.5886332696857284,1,241,mask_bbox_midline
/head/NFS/mkuyokwa/lungcxr/lung_cxr_segmentation/TB_Positive/2.25.193925563525150740977765518775572333201.png,/head/NFS/mkuyokwa/lungcxr/lung_cxr_segmentation/tb-inference-results/segments/tb_full/2.25.193925563525150740977765518775572333201.nrrd,1,1,0.9999455,good,0.999983549118042,True,True,/head/NFS/mkuyokwa/lungcxr/classification-pipeline/gradcam/overlays/2.25.193925563525150740977765518775572333201_gradcam.png,16086.876953125,11450.95703125,0.5841736485975154,1,248,mask_bbox_midline
/head/NFS/mkuyokwa/lungcxr/lung_cxr_segmentation/TB_Positive/1.2.826.0.1.3680043.2.1125.1.60494996318910826027749404421837844.png,/head/NFS/mkuyokwa/lungcxr/lung_cxr_segmentation/tb-inference-results/segments/tb_full/1.2.826.0.1.3680043.2.1125.1.60494996318910826027749404421837844.nrrd,1,1,0.9993824,good,0.9990014433860779,True,True,/head/NFS/mkuyokwa/lungcxr/classification-pipeline/gradcam/overlays/1.2.826.0.1.3680043.2.1125.1.60494996318910826027749404421837844_gradcam.png,18035.201171875,6255.8759765625,0.7424619773617201,1,262,mask_bbox_midline
/head/NFS/mkuyokwa/lungcxr/lung_cxr_segmentation/TB_Positive/1.2.826.0.1.3680043.2.1125.1.8833952551333969766925066227841585.png,/head/NFS/mkuyokwa/lungcxr/lung_cxr_segmentation/tb-inference-results/segments/tb_full/1.2.826.0.1.3680043.2.1125.1.8833952551333969766925066227841585.nrrd,1,1,0.9993808,good,0.9865317940711975,True,True,/head/NFS/mkuyokwa/lungcxr/classification-pipeline/gradcam/overlays/1.2.826.0.1.3680043.2.1125.1.8833952551333969766925066227841585_gradcam.png,18007.884765625,7177.30517578125,0.7150188188979568,1,255,mask_bbox_midline
/head/NFS/mkuyokwa/lungcxr/lung_cxr_segmentation/TB_Positive/2.25.305774873737128028003599591893073460361.png,/head/NFS/mkuyokwa/lungcxr/lung_cxr_segmentation/tb-inference-results/segments/tb_full/2.25.305774873737128028003599591893073460361.nrrd,1,1,0.999969,good,0.999995231628418,True,True,/head/NFS/mkuyokwa/lungcxr/classification-pipeline/gradcam/overlays/2.25.305774873737128028003599591893073460361_gradcam.png,17527.37109375,12281.88671875,0.5879841492195823,1,256,mask_bbox_midline
/head/NFS/mkuyokwa/lungcxr/lung_cxr_segmentation/TB_Positive/2.25.290756165179145968437431659558421600572.png,/head/NFS/mkuyokwa/lungcxr/lung_cxr_segmentation/tb-inference-results/segments/tb_full/2.25.290756165179145968437431659558421600572.nrrd,1,1,0.9999428,good,0.9998830556869507,True,True,/head/NFS/mkuyokwa/lungcxr/classification-pipeline/gradcam/overlays/2.25.290756165179145968437431659558421600572_gradcam.png,18751.228515625,13039.9111328125,0.5898256156585001,1,258,mask_bbox_midline
/head/NFS/mkuyokwa/lungcxr/lung_cxr_segmentation/TB_Positive/2.25.327796702839439431034569519163433723921.png,/head/NFS/mkuyokwa/lungcxr/lung_cxr_segmentation/tb-inference-results/segments/tb_full/2.25.327796702839439431034569519163433723921.nrrd,1,1,0.9979091,good,0.9993084669113159,True,True,/head/NFS/mkuyokwa/lungcxr/classification-pipeline/gradcam/overlays/2.25.327796702839439431034569519163433723921_gradcam.png,15668.6005859375,3677.800048828125,0.8098974523344105,1,272,mask_bbox_midline
/head/NFS/mkuyokwa/lungcxr/lung_cxr_segmentation/TB_Positive/1.2.840.114062.2.192.168.196.13.2023.6.7.11.48.23.12404187.png,/head/NFS/mkuyokwa/lungcxr/lung_cxr_segmentation/tb-inference-results/segments/tb_full/1.2.840.114062.2.192.168.196.13.2023.6.7.11.48.23.12404187.nrrd,1,1,0.9999943,good,0.9991926550865173,True,True,/head/NFS/mkuyokwa/lungcxr/classification-pipeline/gradcam/overlays/1.2.840.114062.2.192.168.196.13.2023.6.7.11.48.23.12404187_gradcam.png,17819.814453125,7019.41748046875,0.7174060172538846,1,247,mask_bbox_midline
/head/NFS/mkuyokwa/lungcxr/lung_cxr_segmentation/TB_Positive/2.25.291155624016054855444721013500917576235.png,/head/NFS/mkuyokwa/lungcxr/lung_cxr_segmentation/tb-inference-results/segments/tb_full/2.25.291155624016054855444721013500917576235.nrrd,1,1,0.99993086,good,0.9995501637458801,True,True,/head/NFS/mkuyokwa/lungcxr/classification-pipeline/gradcam/overlays/2.25.291155624016054855444721013500917576235_gradcam.png,14652.951171875,6546.4111328125,0.6911977332749774,1,248,mask_bbox_midline
/head/NFS/mkuyokwa/lungcxr/lung_cxr_segmentation/TB_Positive/2.25.136128385673625464230249307683445437327.png,/head/NFS/mkuyokwa/lungcxr/lung_cxr_segmentation/tb-inference-results/segments/tb_full/2.25.136128385673625464230249307683445437327.nrrd,1,1,0.99979967,good,0.9996628761291504,True,True,/head/NFS/mkuyokwa/lungcxr/classification-pipeline/gradcam/overlays/2.25.136128385673625464230249307683445437327_gradcam.png,18483.85546875,13327.4140625,0.5810474005318231,1,255,mask_bbox_midline
/head/NFS/mkuyokwa/lungcxr/lung_cxr_segmentation/TB_Positive/2.25.59558838128958257274731489977600936499.png,/head/NFS/mkuyokwa/lungcxr/lung_cxr_segmentation/tb-inference-results/segments/tb_full/2.25.59558838128958257274731489977600936499.nrrd,1,1,0.99994993,good,0.9999853372573853,True,True,/head/NFS/mkuyokwa/lungcxr/classification-pipeline/gradcam/overlays/2.25.59558838128958257274731489977600936499_gradcam.png,19117.189453125,11008.671875,0.6345773568066422,1,275,mask_bbox_midline
/head/NFS/mkuyokwa/lungcxr/lung_cxr_segmentation/TB_Positive/1.2.826.0.1.3680043.2.1125.1.96121971384082660896583722831647465.png,/head/NFS/mkuyokwa/lungcxr/lung_cxr_segmentation/tb-inference-results/segments/tb_full/1.2.826.0.1.3680043.2.1125.1.96121971384082660896583722831647465.nrrd,1,1,0.9990207,good,0.999226450920105,True,True,/head/NFS/mkuyokwa/lungcxr/classification-pipeline/gradcam/overlays/1.2.826.0.1.3680043.2.1125.1.96121971384082660896583722831647465_gradcam.png,18707.6171875,12079.248046875,0.6076493025542612,1,254,mask_bbox_midline
/head/NFS/mkuyokwa/lungcxr/lung_cxr_segmentation/TB_Positive/1.2.826.0.1.3680043.2.1125.1.67096541526532088777958806480508742.png,/head/NFS/mkuyokwa/lungcxr/lung_cxr_segmentation/tb-inference-results/segments/tb_full/1.2.826.0.1.3680043.2.1125.1.67096541526532088777958806480508742.nrrd,1,1,0.99630415,good,0.993346095085144,True,True,/head/NFS/mkuyokwa/lungcxr/classification-pipeline/gradcam/overlays/1.2.826.0.1.3680043.2.1125.1.67096541526532088777958806480508742_gradcam.png,12728.40625,14152.517578125,0.4735107443250336,0,255,mask_bbox_midline
/head/NFS/mkuyokwa/lungcxr/lung_cxr_segmentation/TB_Positive/2.25.289804861149378807484612712269417587371.png,/head/NFS/mkuyokwa/lungcxr/lung_cxr_segmentation/tb-inference-results/segments/tb_full/2.25.289804861149378807484612712269417587371.nrrd,1,1,0.99639696,good,0.9995855689048767,True,True,/head/NFS/mkuyokwa/lungcxr/classification-pipeline/gradcam/overlays/2.25.289804861149378807484612712269417587371_gradcam.png,18301.216796875,7116.212890625,0.7200262584330204,1,255,mask_bbox_midline
/head/NFS/mkuyokwa/lungcxr/lung_cxr_segmentation/TB_Positive/1.2.826.0.1.3680043.2.1125.1.18073106790573392614413230057444625.png,/head/NFS/mkuyokwa/lungcxr/lung_cxr_segmentation/tb-inference-results/segments/tb_full/1.2.826.0.1.3680043.2.1125.1.18073106790573392614413230057444625.nrrd,1,1,0.9851815,good,0.9998717308044434,True,True,/head/NFS/mkuyokwa/lungcxr/classification-pipeline/gradcam/overlays/1.2.826.0.1.3680043.2.1125.1.18073106790573392614413230057444625_gradcam.png,25250.16796875,13840.75,0.6459343827365591,1,253,mask_bbox_midline
/head/NFS/mkuyokwa/lungcxr/lung_cxr_segmentation/TB_Positive/1.3.6.1.4.1.25403.158515237678667.5060.20130807021139.13.png,/head/NFS/mkuyokwa/lungcxr/lung_cxr_segmentation/tb-inference-results/segments/tb_full/1.3.6.1.4.1.25403.158515237678667.5060.20130807021139.13.nrrd,1,1,0.998302,good,0.9998316764831543,True,True,/head/NFS/mkuyokwa/lungcxr/classification-pipeline/gradcam/overlays/1.3.6.1.4.1.25403.158515237678667.5060.20130807021139.13_gradcam.png,20098.970703125,12857.5458984375,0.6098633222108215,1,260,mask_bbox_midline
/head/NFS/mkuyokwa/lungcxr/lung_cxr_segmentation/TB_Positive/1.2.826.0.1.3680043.2.1125.1.72574420590160953149274979184723950.png,/head/NFS/mkuyokwa/lungcxr/lung_cxr_segmentation/tb-inference-results/segments/tb_full/1.2.826.0.1.3680043.2.1125.1.72574420590160953149274979184723950.nrrd,1,1,0.9961383,good,0.9991488456726074,True,True,/head/NFS/mkuyokwa/lungcxr/classification-pipeline/gradcam/overlays/1.2.826.0.1.3680043.2.1125.1.72574420590160953149274979184723950_gradcam.png,18096.337890625,12983.26171875,0.582257754863944,1,255,mask_bbox_midline
/head/NFS/mkuyokwa/lungcxr/lung_cxr_segmentation/TB_Positive/1.2.826.0.1.3680043.2.1125.1.15616766842442263872426786736641845.png,/head/NFS/mkuyokwa/lungcxr/lung_cxr_segmentation/tb-inference-results/segments/tb_full/1.2.826.0.1.3680043.2.1125.1.15616766842442263872426786736641845.nrrd,1,1,0.9615245,good,0.9999772310256958,True,True,/head/NFS/mkuyokwa/lungcxr/classification-pipeline/gradcam/overlays/1.2.826.0.1.3680043.2.1125.1.15616766842442263872426786736641845_gradcam.png,18360.9453125,13688.791015625,0.5728891222230584,1,262,mask_bbox_midline
/head/NFS/mkuyokwa/lungcxr/lung_cxr_segmentation/TB_Positive/1.2.826.0.1.3680043.2.1125.1.34567800103868261205872501272717659.png,/head/NFS/mkuyokwa/lungcxr/lung_cxr_segmentation/tb-inference-results/segments/tb_full/1.2.826.0.1.3680043.2.1125.1.34567800103868261205872501272717659.nrrd,1,1,0.95913476,good,0.9999949932098389,True,True,/head/NFS/mkuyokwa/lungcxr/classification-pipeline/gradcam/overlays/1.2.826.0.1.3680043.2.1125.1.34567800103868261205872501272717659_gradcam.png,25553.77734375,13580.95703125,0.6529692293011763,1,260,mask_bbox_midline
/head/NFS/mkuyokwa/lungcxr/lung_cxr_segmentation/TB_Positive/1.2.826.0.1.3680043.2.1125.1.41911697801359448793694752717523310.png,/head/NFS/mkuyokwa/lungcxr/lung_cxr_segmentation/tb-inference-results/segments/tb_full/1.2.826.0.1.3680043.2.1125.1.41911697801359448793694752717523310.nrrd,1,1,0.99724317,good,0.9990617632865906,True,True,/head/NFS/mkuyokwa/lungcxr/classification-pipeline/gradcam/overlays/1.2.826.0.1.3680043.2.1125.1.41911697801359448793694752717523310_gradcam.png,20398.255859375,10338.681640625,0.6636398261659933,1,260,mask_bbox_midline
/head/NFS/mkuyokwa/lungcxr/lung_cxr_segmentation/TB_Positive/1.2.826.0.1.3680043.2.1125.1.30432520253347589988492609801151484.png,/head/NFS/mkuyokwa/lungcxr/lung_cxr_segmentation/tb-inference-results/segments/tb_full/1.2.826.0.1.3680043.2.1125.1.30432520253347589988492609801151484.nrrd,1,1,0.9983107,good,0.9999912977218628,True,True,/head/NFS/mkuyokwa/lungcxr/classification-pipeline/gradcam/overlays/1.2.826.0.1.3680043.2.1125.1.30432520253347589988492609801151484_gradcam.png,27395.185546875,15747.8916015625,0.6349845063813944,1,252,mask_bbox_midline
/head/NFS/mkuyokwa/lungcxr/lung_cxr_segmentation/TB_Positive/2.25.107275885702568566336094376336401179109.png,/head/NFS/mkuyokwa/lungcxr/lung_cxr_segmentation/tb-inference-results/segments/tb_full/2.25.107275885702568566336094376336401179109.nrrd,1,1,0.99993503,good,0.999911904335022,True,True,/head/NFS/mkuyokwa/lungcxr/classification-pipeline/gradcam/overlays/2.25.107275885702568566336094376336401179109_gradcam.png,17063.4140625,14608.8876953125,0.5387487841262129,1,234,mask_bbox_midline
/head/NFS/mkuyokwa/lungcxr/lung_cxr_segmentation/TB_Positive/1.3.6.1.4.1.25403.75984511895.34804.20150526025227.46.png,/head/NFS/mkuyokwa/lungcxr/lung_cxr_segmentation/tb-inference-results/segments/tb_full/1.3.6.1.4.1.25403.75984511895.34804.20150526025227.46.nrrd,1,1,0.99953496,good,0.999954104423523,True,True,/head/NFS/mkuyokwa/lungcxr/classification-pipeline/gradcam/overlays/1.3.6.1.4.1.25403.75984511895.34804.20150526025227.46_gradcam.png,15654.947265625,8053.8251953125,0.6603018900037124,1,246,mask_bbox_midline
/head/NFS/mkuyokwa/lungcxr/lung_cxr_segmentation/TB_Positive/1.2.826.0.1.3680043.2.1125.1.48372531844388681694485109347336825.png,/head/NFS/mkuyokwa/lungcxr/lung_cxr_segmentation/tb-inference-results/segments/tb_full/1.2.826.0.1.3680043.2.1125.1.48372531844388681694485109347336825.nrrd,1,1,0.9937509,good,0.9982289671897888,True,True,/head/NFS/mkuyokwa/lungcxr/classification-pipeline/gradcam/overlays/1.2.826.0.1.3680043.2.1125.1.48372531844388681694485109347336825_gradcam.png,12303.486328125,8545.224609375,0.5901317527500014,1,257,mask_bbox_midline
/head/NFS/mkuyokwa/lungcxr/lung_cxr_segmentation/TB_Positive/1.2.826.0.1.3680043.2.1125.1.50915017724057101887661978261517510.png,/head/NFS/mkuyokwa/lungcxr/lung_cxr_segmentation/tb-inference-results/segments/tb_full/1.2.826.0.1.3680043.2.1125.1.50915017724057101887661978261517510.nrrd,1,1,0.9985858,good,0.996683657169342,True,True,/head/NFS/mkuyokwa/lungcxr/classification-pipeline/gradcam/overlays/1.2.826.0.1.3680043.2.1125.1.50915017724057101887661978261517510_gradcam.png,14923.4697265625,7838.58154296875,0.655629387257321,1,253,mask_bbox_midline
/head/NFS/mkuyokwa/lungcxr/lung_cxr_segmentation/TB_Positive/1.2.826.0.1.3680043.2.1125.1.61081662412794019931318871005212333.png,/head/NFS/mkuyokwa/lungcxr/lung_cxr_segmentation/tb-inference-results/segments/tb_full/1.2.826.0.1.3680043.2.1125.1.61081662412794019931318871005212333.nrrd,1,1,0.9999305,good,0.9999759197235107,True,True,/head/NFS/mkuyokwa/lungcxr/classification-pipeline/gradcam/overlays/1.2.826.0.1.3680043.2.1125.1.61081662412794019931318871005212333_gradcam.png,21570.0078125,12425.3125,0.6344993256194958,1,255,mask_bbox_midline
/head/NFS/mkuyokwa/lungcxr/lung_cxr_segmentation/TB_Positive/1.2.826.0.1.3680043.2.1125.1.43758915681447854181894747833915601.png,/head/NFS/mkuyokwa/lungcxr/lung_cxr_segmentation/tb-inference-results/segments/tb_full/1.2.826.0.1.3680043.2.1125.1.43758915681447854181894747833915601.nrrd,1,1,0.99998236,good,0.9999992847442627,True,True,/head/NFS/mkuyokwa/lungcxr/classification-pipeline/gradcam/overlays/1.2.826.0.1.3680043.2.1125.1.43758915681447854181894747833915601_gradcam.png,20384.7109375,12568.75390625,0.6185908229727834,1,258,mask_bbox_midline
/head/NFS/mkuyokwa/lungcxr/lung_cxr_segmentation/TB_Positive/1.2.826.0.1.3680043.2.1125.1.29566641811908632035834742783084999.png,/head/NFS/mkuyokwa/lungcxr/lung_cxr_segmentation/tb-inference-results/segments/tb_full/1.2.826.0.1.3680043.2.1125.1.29566641811908632035834742783084999.nrrd,1,1,0.99997914,good,0.999312162399292,True,True,/head/NFS/mkuyokwa/lungcxr/classification-pipeline/gradcam/overlays/1.2.826.0.1.3680043.2.1125.1.29566641811908632035834742783084999_gradcam.png,19620.931640625,13056.3046875,0.6004464834052519,1,267,mask_bbox_midline
/head/NFS/mkuyokwa/lungcxr/lung_cxr_segmentation/TB_Positive/1.2.826.0.1.3680043.2.1125.1.49276361517123079694591640227859689.png,/head/NFS/mkuyokwa/lungcxr/lung_cxr_segmentation/tb-inference-results/segments/tb_full/1.2.826.0.1.3680043.2.1125.1.49276361517123079694591640227859689.nrrd,1,1,0.99930704,good,0.9486055374145508,True,True,/head/NFS/mkuyokwa/lungcxr/classification-pipeline/gradcam/overlays/1.2.826.0.1.3680043.2.1125.1.49276361517123079694591640227859689_gradcam.png,13220.060546875,7197.5029296875,0.6474847286283901,1,255,mask_bbox_midline
/head/NFS/mkuyokwa/lungcxr/lung_cxr_segmentation/TB_Positive/1.2.826.0.1.3680043.2.1125.1.15106545612355642423580528421185490.png,/head/NFS/mkuyokwa/lungcxr/lung_cxr_segmentation/tb-inference-results/segments/tb_full/1.2.826.0.1.3680043.2.1125.1.15106545612355642423580528421185490.nrrd,1,1,0.99756646,good,0.999669075012207,True,True,/head/NFS/mkuyokwa/lungcxr/classification-pipeline/gradcam/overlays/1.2.826.0.1.3680043.2.1125.1.15106545612355642423580528421185490_gradcam.png,24021.16796875,16666.59765625,0.590378154213279,1,256,mask_bbox_midline
/head/NFS/mkuyokwa/lungcxr/lung_cxr_segmentation/TB_Positive/1.2.826.0.1.3680043.2.1125.1.84428163401992119455314764191171487.png,/head/NFS/mkuyokwa/lungcxr/lung_cxr_segmentation/tb-inference-results/segments/tb_full/1.2.826.0.1.3680043.2.1125.1.84428163401992119455314764191171487.nrrd,1,1,0.9960906,good,0.9999784231185913,True,True,/head/NFS/mkuyokwa/lungcxr/classification-pipeline/gradcam/overlays/1.2.826.0.1.3680043.2.1125.1.84428163401992119455314764191171487_gradcam.png,18155.80078125,15826.4375,0.5342732468351746,1,254,mask_bbox_midline
/head/NFS/mkuyokwa/lungcxr/lung_cxr_segmentation/TB_Positive/2.25.331474705819510393098494090100884278474.png,/head/NFS/mkuyokwa/lungcxr/lung_cxr_segmentation/tb-inference-results/segments/tb_full/2.25.331474705819510393098494090100884278474.nrrd,1,1,0.99904484,good,0.9994080066680908,True,True,/head/NFS/mkuyokwa/lungcxr/classification-pipeline/gradcam/overlays/2.25.331474705819510393098494090100884278474_gradcam.png,21281.2265625,21121.625,0.5018819673278901,1,254,mask_bbox_midline
/head/NFS/mkuyokwa/lungcxr/lung_cxr_segmentation/TB_Positive/2.25.319798732503632167130359896713532259905.png,/head/NFS/mkuyokwa/lungcxr/lung_cxr_segmentation/tb-inference-results/segments/tb_full/2.25.319798732503632167130359896713532259905.nrrd,1,1,0.99997354,good,0.9661040306091309,True,True,/head/NFS/mkuyokwa/lungcxr/classification-pipeline/gradcam/overlays/2.25.319798732503632167130359896713532259905_gradcam.png,10328.4853515625,3489.7353515625,0.7474540733907011,1,224,mask_bbox_midline
/head/NFS/mkuyokwa/lungcxr/lung_cxr_segmentation/TB_Positive/2.25.2761299712365871480287429546725559670.png,/head/NFS/mkuyokwa/lungcxr/lung_cxr_segmentation/tb-inference-results/segments/tb_full/2.25.2761299712365871480287429546725559670.nrrd,1,1,0.99822885,good,0.9999420642852783,True,True,/head/NFS/mkuyokwa/lungcxr/classification-pipeline/gradcam/overlays/2.25.2761299712365871480287429546725559670_gradcam.png,13136.740234375,13194.05078125,0.49891171999274553,0,259,mask_bbox_midline
/head/NFS/mkuyokwa/lungcxr/lung_cxr_segmentation/TB_Positive/2.25.26095949666447822169655190307339492486.png,/head/NFS/mkuyokwa/lungcxr/lung_cxr_segmentation/tb-inference-results/segments/tb_full/2.25.26095949666447822169655190307339492486.nrrd,1,1,0.99514717,good,0.9999635219573975,True,True,/head/NFS/mkuyokwa/lungcxr/classification-pipeline/gradcam/overlays/2.25.26095949666447822169655190307339492486_gradcam.png,22645.802734375,9890.130859375,0.6960243716112438,1,255,mask_bbox_midline
/head/NFS/mkuyokwa/lungcxr/lung_cxr_segmentation/TB_Positive/1.2.826.0.1.3680043.2.1125.1.37137465413105083376707098974695763.png,/head/NFS/mkuyokwa/lungcxr/lung_cxr_segmentation/tb-inference-results/segments/tb_full/1.2.826.0.1.3680043.2.1125.1.37137465413105083376707098974695763.nrrd,1,1,0.99823475,good,0.9996508359909058,True,True,/head/NFS/mkuyokwa/lungcxr/classification-pipeline/gradcam/overlays/1.2.826.0.1.3680043.2.1125.1.37137465413105083376707098974695763_gradcam.png,16948.60546875,3428.4609375,0.83174904232297,1,273,mask_bbox_midline
/head/NFS/mkuyokwa/lungcxr/lung_cxr_segmentation/TB_Positive/2.25.153089165870160325380673670400940379532.png,/head/NFS/mkuyokwa/lungcxr/lung_cxr_segmentation/tb-inference-results/segments/tb_full/2.25.153089165870160325380673670400940379532.nrrd,1,1,0.9999974,good,0.9888383150100708,True,True,/head/NFS/mkuyokwa/lungcxr/classification-pipeline/gradcam/overlays/2.25.153089165870160325380673670400940379532_gradcam.png,12069.4736328125,8244.1201171875,0.5941574780588738,1,266,mask_bbox_midline
/head/NFS/mkuyokwa/lungcxr/lung_cxr_segmentation/TB_Positive/1.2.826.0.1.3680043.2.1125.1.14309139066891965316730390670753014.png,/head/NFS/mkuyokwa/lungcxr/lung_cxr_segmentation/tb-inference-results/segments/tb_full/1.2.826.0.1.3680043.2.1125.1.14309139066891965316730390670753014.nrrd,1,1,0.9993241,good,0.999984622001648,True,True,/head/NFS/mkuyokwa/lungcxr/classification-pipeline/gradcam/overlays/1.2.826.0.1.3680043.2.1125.1.14309139066891965316730390670753014_gradcam.png,19979.32421875,21893.60546875,0.4771417803305574,0,228,mask_bbox_midline
/head/NFS/mkuyokwa/lungcxr/lung_cxr_segmentation/TB_Positive/2.25.27554057322996248770519910700168297352.png,/head/NFS/mkuyokwa/lungcxr/lung_cxr_segmentation/tb-inference-results/segments/tb_full/2.25.27554057322996248770519910700168297352.nrrd,1,1,0.99613935,good,0.9999197721481323,True,True,/head/NFS/mkuyokwa/lungcxr/classification-pipeline/gradcam/overlays/2.25.27554057322996248770519910700168297352_gradcam.png,16856.52734375,10506.486328125,0.6160332902612966,1,271,mask_bbox_midline
/head/NFS/mkuyokwa/lungcxr/lung_cxr_segmentation/TB_Positive/1.2.826.0.1.3680043.2.1125.1.88577387595875648368472448216862366.png,/head/NFS/mkuyokwa/lungcxr/lung_cxr_segmentation/tb-inference-results/segments/tb_full/1.2.826.0.1.3680043.2.1125.1.88577387595875648368472448216862366.nrrd,1,1,0.9999889,good,0.9978901743888855,True,True,/head/NFS/mkuyokwa/lungcxr/classification-pipeline/gradcam/overlays/1.2.826.0.1.3680043.2.1125.1.88577387595875648368472448216862366_gradcam.png,12490.5712890625,10147.421875,0.5517525868366773,1,263,mask_bbox_midline
/head/NFS/mkuyokwa/lungcxr/lung_cxr_segmentation/TB_Positive/1.2.826.0.1.3680043.2.1125.1.7010150650447299302058019739725554.png,/head/NFS/mkuyokwa/lungcxr/lung_cxr_segmentation/tb-inference-results/segments/tb_full/1.2.826.0.1.3680043.2.1125.1.7010150650447299302058019739725554.nrrd,1,1,0.9976693,good,0.9994988441467285,True,True,/head/NFS/mkuyokwa/lungcxr/classification-pipeline/gradcam/overlays/1.2.826.0.1.3680043.2.1125.1.7010150650447299302058019739725554_gradcam.png,12637.6796875,7904.4736328125,0.6152071543056591,1,256,mask_bbox_midline
/head/NFS/mkuyokwa/lungcxr/lung_cxr_segmentation/TB_Positive/2.25.136173881944392515323204306678154196395.png,/head/NFS/mkuyokwa/lungcxr/lung_cxr_segmentation/tb-inference-results/segments/tb_full/2.25.136173881944392515323204306678154196395.nrrd,1,1,0.9999168,good,0.9989010095596313,True,True,/head/NFS/mkuyokwa/lungcxr/classification-pipeline/gradcam/overlays/2.25.136173881944392515323204306678154196395_gradcam.png,16368.685546875,8900.376953125,0.6477757355214504,1,252,mask_bbox_midline
/head/NFS/mkuyokwa/lungcxr/lung_cxr_segmentation/TB_Positive/1.3.6.1.4.1.25403.158515237678667.5060.20130807024239.9.png,/head/NFS/mkuyokwa/lungcxr/lung_cxr_segmentation/tb-inference-results/segments/tb_full/1.3.6.1.4.1.25403.158515237678667.5060.20130807024239.9.nrrd,1,1,0.9996358,good,0.999994158744812,True,True,/head/NFS/mkuyokwa/lungcxr/classification-pipeline/gradcam/overlays/1.3.6.1.4.1.25403.158515237678667.5060.20130807024239.9_gradcam.png,18638.359375,10194.1630859375,0.6464352676825754,1,270,mask_bbox_midline
/head/NFS/mkuyokwa/lungcxr/lung_cxr_segmentation/TB_Positive/2.25.173078821016142120251223557745143368098.png,/head/NFS/mkuyokwa/lungcxr/lung_cxr_segmentation/tb-inference-results/segments/tb_full/2.25.173078821016142120251223557745143368098.nrrd,1,1,0.9991792,good,0.9996076226234436,True,True,/head/NFS/mkuyokwa/lungcxr/classification-pipeline/gradcam/overlays/2.25.173078821016142120251223557745143368098_gradcam.png,20473.1328125,17288.05859375,0.5421739105697659,1,254,mask_bbox_midline
/head/NFS/mkuyokwa/lungcxr/lung_cxr_segmentation/TB_Positive/2.25.272411345417737217445730270074176900589.png,/head/NFS/mkuyokwa/lungcxr/lung_cxr_segmentation/tb-inference-results/segments/tb_full/2.25.272411345417737217445730270074176900589.nrrd,1,1,0.99971396,good,0.9999423027038574,True,True,/head/NFS/mkuyokwa/lungcxr/classification-pipeline/gradcam/overlays/2.25.272411345417737217445730270074176900589_gradcam.png,13966.15234375,7734.572265625,0.6435799999837996,1,242,mask_bbox_midline
/head/NFS/mkuyokwa/lungcxr/lung_cxr_segmentation/TB_Positive/1.2.826.0.1.3680043.2.1125.1.20661457484575103182433538369236731.png,/head/NFS/mkuyokwa/lungcxr/lung_cxr_segmentation/tb-inference-results/segments/tb_full/1.2.826.0.1.3680043.2.1125.1.20661457484575103182433538369236731.nrrd,1,1,0.9996773,good,0.9952245950698853,True,True,/head/NFS/mkuyokwa/lungcxr/classification-pipeline/gradcam/overlays/1.2.826.0.1.3680043.2.1125.1.20661457484575103182433538369236731_gradcam.png,23582.48046875,11402.3115234375,0.6740780529441546,1,256,mask_bbox_midline
/head/NFS/mkuyokwa/lungcxr/lung_cxr_segmentation/TB_Positive/1.2.826.0.1.3680043.2.1125.1.21212173034816894819751720090299108.png,/head/NFS/mkuyokwa/lungcxr/lung_cxr_segmentation/tb-inference-results/segments/tb_full/1.2.826.0.1.3680043.2.1125.1.21212173034816894819751720090299108.nrrd,1,1,0.99982846,good,0.9898549318313599,True,True,/head/NFS/mkuyokwa/lungcxr/classification-pipeline/gradcam/overlays/1.2.826.0.1.3680043.2.1125.1.21212173034816894819751720090299108_gradcam.png,18244.296875,9158.89453125,0.6657727052491748,1,255,mask_bbox_midline
/head/NFS/mkuyokwa/lungcxr/lung_cxr_segmentation/TB_Positive/1.2.826.0.1.3680043.2.1125.1.12548469949948831395145203694346260.png,/head/NFS/mkuyokwa/lungcxr/lung_cxr_segmentation/tb-inference-results/segments/tb_full/1.2.826.0.1.3680043.2.1125.1.12548469949948831395145203694346260.nrrd,1,1,0.99971944,good,0.9999051094055176,True,True,/head/NFS/mkuyokwa/lungcxr/classification-pipeline/gradcam/overlays/1.2.826.0.1.3680043.2.1125.1.12548469949948831395145203694346260_gradcam.png,23746.14453125,10079.185546875,0.7020225516322971,1,254,mask_bbox_midline
/head/NFS/mkuyokwa/lungcxr/lung_cxr_segmentation/TB_Positive/2.25.162419557680521107909797606248610756051.png,/head/NFS/mkuyokwa/lungcxr/lung_cxr_segmentation/tb-inference-results/segments/tb_full/2.25.162419557680521107909797606248610756051.nrrd,1,1,0.99399275,good,0.9998155236244202,True,True,/head/NFS/mkuyokwa/lungcxr/classification-pipeline/gradcam/overlays/2.25.162419557680521107909797606248610756051_gradcam.png,18652.58203125,8843.8818359375,0.6783629386434953,1,264,mask_bbox_midline
/head/NFS/mkuyokwa/lungcxr/lung_cxr_segmentation/TB_Positive/1.2.826.0.1.3680043.2.1125.1.93668729559348705212802474773184379.png,/head/NFS/mkuyokwa/lungcxr/lung_cxr_segmentation/tb-inference-results/segments/tb_full/1.2.826.0.1.3680043.2.1125.1.93668729559348705212802474773184379.nrrd,1,1,0.9988053,good,0.9998767375946045,True,True,/head/NFS/mkuyokwa/lungcxr/classification-pipeline/gradcam/overlays/1.2.826.0.1.3680043.2.1125.1.93668729559348705212802474773184379_gradcam.png,11501.6328125,17689.466796875,0.3940116325322031,0,256,mask_bbox_midline
/head/NFS/mkuyokwa/lungcxr/lung_cxr_segmentation/TB_Positive/1.2.826.0.1.3680043.2.1125.1.91360053850415660954848658928762411.png,/head/NFS/mkuyokwa/lungcxr/lung_cxr_segmentation/tb-inference-results/segments/tb_full/1.2.826.0.1.3680043.2.1125.1.91360053850415660954848658928762411.nrrd,1,1,0.99774736,good,0.9999868869781494,True,True,/head/NFS/mkuyokwa/lungcxr/classification-pipeline/gradcam/overlays/1.2.826.0.1.3680043.2.1125.1.91360053850415660954848658928762411_gradcam.png,23659.427734375,17556.939453125,0.5740299145420651,1,252,mask_bbox_midline
/head/NFS/mkuyokwa/lungcxr/lung_cxr_segmentation/TB_Positive/2.25.80071212019320946207485366691938368741.png,/head/NFS/mkuyokwa/lungcxr/lung_cxr_segmentation/tb-inference-results/segments/tb_full/2.25.80071212019320946207485366691938368741.nrrd,1,1,0.99932206,good,0.9990954399108887,True,True,/head/NFS/mkuyokwa/lungcxr/classification-pipeline/gradcam/overlays/2.25.80071212019320946207485366691938368741_gradcam.png,21237.34375,10830.353515625,0.6622659423932317,1,255,mask_bbox_midline
/head/NFS/mkuyokwa/lungcxr/lung_cxr_segmentation/TB_Positive/2.25.41440374828816196383848731380479555707.png,/head/NFS/mkuyokwa/lungcxr/lung_cxr_segmentation/tb-inference-results/segments/tb_full/2.25.41440374828816196383848731380479555707.nrrd,1,1,0.9999418,good,0.9999904632568359,True,True,/head/NFS/mkuyokwa/lungcxr/classification-pipeline/gradcam/overlays/2.25.41440374828816196383848731380479555707_gradcam.png,18315.759765625,14424.470703125,0.5594267206856435,1,239,mask_bbox_midline
/head/NFS/mkuyokwa/lungcxr/lung_cxr_segmentation/TB_Positive/1.2.826.0.1.3680043.2.1125.1.21407198517458901065549360989278000.png,/head/NFS/mkuyokwa/lungcxr/lung_cxr_segmentation/tb-inference-results/segments/tb_full/1.2.826.0.1.3680043.2.1125.1.21407198517458901065549360989278000.nrrd,1,1,0.99813324,good,0.9999831914901733,True,True,/head/NFS/mkuyokwa/lungcxr/classification-pipeline/gradcam/overlays/1.2.826.0.1.3680043.2.1125.1.21407198517458901065549360989278000_gradcam.png,25149.9765625,13312.048828125,0.6538911122613483,1,260,mask_bbox_midline
/head/NFS/mkuyokwa/lungcxr/lung_cxr_segmentation/TB_Positive/1.2.826.0.1.3680043.2.1125.1.77526849352279074037175713790113205.png,/head/NFS/mkuyokwa/lungcxr/lung_cxr_segmentation/tb-inference-results/segments/tb_full/1.2.826.0.1.3680043.2.1125.1.77526849352279074037175713790113205.nrrd,1,1,0.99861896,good,0.99834144115448,True,True,/head/NFS/mkuyokwa/lungcxr/classification-pipeline/gradcam/overlays/1.2.826.0.1.3680043.2.1125.1.77526849352279074037175713790113205_gradcam.png,16148.462890625,7796.11669921875,0.6744099569605505,1,251,mask_bbox_midline
/head/NFS/mkuyokwa/lungcxr/lung_cxr_segmentation/TB_Positive/1.3.6.1.4.1.25403.207732457674374.13668.20141127075940.24.png,/head/NFS/mkuyokwa/lungcxr/lung_cxr_segmentation/tb-inference-results/segments/tb_full/1.3.6.1.4.1.25403.207732457674374.13668.20141127075940.24.nrrd,1,1,0.9999547,good,0.9995260238647461,True,True,/head/NFS/mkuyokwa/lungcxr/classification-pipeline/gradcam/overlays/1.3.6.1.4.1.25403.207732457674374.13668.20141127075940.24_gradcam.png,18039.283203125,8051.8056640625,0.6913963343941326,1,249,mask_bbox_midline
/head/NFS/mkuyokwa/lungcxr/lung_cxr_segmentation/TB_Positive/2.25.158451574709541386952356162120916456268.png,/head/NFS/mkuyokwa/lungcxr/lung_cxr_segmentation/tb-inference-results/segments/tb_full/2.25.158451574709541386952356162120916456268.nrrd,1,1,0.99999046,good,0.9999903440475464,True,True,/head/NFS/mkuyokwa/lungcxr/classification-pipeline/gradcam/overlays/2.25.158451574709541386952356162120916456268_gradcam.png,20132.359375,13194.724609375,0.6040840352080852,1,256,mask_bbox_midline
/head/NFS/mkuyokwa/lungcxr/lung_cxr_segmentation/TB_Positive/2.25.127167365192524845568780791813581510079.png,/head/NFS/mkuyokwa/lungcxr/lung_cxr_segmentation/tb-inference-results/segments/tb_full/2.25.127167365192524845568780791813581510079.nrrd,1,1,0.9966869,good,0.9999649524688721,True,True,/head/NFS/mkuyokwa/lungcxr/classification-pipeline/gradcam/overlays/2.25.127167365192524845568780791813581510079_gradcam.png,20956.86328125,11062.97265625,0.6544962729401868,1,249,mask_bbox_midline
/head/NFS/mkuyokwa/lungcxr/lung_cxr_segmentation/TB_Positive/1.2.826.0.1.3680043.2.1125.1.31820839610099762167615385943178735.png,/head/NFS/mkuyokwa/lungcxr/lung_cxr_segmentation/tb-inference-results/segments/tb_full/1.2.826.0.1.3680043.2.1125.1.31820839610099762167615385943178735.nrrd,1,1,0.9997563,good,0.9999836683273315,True,True,/head/NFS/mkuyokwa/lungcxr/classification-pipeline/gradcam/overlays/1.2.826.0.1.3680043.2.1125.1.31820839610099762167615385943178735_gradcam.png,20972.1015625,9493.5537109375,0.688385047827454,1,262,mask_bbox_midline
/head/NFS/mkuyokwa/lungcxr/lung_cxr_segmentation/TB_Positive/1.2.826.0.1.3680043.2.1125.1.74293743957267954678857981113332392.png,/head/NFS/mkuyokwa/lungcxr/lung_cxr_segmentation/tb-inference-results/segments/tb_full/1.2.826.0.1.3680043.2.1125.1.74293743957267954678857981113332392.nrrd,1,1,0.998874,good,0.9967873096466064,True,True,/head/NFS/mkuyokwa/lungcxr/classification-pipeline/gradcam/overlays/1.2.826.0.1.3680043.2.1125.1.74293743957267954678857981113332392_gradcam.png,15985.375,10513.0234375,0.6032581568166708,1,236,mask_bbox_midline
/head/NFS/mkuyokwa/lungcxr/lung_cxr_segmentation/TB_Positive/2.25.194800441244992877528050855971618239311.png,/head/NFS/mkuyokwa/lungcxr/lung_cxr_segmentation/tb-inference-results/segments/tb_full/2.25.194800441244992877528050855971618239311.nrrd,1,1,0.99904174,good,0.999943733215332,True,True,/head/NFS/mkuyokwa/lungcxr/classification-pipeline/gradcam/overlays/2.25.194800441244992877528050855971618239311_gradcam.png,17420.4921875,17404.92578125,0.5002234920233257,1,274,mask_bbox_midline
/head/NFS/mkuyokwa/lungcxr/lung_cxr_segmentation/TB_Positive/1.2.840.114062.2.192.168.196.14.2018.12.20.10.55.42.7217906.png,/head/NFS/mkuyokwa/lungcxr/lung_cxr_segmentation/tb-inference-results/segments/tb_full/1.2.840.114062.2.192.168.196.14.2018.12.20.10.55.42.7217906.nrrd,1,1,0.9999262,good,0.9999719858169556,True,True,/head/NFS/mkuyokwa/lungcxr/classification-pipeline/gradcam/overlays/1.2.840.114062.2.192.168.196.14.2018.12.20.10.55.42.7217906_gradcam.png,15586.419921875,11043.8046875,0.5852905918182868,1,298,mask_bbox_midline
/head/NFS/mkuyokwa/lungcxr/lung_cxr_segmentation/TB_Positive/2.25.306009638914714442676568337326092694155.png,/head/NFS/mkuyokwa/lungcxr/lung_cxr_segmentation/tb-inference-results/segments/tb_full/2.25.306009638914714442676568337326092694155.nrrd,1,1,0.9993881,bad,0.9999536275863647,True,True,/head/NFS/mkuyokwa/lungcxr/classification-pipeline/gradcam/overlays/2.25.306009638914714442676568337326092694155_gradcam.png,26852.998046875,17660.99609375,0.6032484517575122,1,247,mask_bbox_midline
/head/NFS/mkuyokwa/lungcxr/lung_cxr_segmentation/TB_Positive/2.25.1946521459486009160072974217714137573.png,/head/NFS/mkuyokwa/lungcxr/lung_cxr_segmentation/tb-inference-results/segments/tb_full/2.25.1946521459486009160072974217714137573.nrrd,1,1,0.9999902,bad,0.9999983310699463,True,True,/head/NFS/mkuyokwa/lungcxr/classification-pipeline/gradcam/overlays/2.25.1946521459486009160072974217714137573_gradcam.png,19524.6640625,10898.529296875,0.641769055334338,1,266,mask_bbox_midline
/head/NFS/mkuyokwa/lungcxr/lung_cxr_segmentation/TB_Positive/1.2.826.0.1.3680043.2.1125.1.72177030810390134154724854728416146.png,/head/NFS/mkuyokwa/lungcxr/lung_cxr_segmentation/tb-inference-results/segments/tb_full/1.2.826.0.1.3680043.2.1125.1.72177030810390134154724854728416146.nrrd,1,1,0.9988612,bad,0.9999887943267822,True,True,/head/NFS/mkuyokwa/lungcxr/classification-pipeline/gradcam/overlays/1.2.826.0.1.3680043.2.1125.1.72177030810390134154724854728416146_gradcam.png,18103.076171875,21195.458984375,0.4606552407080218,0,265,mask_bbox_midline
/head/NFS/mkuyokwa/lungcxr/lung_cxr_segmentation/TB_Positive/1.2.826.0.1.3680043.2.1125.1.27954299376749297863974297541674430.png,/head/NFS/mkuyokwa/lungcxr/lung_cxr_segmentation/tb-inference-results/segments/tb_full/1.2.826.0.1.3680043.2.1125.1.27954299376749297863974297541674430.nrrd,1,1,0.996536,bad,0.9986893534660339,True,True,/head/NFS/mkuyokwa/lungcxr/classification-pipeline/gradcam/overlays/1.2.826.0.1.3680043.2.1125.1.27954299376749297863974297541674430_gradcam.png,20592.12890625,28923.265625,0.4158732673179845,0,253,mask_bbox_midline
/head/NFS/mkuyokwa/lungcxr/lung_cxr_segmentation/TB_Positive/1.2.826.0.1.3680043.2.1125.1.35047033369601071830902833381060629.png,/head/NFS/mkuyokwa/lungcxr/lung_cxr_segmentation/tb-inference-results/segments/tb_full/1.2.826.0.1.3680043.2.1125.1.35047033369601071830902833381060629.nrrd,1,1,0.99992764,bad,0.9928118586540222,True,True,/head/NFS/mkuyokwa/lungcxr/classification-pipeline/gradcam/overlays/1.2.826.0.1.3680043.2.1125.1.35047033369601071830902833381060629_gradcam.png,11052.056640625,13781.732421875,0.4450410935202007,0,256,mask_bbox_midline
/head/NFS/mkuyokwa/lungcxr/lung_cxr_segmentation/TB_Positive/2.25.316660633627443117231162217272520824133.png,/head/NFS/mkuyokwa/lungcxr/lung_cxr_segmentation/tb-inference-results/segments/tb_full/2.25.316660633627443117231162217272520824133.nrrd,1,1,0.9995328,bad,0.9999873638153076,True,True,/head/NFS/mkuyokwa/lungcxr/classification-pipeline/gradcam/overlays/2.25.316660633627443117231162217272520824133_gradcam.png,24055.66796875,18981.9765625,0.5589448082197662,1,255,mask_bbox_midline
/head/NFS/mkuyokwa/lungcxr/lung_cxr_segmentation/TB_Positive/1.3.6.1.4.1.25403.158515237678667.5060.20130807021057.5.png,/head/NFS/mkuyokwa/lungcxr/lung_cxr_segmentation/tb-inference-results/segments/tb_full/1.3.6.1.4.1.25403.158515237678667.5060.20130807021057.5.nrrd,1,1,0.9991289,bad,0.999830961227417,True,True,/head/NFS/mkuyokwa/lungcxr/classification-pipeline/gradcam/overlays/1.3.6.1.4.1.25403.158515237678667.5060.20130807021057.5_gradcam.png,16974.04296875,7406.671875,0.696207764109152,1,260,mask_bbox_midline
/head/NFS/mkuyokwa/lungcxr/lung_cxr_segmentation/TB_Positive/2.25.247328519675277093350006598139283185293.png,/head/NFS/mkuyokwa/lungcxr/lung_cxr_segmentation/tb-inference-results/segments/tb_full/2.25.247328519675277093350006598139283185293.nrrd,1,1,0.75508773,bad,0.5370849370956421,True,True,/head/NFS/mkuyokwa/lungcxr/classification-pipeline/gradcam/overlays/2.25.247328519675277093350006598139283185293_gradcam.png,0.0,0.0,0.0,0,256,image_midline_fallback
/head/NFS/mkuyokwa/lungcxr/lung_cxr_segmentation/TB_Positive/1.2.826.0.1.3680043.2.1125.1.53161025124311166951699264919764836.png,/head/NFS/mkuyokwa/lungcxr/lung_cxr_segmentation/tb-inference-results/segments/tb_full/1.2.826.0.1.3680043.2.1125.1.53161025124311166951699264919764836.nrrd,1,1,0.99965465,bad,0.9999918937683105,True,True,/head/NFS/mkuyokwa/lungcxr/classification-pipeline/gradcam/overlays/1.2.826.0.1.3680043.2.1125.1.53161025124311166951699264919764836_gradcam.png,24702.298828125,19754.7265625,0.5556444366458707,1,252,mask_bbox_midline
/head/NFS/mkuyokwa/lungcxr/lung_cxr_segmentation/TB_Positive/1.3.6.1.4.1.25403.158515237678667.2100.20150226021835.46.png,/head/NFS/mkuyokwa/lungcxr/lung_cxr_segmentation/tb-inference-results/segments/tb_full/1.3.6.1.4.1.25403.158515237678667.2100.20150226021835.46.nrrd,1,1,0.9999571,bad,0.9999352693557739,True,True,/head/NFS/mkuyokwa/lungcxr/classification-pipeline/gradcam/overlays/1.3.6.1.4.1.25403.158515237678667.2100.20150226021835.46_gradcam.png,18682.8359375,10294.8056640625,0.6447327975956678,1,259,mask_bbox_midline
/head/NFS/mkuyokwa/lungcxr/lung_cxr_segmentation/TB_Positive/1.3.6.1.4.1.25403.158515237678667.2100.20150226021854.3.png,/head/NFS/mkuyokwa/lungcxr/lung_cxr_segmentation/tb-inference-results/segments/tb_full/1.3.6.1.4.1.25403.158515237678667.2100.20150226021854.3.nrrd,1,1,0.9998617,bad,0.9999605417251587,True,True,/head/NFS/mkuyokwa/lungcxr/classification-pipeline/gradcam/overlays/1.3.6.1.4.1.25403.158515237678667.2100.20150226021854.3_gradcam.png,16956.2265625,6911.35546875,0.7104291729383851,1,255,mask_bbox_midline
/head/NFS/mkuyokwa/lungcxr/lung_cxr_segmentation/TB_Positive/2.25.161021166158251430043169262418518882337.png,/head/NFS/mkuyokwa/lungcxr/lung_cxr_segmentation/tb-inference-results/segments/tb_full/2.25.161021166158251430043169262418518882337.nrrd,1,1,0.9993224,bad,0.9999996423721313,True,True,/head/NFS/mkuyokwa/lungcxr/classification-pipeline/gradcam/overlays/2.25.161021166158251430043169262418518882337_gradcam.png,8580.2119140625,20286.15625,0.2972390522180247,0,262,mask_bbox_midline
/head/NFS/mkuyokwa/lungcxr/lung_cxr_segmentation/TB_Positive/1.2.826.0.1.3680043.2.1125.1.14916800032501798382739711855586519.png,/head/NFS/mkuyokwa/lungcxr/lung_cxr_segmentation/tb-inference-results/segments/tb_full/1.2.826.0.1.3680043.2.1125.1.14916800032501798382739711855586519.nrrd,1,1,0.99982196,bad,0.999584972858429,True,True,/head/NFS/mkuyokwa/lungcxr/classification-pipeline/gradcam/overlays/1.2.826.0.1.3680043.2.1125.1.14916800032501798382739711855586519_gradcam.png,15472.1015625,22708.76171875,0.4052318421542369,0,255,mask_bbox_midline
/head/NFS/mkuyokwa/lungcxr/lung_cxr_segmentation/TB_Positive/2.25.235607421798571906110261813084463835069.png,/head/NFS/mkuyokwa/lungcxr/lung_cxr_segmentation/tb-inference-results/segments/tb_full/2.25.235607421798571906110261813084463835069.nrrd,1,1,0.99997675,bad,0.9993323683738708,True,True,/head/NFS/mkuyokwa/lungcxr/classification-pipeline/gradcam/overlays/2.25.235607421798571906110261813084463835069_gradcam.png,13700.2626953125,13711.74609375,0.499790540734795,0,253,mask_bbox_midline
/head/NFS/mkuyokwa/lungcxr/lung_cxr_segmentation/TB_Positive/1.2.826.0.1.3680043.2.1125.1.6520102204613562715014379747313656.png,/head/NFS/mkuyokwa/lungcxr/lung_cxr_segmentation/tb-inference-results/segments/tb_full/1.2.826.0.1.3680043.2.1125.1.6520102204613562715014379747313656.nrrd,1,1,0.99996865,bad,0.9999878406524658,True,True,/head/NFS/mkuyokwa/lungcxr/classification-pipeline/gradcam/overlays/1.2.826.0.1.3680043.2.1125.1.6520102204613562715014379747313656_gradcam.png,19906.6484375,26638.84375,0.42768155415157516,0,259,mask_bbox_midline
/head/NFS/mkuyokwa/lungcxr/lung_cxr_segmentation/TB_Positive/2.25.177046154496813663494310330476744793021.png,/head/NFS/mkuyokwa/lungcxr/lung_cxr_segmentation/tb-inference-results/segments/tb_full/2.25.177046154496813663494310330476744793021.nrrd,1,1,0.99977523,bad,0.9994553923606873,True,True,/head/NFS/mkuyokwa/lungcxr/classification-pipeline/gradcam/overlays/2.25.177046154496813663494310330476744793021_gradcam.png,19924.30078125,6584.359375,0.7516147803702711,1,256,mask_bbox_midline
/head/NFS/mkuyokwa/lungcxr/lung_cxr_segmentation/TB_Positive/1.3.6.1.4.1.25403.163683357445804.11044.20131119114346.8.png,/head/NFS/mkuyokwa/lungcxr/lung_cxr_segmentation/tb-inference-results/segments/tb_full/1.3.6.1.4.1.25403.163683357445804.11044.20131119114346.8.nrrd,1,1,0.999688,bad,0.9994826316833496,True,True,/head/NFS/mkuyokwa/lungcxr/classification-pipeline/gradcam/overlays/1.3.6.1.4.1.25403.163683357445804.11044.20131119114346.8_gradcam.png,16750.279296875,6964.646484375,0.7063180147128465,1,254,mask_bbox_midline
/head/NFS/mkuyokwa/lungcxr/lung_cxr_segmentation/TB_Positive/2.25.10703935088034601912839214161807630854.png,/head/NFS/mkuyokwa/lungcxr/lung_cxr_segmentation/tb-inference-results/segments/tb_full/2.25.10703935088034601912839214161807630854.nrrd,1,1,0.9997701,bad,0.9995049238204956,True,True,/head/NFS/mkuyokwa/lungcxr/classification-pipeline/gradcam/overlays/2.25.10703935088034601912839214161807630854_gradcam.png,15729.43359375,20681.77734375,0.4319942454193474,0,279,mask_bbox_midline
/head/NFS/mkuyokwa/lungcxr/lung_cxr_segmentation/TB_Positive/1.2.840.114062.2.192.168.196.13.2015.8.10.11.32.38.9655406.png,/head/NFS/mkuyokwa/lungcxr/lung_cxr_segmentation/tb-inference-results/segments/tb_full/1.2.840.114062.2.192.168.196.13.2015.8.10.11.32.38.9655406.nrrd,1,1,0.99997807,bad,0.9999053478240967,True,True,/head/NFS/mkuyokwa/lungcxr/classification-pipeline/gradcam/overlays/1.2.840.114062.2.192.168.196.13.2015.8.10.11.32.38.9655406_gradcam.png,21286.35546875,11848.2548828125,0.642420576035119,1,249,mask_bbox_midline
/head/NFS/mkuyokwa/lungcxr/lung_cxr_segmentation/TB_Positive/2.25.38695024398417453522529864025219545022.png,/head/NFS/mkuyokwa/lungcxr/lung_cxr_segmentation/tb-inference-results/segments/tb_full/2.25.38695024398417453522529864025219545022.nrrd,1,1,0.99987936,bad,0.9926866292953491,True,True,/head/NFS/mkuyokwa/lungcxr/classification-pipeline/gradcam/overlays/2.25.38695024398417453522529864025219545022_gradcam.png,7206.97314453125,14484.984375,0.33224171391826457,0,256,mask_bbox_midline
/head/NFS/mkuyokwa/lungcxr/lung_cxr_segmentation/TB_Positive/1.2.826.0.1.3680043.2.1125.1.76402014938831091082843393613865124.png,/head/NFS/mkuyokwa/lungcxr/lung_cxr_segmentation/tb-inference-results/segments/tb_full/1.2.826.0.1.3680043.2.1125.1.76402014938831091082843393613865124.nrrd,1,1,0.99982065,bad,0.9997907280921936,True,True,/head/NFS/mkuyokwa/lungcxr/classification-pipeline/gradcam/overlays/1.2.826.0.1.3680043.2.1125.1.76402014938831091082843393613865124_gradcam.png,18672.08203125,15052.03125,0.5536715487677876,1,228,mask_bbox_midline
/head/NFS/mkuyokwa/lungcxr/lung_cxr_segmentation/TB_Positive/2.25.338315385313950624985806207718911859628.png,/head/NFS/mkuyokwa/lungcxr/lung_cxr_segmentation/tb-inference-results/segments/tb_full/2.25.338315385313950624985806207718911859628.nrrd,1,1,0.99972945,bad,0.9999997615814209,True,True,/head/NFS/mkuyokwa/lungcxr/classification-pipeline/gradcam/overlays/2.25.338315385313950624985806207718911859628_gradcam.png,20381.744140625,13527.7255859375,0.6010634877212264,1,256,mask_bbox_midline
/head/NFS/mkuyokwa/lungcxr/lung_cxr_segmentation/TB_Positive/2.25.26179904925098811929539292122151265397.png,/head/NFS/mkuyokwa/lungcxr/lung_cxr_segmentation/tb-inference-results/segments/tb_full/2.25.26179904925098811929539292122151265397.nrrd,1,1,0.99913824,bad,0.9999815225601196,True,True,/head/NFS/mkuyokwa/lungcxr/classification-pipeline/gradcam/overlays/2.25.26179904925098811929539292122151265397_gradcam.png,19059.759765625,8075.4619140625,0.7023992650810914,1,248,mask_bbox_midline
/head/NFS/mkuyokwa/lungcxr/lung_cxr_segmentation/TB_Positive/1.2.826.0.1.3680043.2.1125.1.49585672678731572225401095536769259.png,/head/NFS/mkuyokwa/lungcxr/lung_cxr_segmentation/tb-inference-results/segments/tb_full/1.2.826.0.1.3680043.2.1125.1.49585672678731572225401095536769259.nrrd,1,1,0.9977469,bad,0.9982863068580627,True,True,/head/NFS/mkuyokwa/lungcxr/classification-pipeline/gradcam/overlays/1.2.826.0.1.3680043.2.1125.1.49585672678731572225401095536769259_gradcam.png,16637.171875,11889.326171875,0.583218166059558,1,249,mask_bbox_midline
/head/NFS/mkuyokwa/lungcxr/lung_cxr_segmentation/TB_Positive/1.2.826.0.1.3680043.2.1125.1.71618825239694480280885117296120604.png,/head/NFS/mkuyokwa/lungcxr/lung_cxr_segmentation/tb-inference-results/segments/tb_full/1.2.826.0.1.3680043.2.1125.1.71618825239694480280885117296120604.nrrd,1,1,0.999238,bad,0.9999932050704956,True,True,/head/NFS/mkuyokwa/lungcxr/classification-pipeline/gradcam/overlays/1.2.826.0.1.3680043.2.1125.1.71618825239694480280885117296120604_gradcam.png,18030.154296875,19782.50390625,0.47682853186409707,0,244,mask_bbox_midline
/head/NFS/mkuyokwa/lungcxr/lung_cxr_segmentation/TB_Positive/2.25.235020108728339781118187251168151524270.png,/head/NFS/mkuyokwa/lungcxr/lung_cxr_segmentation/tb-inference-results/segments/tb_full/2.25.235020108728339781118187251168151524270.nrrd,1,1,0.99968183,bad,0.9999667406082153,True,True,/head/NFS/mkuyokwa/lungcxr/classification-pipeline/gradcam/overlays/2.25.235020108728339781118187251168151524270_gradcam.png,17195.0078125,9553.328125,0.6428440203786041,1,269,mask_bbox_midline
/head/NFS/mkuyokwa/lungcxr/lung_cxr_segmentation/TB_Positive/2.25.196024252796678773731337556699539352571.png,/head/NFS/mkuyokwa/lungcxr/lung_cxr_segmentation/tb-inference-results/segments/tb_full/2.25.196024252796678773731337556699539352571.nrrd,1,1,0.99951804,bad,0.9997602105140686,True,True,/head/NFS/mkuyokwa/lungcxr/classification-pipeline/gradcam/overlays/2.25.196024252796678773731337556699539352571_gradcam.png,12030.5771484375,14251.4296875,0.45774956317213666,0,273,mask_bbox_midline
/head/NFS/mkuyokwa/lungcxr/lung_cxr_segmentation/TB_Positive/1.2.826.0.1.3680043.2.1125.1.99865421828713571490231762044505967.png,/head/NFS/mkuyokwa/lungcxr/lung_cxr_segmentation/tb-inference-results/segments/tb_full/1.2.826.0.1.3680043.2.1125.1.99865421828713571490231762044505967.nrrd,1,1,0.99992776,bad,0.9951843619346619,True,True,/head/NFS/mkuyokwa/lungcxr/classification-pipeline/gradcam/overlays/1.2.826.0.1.3680043.2.1125.1.99865421828713571490231762044505967_gradcam.png,16004.798828125,9621.8876953125,0.6245364110372766,1,255,mask_bbox_midline
/head/NFS/mkuyokwa/lungcxr/lung_cxr_segmentation/TB_Positive/1.2.826.0.1.3680043.2.1125.1.47714478957427435894077859821891964.png,/head/NFS/mkuyokwa/lungcxr/lung_cxr_segmentation/tb-inference-results/segments/tb_full/1.2.826.0.1.3680043.2.1125.1.47714478957427435894077859821891964.nrrd,1,1,0.9634698,bad,0.7062639594078064,True,True,/head/NFS/mkuyokwa/lungcxr/classification-pipeline/gradcam/overlays/1.2.826.0.1.3680043.2.1125.1.47714478957427435894077859821891964_gradcam.png,2813.78662109375,154.25177001953125,0.9480290516182733,1,196,mask_bbox_midline
/head/NFS/mkuyokwa/lungcxr/lung_cxr_segmentation/TB_Positive/1.2.826.0.1.3680043.2.1125.1.33395470566847695369401882898319015.png,/head/NFS/mkuyokwa/lungcxr/lung_cxr_segmentation/tb-inference-results/segments/tb_full/1.2.826.0.1.3680043.2.1125.1.33395470566847695369401882898319015.nrrd,1,1,0.99602,bad,0.9991123080253601,True,True,/head/NFS/mkuyokwa/lungcxr/classification-pipeline/gradcam/overlays/1.2.826.0.1.3680043.2.1125.1.33395470566847695369401882898319015_gradcam.png,8102.26513671875,6667.06640625,0.5485871255003415,1,402,mask_bbox_midline
/head/NFS/mkuyokwa/lungcxr/lung_cxr_segmentation/TB_Positive/1.2.826.0.1.3680043.2.1125.1.24403455781777800211832176420963625.png,/head/NFS/mkuyokwa/lungcxr/lung_cxr_segmentation/tb-inference-results/segments/tb_full/1.2.826.0.1.3680043.2.1125.1.24403455781777800211832176420963625.nrrd,1,1,0.99996006,bad,0.9919928312301636,True,True,/head/NFS/mkuyokwa/lungcxr/classification-pipeline/gradcam/overlays/1.2.826.0.1.3680043.2.1125.1.24403455781777800211832176420963625_gradcam.png,13176.15625,11527.349609375,0.5333719159136936,1,252,mask_bbox_midline
/head/NFS/mkuyokwa/lungcxr/lung_cxr_segmentation/TB_Positive/2.25.132854982693859099696321186947658198594.png,/head/NFS/mkuyokwa/lungcxr/lung_cxr_segmentation/tb-inference-results/segments/tb_full/2.25.132854982693859099696321186947658198594.nrrd,1,1,0.9998535,bad,0.9999650716781616,True,True,/head/NFS/mkuyokwa/lungcxr/classification-pipeline/gradcam/overlays/2.25.132854982693859099696321186947658198594_gradcam.png,19125.97265625,12331.509765625,0.6079943842851875,1,264,mask_bbox_midline
/head/NFS/mkuyokwa/lungcxr/lung_cxr_segmentation/TB_Positive/2.25.232652904694916637298199959698772781629.png,/head/NFS/mkuyokwa/lungcxr/lung_cxr_segmentation/tb-inference-results/segments/tb_full/2.25.232652904694916637298199959698772781629.nrrd,1,1,0.9978091,bad,0.9999369382858276,True,True,/head/NFS/mkuyokwa/lungcxr/classification-pipeline/gradcam/overlays/2.25.232652904694916637298199959698772781629_gradcam.png,17086.265625,9348.244140625,0.6463621143910411,1,240,mask_bbox_midline
/head/NFS/mkuyokwa/lungcxr/lung_cxr_segmentation/TB_Positive/2.25.243990525004449447059456707607652738264.png,/head/NFS/mkuyokwa/lungcxr/lung_cxr_segmentation/tb-inference-results/segments/tb_full/2.25.243990525004449447059456707607652738264.nrrd,1,1,0.9971316,bad,0.9998817443847656,True,True,/head/NFS/mkuyokwa/lungcxr/classification-pipeline/gradcam/overlays/2.25.243990525004449447059456707607652738264_gradcam.png,19930.70703125,10464.08203125,0.6557277627512734,1,256,mask_bbox_midline
/head/NFS/mkuyokwa/lungcxr/lung_cxr_segmentation/TB_Positive/2.25.95682702449557771033989423617018064276.png,/head/NFS/mkuyokwa/lungcxr/lung_cxr_segmentation/tb-inference-results/segments/tb_full/2.25.95682702449557771033989423617018064276.nrrd,1,1,0.99989474,bad,0.9997178912162781,True,True,/head/NFS/mkuyokwa/lungcxr/classification-pipeline/gradcam/overlays/2.25.95682702449557771033989423617018064276_gradcam.png,15220.00390625,18498.15234375,0.4513889725583676,0,256,mask_bbox_midline
/head/NFS/mkuyokwa/lungcxr/lung_cxr_segmentation/TB_Positive/1.2.826.0.1.3680043.2.1125.1.61190480972556974106998802621464390.png,/head/NFS/mkuyokwa/lungcxr/lung_cxr_segmentation/tb-inference-results/segments/tb_full/1.2.826.0.1.3680043.2.1125.1.61190480972556974106998802621464390.nrrd,1,1,0.9996712,bad,0.9998225569725037,True,True,/head/NFS/mkuyokwa/lungcxr/classification-pipeline/gradcam/overlays/1.2.826.0.1.3680043.2.1125.1.61190480972556974106998802621464390_gradcam.png,13620.5458984375,11609.4296875,0.5398556907851001,1,276,mask_bbox_midline
/head/NFS/mkuyokwa/lungcxr/lung_cxr_segmentation/TB_Positive/2.25.175064911937806093207152607840513235247.png,/head/NFS/mkuyokwa/lungcxr/lung_cxr_segmentation/tb-inference-results/segments/tb_full/2.25.175064911937806093207152607840513235247.nrrd,1,1,0.99633384,bad,0.9943143725395203,True,True,/head/NFS/mkuyokwa/lungcxr/classification-pipeline/gradcam/overlays/2.25.175064911937806093207152607840513235247_gradcam.png,8154.9560546875,4302.2314453125,0.6546386216541655,1,185,mask_bbox_midline
/head/NFS/mkuyokwa/lungcxr/lung_cxr_segmentation/TB_Positive/1.2.826.0.1.3680043.2.1125.1.76278565581873865697888508344622440.png,/head/NFS/mkuyokwa/lungcxr/lung_cxr_segmentation/tb-inference-results/segments/tb_full/1.2.826.0.1.3680043.2.1125.1.76278565581873865697888508344622440.nrrd,1,1,0.999982,bad,0.9999548196792603,True,True,/head/NFS/mkuyokwa/lungcxr/classification-pipeline/gradcam/overlays/1.2.826.0.1.3680043.2.1125.1.76278565581873865697888508344622440_gradcam.png,19017.990234375,21231.943359375,0.47249743133310684,0,257,mask_bbox_midline
/head/NFS/mkuyokwa/lungcxr/lung_cxr_segmentation/TB_Positive/1.2.826.0.1.3680043.2.1125.1.54438068561143474087901186728472639.png,/head/NFS/mkuyokwa/lungcxr/lung_cxr_segmentation/tb-inference-results/segments/tb_full/1.2.826.0.1.3680043.2.1125.1.54438068561143474087901186728472639.nrrd,1,1,0.9999765,bad,0.999872088432312,True,True,/head/NFS/mkuyokwa/lungcxr/classification-pipeline/gradcam/overlays/1.2.826.0.1.3680043.2.1125.1.54438068561143474087901186728472639_gradcam.png,23175.0625,14749.73828125,0.6110793470919889,1,252,mask_bbox_midline
/head/NFS/mkuyokwa/lungcxr/lung_cxr_segmentation/TB_Positive/2.25.21720263482152740920579360139914058982.png,/head/NFS/mkuyokwa/lungcxr/lung_cxr_segmentation/tb-inference-results/segments/tb_full/2.25.21720263482152740920579360139914058982.nrrd,1,1,0.9996207,bad,0.9981659054756165,True,True,/head/NFS/mkuyokwa/lungcxr/classification-pipeline/gradcam/overlays/2.25.21720263482152740920579360139914058982_gradcam.png,23371.56640625,12589.896484375,0.6499058861240838,1,203,mask_bbox_midline
/head/NFS/mkuyokwa/lungcxr/lung_cxr_segmentation/TB_Positive/1.2.826.0.1.3680043.2.1125.1.86654293325585338726549236515616721.png,/head/NFS/mkuyokwa/lungcxr/lung_cxr_segmentation/tb-inference-results/segments/tb_full/1.2.826.0.1.3680043.2.1125.1.86654293325585338726549236515616721.nrrd,1,1,0.999635,bad,0.9999793767929077,True,True,/head/NFS/mkuyokwa/lungcxr/classification-pipeline/gradcam/overlays/1.2.826.0.1.3680043.2.1125.1.86654293325585338726549236515616721_gradcam.png,29532.271484375,20438.779296875,0.590987602275036,1,257,mask_bbox_midline
/head/NFS/mkuyokwa/lungcxr/lung_cxr_segmentation/TB_Positive/1.2.826.0.1.3680043.2.1125.1.57529745826922700526569290091816735.png,/head/NFS/mkuyokwa/lungcxr/lung_cxr_segmentation/tb-inference-results/segments/tb_full/1.2.826.0.1.3680043.2.1125.1.57529745826922700526569290091816735.nrrd,1,1,0.99848807,bad,0.99992835521698,True,True,/head/NFS/mkuyokwa/lungcxr/classification-pipeline/gradcam/overlays/1.2.826.0.1.3680043.2.1125.1.57529745826922700526569290091816735_gradcam.png,18702.75,13832.6494140625,0.5748431043362655,1,275,mask_bbox_midline
/head/NFS/mkuyokwa/lungcxr/lung_cxr_segmentation/TB_Positive/1.2.826.0.1.3680043.2.1125.1.29306349887299682995038635488747605.png,/head/NFS/mkuyokwa/lungcxr/lung_cxr_segmentation/tb-inference-results/segments/tb_full/1.2.826.0.1.3680043.2.1125.1.29306349887299682995038635488747605.nrrd,1,1,0.97551876,bad,0.9997624754905701,True,True,/head/NFS/mkuyokwa/lungcxr/classification-pipeline/gradcam/overlays/1.2.826.0.1.3680043.2.1125.1.29306349887299682995038635488747605_gradcam.png,13687.9111328125,9912.603515625,0.57998358665957,1,277,mask_bbox_midline
/head/NFS/mkuyokwa/lungcxr/lung_cxr_segmentation/TB_Positive/1.2.826.0.1.3680043.2.1125.1.96264411918178904954608912966190376.png,/head/NFS/mkuyokwa/lungcxr/lung_cxr_segmentation/tb-inference-results/segments/tb_full/1.2.826.0.1.3680043.2.1125.1.96264411918178904954608912966190376.nrrd,1,1,0.9998111,bad,0.9999831914901733,True,True,/head/NFS/mkuyokwa/lungcxr/classification-pipeline/gradcam/overlays/1.2.826.0.1.3680043.2.1125.1.96264411918178904954608912966190376_gradcam.png,18707.58984375,23348.373046875,0.4448260973694231,0,262,mask_bbox_midline
/head/NFS/mkuyokwa/lungcxr/lung_cxr_segmentation/TB_Positive/2.25.22731376649403615675453595527992323379.png,/head/NFS/mkuyokwa/lungcxr/lung_cxr_segmentation/tb-inference-results/segments/tb_full/2.25.22731376649403615675453595527992323379.nrrd,1,1,0.9988458,bad,0.9993411898612976,True,True,/head/NFS/mkuyokwa/lungcxr/classification-pipeline/gradcam/overlays/2.25.22731376649403615675453595527992323379_gradcam.png,18786.677734375,13735.91015625,0.5776501487998276,1,241,mask_bbox_midline
/head/NFS/mkuyokwa/lungcxr/lung_cxr_segmentation/TB_Positive/1.2.826.0.1.3680043.2.1125.1.33940652807468599076334976539088663.png,/head/NFS/mkuyokwa/lungcxr/lung_cxr_segmentation/tb-inference-results/segments/tb_full/1.2.826.0.1.3680043.2.1125.1.33940652807468599076334976539088663.nrrd,1,1,0.9989157,bad,0.9998944997787476,True,True,/head/NFS/mkuyokwa/lungcxr/classification-pipeline/gradcam/overlays/1.2.826.0.1.3680043.2.1125.1.33940652807468599076334976539088663_gradcam.png,6128.90283203125,18961.115234375,0.24427654120494297,0,243,mask_bbox_midline
/head/NFS/mkuyokwa/lungcxr/lung_cxr_segmentation/TB_Positive/1.2.826.0.1.3680043.2.1125.1.4850123174497530888425771541886987.png,/head/NFS/mkuyokwa/lungcxr/lung_cxr_segmentation/tb-inference-results/segments/tb_full/1.2.826.0.1.3680043.2.1125.1.4850123174497530888425771541886987.nrrd,1,1,0.9999331,bad,0.9999618530273438,True,True,/head/NFS/mkuyokwa/lungcxr/classification-pipeline/gradcam/overlays/1.2.826.0.1.3680043.2.1125.1.4850123174497530888425771541886987_gradcam.png,23578.65625,11865.3837890625,0.665236136287348,1,245,mask_bbox_midline
/head/NFS/mkuyokwa/lungcxr/lung_cxr_segmentation/TB_Positive/1.2.826.0.1.3680043.2.1125.1.41555221099929328685693468777287055.png,/head/NFS/mkuyokwa/lungcxr/lung_cxr_segmentation/tb-inference-results/segments/tb_full/1.2.826.0.1.3680043.2.1125.1.41555221099929328685693468777287055.nrrd,1,1,0.99984586,bad,0.9998378753662109,True,True,/head/NFS/mkuyokwa/lungcxr/classification-pipeline/gradcam/overlays/1.2.826.0.1.3680043.2.1125.1.41555221099929328685693468777287055_gradcam.png,15972.87109375,26387.669921875,0.3770695725500363,0,250,mask_bbox_midline
/head/NFS/mkuyokwa/lungcxr/lung_cxr_segmentation/TB_Positive/1.2.826.0.1.3680043.2.1125.1.55147981803910980903986136165421050.png,/head/NFS/mkuyokwa/lungcxr/lung_cxr_segmentation/tb-inference-results/segments/tb_full/1.2.826.0.1.3680043.2.1125.1.55147981803910980903986136165421050.nrrd,1,1,0.9999082,bad,0.9999492168426514,True,True,/head/NFS/mkuyokwa/lungcxr/classification-pipeline/gradcam/overlays/1.2.826.0.1.3680043.2.1125.1.55147981803910980903986136165421050_gradcam.png,23325.078125,9214.9208984375,0.7168125023052307,1,259,mask_bbox_midline
/head/NFS/mkuyokwa/lungcxr/lung_cxr_segmentation/TB_Positive/2.25.324331578683539031384633409984221882372.png,/head/NFS/mkuyokwa/lungcxr/lung_cxr_segmentation/tb-inference-results/segments/tb_full/2.25.324331578683539031384633409984221882372.nrrd,1,1,0.99932325,bad,0.9984619617462158,True,True,/head/NFS/mkuyokwa/lungcxr/classification-pipeline/gradcam/overlays/2.25.324331578683539031384633409984221882372_gradcam.png,15547.2099609375,9684.208984375,0.6161845274986354,1,394,mask_bbox_midline
/head/NFS/mkuyokwa/lungcxr/lung_cxr_segmentation/TB_Positive/2.25.330255051995173079337165151477487824945.png,/head/NFS/mkuyokwa/lungcxr/lung_cxr_segmentation/tb-inference-results/segments/tb_full/2.25.330255051995173079337165151477487824945.nrrd,1,1,0.9919957,bad,0.9990801811218262,True,True,/head/NFS/mkuyokwa/lungcxr/classification-pipeline/gradcam/overlays/2.25.330255051995173079337165151477487824945_gradcam.png,14676.2470703125,4159.240234375,0.779180640930914,1,265,mask_bbox_midline
/head/NFS/mkuyokwa/lungcxr/lung_cxr_segmentation/TB_Positive/1.2.826.0.1.3680043.2.1125.1.42286327327373435983672888707008026.png,/head/NFS/mkuyokwa/lungcxr/lung_cxr_segmentation/tb-inference-results/segments/tb_full/1.2.826.0.1.3680043.2.1125.1.42286327327373435983672888707008026.nrrd,1,1,0.9954984,bad,0.999993085861206,True,True,/head/NFS/mkuyokwa/lungcxr/classification-pipeline/gradcam/overlays/1.2.826.0.1.3680043.2.1125.1.42286327327373435983672888707008026_gradcam.png,19737.876953125,16831.828125,0.5397330088103899,1,259,mask_bbox_midline
/head/NFS/mkuyokwa/lungcxr/lung_cxr_segmentation/TB_Positive/1.2.826.0.1.3680043.2.1125.1.21070750552198865471227335453208605.png,/head/NFS/mkuyokwa/lungcxr/lung_cxr_segmentation/tb-inference-results/segments/tb_full/1.2.826.0.1.3680043.2.1125.1.21070750552198865471227335453208605.nrrd,1,1,0.99901736,bad,0.9997238516807556,True,True,/head/NFS/mkuyokwa/lungcxr/classification-pipeline/gradcam/overlays/1.2.826.0.1.3680043.2.1125.1.21070750552198865471227335453208605_gradcam.png,25278.6484375,17842.2265625,0.5862276319184154,1,257,mask_bbox_midline
/head/NFS/mkuyokwa/lungcxr/lung_cxr_segmentation/TB_Positive/1.2.826.0.1.3680043.2.1125.1.65653440435900210990263341673851374.png,/head/NFS/mkuyokwa/lungcxr/lung_cxr_segmentation/tb-inference-results/segments/tb_full/1.2.826.0.1.3680043.2.1125.1.65653440435900210990263341673851374.nrrd,1,1,0.99992514,bad,0.9999574422836304,True,True,/head/NFS/mkuyokwa/lungcxr/classification-pipeline/gradcam/overlays/1.2.826.0.1.3680043.2.1125.1.65653440435900210990263341673851374_gradcam.png,17400.453125,14734.2587890625,0.5414846466193267,1,236,mask_bbox_midline
/head/NFS/mkuyokwa/lungcxr/lung_cxr_segmentation/TB_Positive/2.25.120049472771913309470373367246684923771.png,/head/NFS/mkuyokwa/lungcxr/lung_cxr_segmentation/tb-inference-results/segments/tb_full/2.25.120049472771913309470373367246684923771.nrrd,1,1,0.99994457,bad,0.9999144077301025,True,True,/head/NFS/mkuyokwa/lungcxr/classification-pipeline/gradcam/overlays/2.25.120049472771913309470373367246684923771_gradcam.png,11591.0400390625,11092.98046875,0.5109782031395397,1,213,mask_bbox_midline
/head/NFS/mkuyokwa/lungcxr/lung_cxr_segmentation/TB_Positive/1.2.826.0.1.3680043.2.1125.1.39054470574426792570582863159760114.png,/head/NFS/mkuyokwa/lungcxr/lung_cxr_segmentation/tb-inference-results/segments/tb_full/1.2.826.0.1.3680043.2.1125.1.39054470574426792570582863159760114.nrrd,1,1,0.9983993,bad,0.9999750852584839,True,True,/head/NFS/mkuyokwa/lungcxr/classification-pipeline/gradcam/overlays/1.2.826.0.1.3680043.2.1125.1.39054470574426792570582863159760114_gradcam.png,22694.056640625,16399.34375,0.5805086386414027,1,257,mask_bbox_midline
/head/NFS/mkuyokwa/lungcxr/lung_cxr_segmentation/TB_Positive/2.25.130989965511428383382301552420735459782.png,/head/NFS/mkuyokwa/lungcxr/lung_cxr_segmentation/tb-inference-results/segments/tb_full/2.25.130989965511428383382301552420735459782.nrrd,1,1,0.99981767,bad,0.9914630055427551,True,True,/head/NFS/mkuyokwa/lungcxr/classification-pipeline/gradcam/overlays/2.25.130989965511428383382301552420735459782_gradcam.png,5555.6884765625,9319.791015625,0.3734796232605685,0,260,mask_bbox_midline
/head/NFS/mkuyokwa/lungcxr/lung_cxr_segmentation/TB_Positive/1.2.826.0.1.3680043.2.1125.1.97266305654084790598966597662133426.png,/head/NFS/mkuyokwa/lungcxr/lung_cxr_segmentation/tb-inference-results/segments/tb_full/1.2.826.0.1.3680043.2.1125.1.97266305654084790598966597662133426.nrrd,1,1,0.9999702,bad,0.9999469518661499,True,True,/head/NFS/mkuyokwa/lungcxr/classification-pipeline/gradcam/overlays/1.2.826.0.1.3680043.2.1125.1.97266305654084790598966597662133426_gradcam.png,20688.220703125,13558.80078125,0.6040881748669407,1,245,mask_bbox_midline
/head/NFS/mkuyokwa/lungcxr/lung_cxr_segmentation/TB_Positive/1.2.826.0.1.3680043.2.1125.1.65379776256966527252375871841152558.png,/head/NFS/mkuyokwa/lungcxr/lung_cxr_segmentation/tb-inference-results/segments/tb_full/1.2.826.0.1.3680043.2.1125.1.65379776256966527252375871841152558.nrrd,1,1,0.9954176,bad,0.9996435642242432,True,True,/head/NFS/mkuyokwa/lungcxr/classification-pipeline/gradcam/overlays/1.2.826.0.1.3680043.2.1125.1.65379776256966527252375871841152558_gradcam.png,24480.90625,9368.7578125,0.7232244965503489,1,256,mask_bbox_midline
/head/NFS/mkuyokwa/lungcxr/lung_cxr_segmentation/TB_Positive/1.2.826.0.1.3680043.2.1125.1.45600027782131797739888473791928030.png,/head/NFS/mkuyokwa/lungcxr/lung_cxr_segmentation/tb-inference-results/segments/tb_full/1.2.826.0.1.3680043.2.1125.1.45600027782131797739888473791928030.nrrd,1,1,0.9997421,bad,0.9951529502868652,True,True,/head/NFS/mkuyokwa/lungcxr/classification-pipeline/gradcam/overlays/1.2.826.0.1.3680043.2.1125.1.45600027782131797739888473791928030_gradcam.png,18686.404296875,15347.7265625,0.549048964231965,1,254,mask_bbox_midline
/head/NFS/mkuyokwa/lungcxr/lung_cxr_segmentation/TB_Positive/2.25.145335319605961466426089781229256743581.png,/head/NFS/mkuyokwa/lungcxr/lung_cxr_segmentation/tb-inference-results/segments/tb_full/2.25.145335319605961466426089781229256743581.nrrd,1,1,0.99945194,bad,0.9976345300674438,True,True,/head/NFS/mkuyokwa/lungcxr/classification-pipeline/gradcam/overlays/2.25.145335319605961466426089781229256743581_gradcam.png,9133.04296875,7333.3310546875,0.5546480940946947,1,260,mask_bbox_midline
/head/NFS/mkuyokwa/lungcxr/lung_cxr_segmentation/TB_Positive/2.25.136260052002458823099848314494368724317.png,/head/NFS/mkuyokwa/lungcxr/lung_cxr_segmentation/tb-inference-results/segments/tb_full/2.25.136260052002458823099848314494368724317.nrrd,1,1,0.9998872,bad,0.9986760020256042,True,True,/head/NFS/mkuyokwa/lungcxr/classification-pipeline/gradcam/overlays/2.25.136260052002458823099848314494368724317_gradcam.png,14987.6640625,10245.7890625,0.5939600889444259,1,254,mask_bbox_midline
/head/NFS/mkuyokwa/lungcxr/lung_cxr_segmentation/TB_Positive/2.25.17734208213112454667015301512762941157.png,/head/NFS/mkuyokwa/lungcxr/lung_cxr_segmentation/tb-inference-results/segments/tb_full/2.25.17734208213112454667015301512762941157.nrrd,1,1,0.9999229,bad,0.9999009370803833,True,True,/head/NFS/mkuyokwa/lungcxr/classification-pipeline/gradcam/overlays/2.25.17734208213112454667015301512762941157_gradcam.png,22685.30078125,13036.65625,0.6350520146867829,1,255,mask_bbox_midline
/head/NFS/mkuyokwa/lungcxr/lung_cxr_segmentation/TB_Positive/2.25.16802388612648073777311648998404525652.png,/head/NFS/mkuyokwa/lungcxr/lung_cxr_segmentation/tb-inference-results/segments/tb_full/2.25.16802388612648073777311648998404525652.nrrd,1,1,0.9979132,bad,0.9996539354324341,True,True,/head/NFS/mkuyokwa/lungcxr/classification-pipeline/gradcam/overlays/2.25.16802388612648073777311648998404525652_gradcam.png,4933.73974609375,6154.99267578125,0.44493270812097935,0,246,mask_bbox_midline
/head/NFS/mkuyokwa/lungcxr/lung_cxr_segmentation/TB_Positive/1.2.826.0.1.3680043.2.1125.1.18437149044688145968911070295668977.png,/head/NFS/mkuyokwa/lungcxr/lung_cxr_segmentation/tb-inference-results/segments/tb_full/1.2.826.0.1.3680043.2.1125.1.18437149044688145968911070295668977.nrrd,1,1,0.9973909,bad,0.9999617338180542,True,True,/head/NFS/mkuyokwa/lungcxr/classification-pipeline/gradcam/overlays/1.2.826.0.1.3680043.2.1125.1.18437149044688145968911070295668977_gradcam.png,17473.181640625,14903.0107421875,0.5396922971677472,1,262,mask_bbox_midline
/head/NFS/mkuyokwa/lungcxr/lung_cxr_segmentation/TB_Positive/1.2.826.0.1.3680043.2.1125.1.81688177821814821810352389933404763.png,/head/NFS/mkuyokwa/lungcxr/lung_cxr_segmentation/tb-inference-results/segments/tb_full/1.2.826.0.1.3680043.2.1125.1.81688177821814821810352389933404763.nrrd,1,1,0.9997315,bad,0.8770039081573486,True,True,/head/NFS/mkuyokwa/lungcxr/classification-pipeline/gradcam/overlays/1.2.826.0.1.3680043.2.1125.1.81688177821814821810352389933404763_gradcam.png,11664.0859375,17947.580078125,0.39390171195856677,0,267,mask_bbox_midline
/head/NFS/mkuyokwa/lungcxr/lung_cxr_segmentation/TB_Positive/1.2.826.0.1.3680043.2.1125.1.36034198557801328157379424996650299.png,/head/NFS/mkuyokwa/lungcxr/lung_cxr_segmentation/tb-inference-results/segments/tb_full/1.2.826.0.1.3680043.2.1125.1.36034198557801328157379424996650299.nrrd,1,1,0.99936527,bad,0.991005539894104,True,True,/head/NFS/mkuyokwa/lungcxr/classification-pipeline/gradcam/overlays/1.2.826.0.1.3680043.2.1125.1.36034198557801328157379424996650299_gradcam.png,6230.681640625,10218.5927734375,0.3787815488869457,0,282,mask_bbox_midline
/head/NFS/mkuyokwa/lungcxr/lung_cxr_segmentation/TB_Positive/1.2.826.0.1.3680043.2.1125.1.30727583953915720308823153199130390.png,/head/NFS/mkuyokwa/lungcxr/lung_cxr_segmentation/tb-inference-results/segments/tb_full/1.2.826.0.1.3680043.2.1125.1.30727583953915720308823153199130390.nrrd,1,1,0.9994419,bad,0.9992865920066833,True,True,/head/NFS/mkuyokwa/lungcxr/classification-pipeline/gradcam/overlays/1.2.826.0.1.3680043.2.1125.1.30727583953915720308823153199130390_gradcam.png,15066.90625,11234.755859375,0.5728499661863397,1,258,mask_bbox_midline
/head/NFS/mkuyokwa/lungcxr/lung_cxr_segmentation/TB_Positive/1.2.840.114062.2.192.168.196.14.2016.5.3.9.40.13.3874390.png,/head/NFS/mkuyokwa/lungcxr/lung_cxr_segmentation/tb-inference-results/segments/tb_full/1.2.840.114062.2.192.168.196.14.2016.5.3.9.40.13.3874390.nrrd,1,1,0.9999865,bad,0.9983381032943726,True,True,/head/NFS/mkuyokwa/lungcxr/classification-pipeline/gradcam/overlays/1.2.840.114062.2.192.168.196.14.2016.5.3.9.40.13.3874390_gradcam.png,11136.0439453125,7636.9306640625,0.593195493896385,1,283,mask_bbox_midline
/head/NFS/mkuyokwa/lungcxr/lung_cxr_segmentation/TB_Positive/1.2.826.0.1.3680043.2.1125.1.52331289516672506119949583255299008.png,/head/NFS/mkuyokwa/lungcxr/lung_cxr_segmentation/tb-inference-results/segments/tb_full/1.2.826.0.1.3680043.2.1125.1.52331289516672506119949583255299008.nrrd,1,1,0.9987004,bad,0.9994553923606873,True,True,/head/NFS/mkuyokwa/lungcxr/classification-pipeline/gradcam/overlays/1.2.826.0.1.3680043.2.1125.1.52331289516672506119949583255299008_gradcam.png,17224.8203125,10730.0751953125,0.6161647181863447,1,266,mask_bbox_midline
/head/NFS/mkuyokwa/lungcxr/lung_cxr_segmentation/TB_Positive/2.25.123062604647990991899199098017018052966.png,/head/NFS/mkuyokwa/lungcxr/lung_cxr_segmentation/tb-inference-results/segments/tb_full/2.25.123062604647990991899199098017018052966.nrrd,1,1,0.9979387,bad,0.9981879591941833,True,True,/head/NFS/mkuyokwa/lungcxr/classification-pipeline/gradcam/overlays/2.25.123062604647990991899199098017018052966_gradcam.png,13859.0048828125,21356.78125,0.393545236518213,0,256,mask_bbox_midline
/head/NFS/mkuyokwa/lungcxr/lung_cxr_segmentation/TB_Positive/1.2.826.0.1.3680043.2.1125.1.20872264015842698532456893679137313.png,/head/NFS/mkuyokwa/lungcxr/lung_cxr_segmentation/tb-inference-results/segments/tb_full/1.2.826.0.1.3680043.2.1125.1.20872264015842698532456893679137313.nrrd,1,1,0.9997044,bad,0.9981245398521423,True,True,/head/NFS/mkuyokwa/lungcxr/classification-pipeline/gradcam/overlays/1.2.826.0.1.3680043.2.1125.1.20872264015842698532456893679137313_gradcam.png,22960.09375,20553.625,0.5276518396856164,1,257,mask_bbox_midline
/head/NFS/mkuyokwa/lungcxr/lung_cxr_segmentation/TB_Positive/2.25.60753607839451932664598759595937580092.png,/head/NFS/mkuyokwa/lungcxr/lung_cxr_segmentation/tb-inference-results/segments/tb_full/2.25.60753607839451932664598759595937580092.nrrd,1,1,0.9993057,bad,0.9999973773956299,True,True,/head/NFS/mkuyokwa/lungcxr/classification-pipeline/gradcam/overlays/2.25.60753607839451932664598759595937580092_gradcam.png,20101.171875,11096.568359375,0.6443149960217847,1,270,mask_bbox_midline
/head/NFS/mkuyokwa/lungcxr/lung_cxr_segmentation/TB_Positive/1.2.840.114062.2.192.168.196.14.2017.8.10.13.52.0.17949078.png,/head/NFS/mkuyokwa/lungcxr/lung_cxr_segmentation/tb-inference-results/segments/tb_full/1.2.840.114062.2.192.168.196.14.2017.8.10.13.52.0.17949078.nrrd,1,1,0.9982318,bad,0.9999791383743286,True,True,/head/NFS/mkuyokwa/lungcxr/classification-pipeline/gradcam/overlays/1.2.840.114062.2.192.168.196.14.2017.8.10.13.52.0.17949078_gradcam.png,14912.16796875,6856.5400390625,0.685027699549198,1,286,mask_bbox_midline
/head/NFS/mkuyokwa/lungcxr/lung_cxr_segmentation/TB_Positive/1.2.826.0.1.3680043.2.1125.1.77446693766185093090204959859447713.png,/head/NFS/mkuyokwa/lungcxr/lung_cxr_segmentation/tb-inference-results/segments/tb_full/1.2.826.0.1.3680043.2.1125.1.77446693766185093090204959859447713.nrrd,1,1,0.9999893,bad,0.9999649524688721,True,True,/head/NFS/mkuyokwa/lungcxr/classification-pipeline/gradcam/overlays/1.2.826.0.1.3680043.2.1125.1.77446693766185093090204959859447713_gradcam.png,16139.033203125,13466.36328125,0.5451382220684929,1,266,mask_bbox_midline
/head/NFS/mkuyokwa/lungcxr/lung_cxr_segmentation/TB_Positive/1.2.826.0.1.3680043.2.1125.1.64812317351900219592054466565447987.png,/head/NFS/mkuyokwa/lungcxr/lung_cxr_segmentation/tb-inference-results/segments/tb_full/1.2.826.0.1.3680043.2.1125.1.64812317351900219592054466565447987.nrrd,1,1,0.75508773,bad,0.5370849370956421,True,True,/head/NFS/mkuyokwa/lungcxr/classification-pipeline/gradcam/overlays/1.2.826.0.1.3680043.2.1125.1.64812317351900219592054466565447987_gradcam.png,0.0,0.0,0.0,0,256,image_midline_fallback
/head/NFS/mkuyokwa/lungcxr/lung_cxr_segmentation/TB_Positive/2.25.150040350037888484240037588571574728314.png,/head/NFS/mkuyokwa/lungcxr/lung_cxr_segmentation/tb-inference-results/segments/tb_full/2.25.150040350037888484240037588571574728314.nrrd,1,1,0.99864084,bad,0.9999654293060303,True,True,/head/NFS/mkuyokwa/lungcxr/classification-pipeline/gradcam/overlays/2.25.150040350037888484240037588571574728314_gradcam.png,17931.826171875,24825.203125,0.41938896286196364,0,272,mask_bbox_midline
/head/NFS/mkuyokwa/lungcxr/lung_cxr_segmentation/TB_Positive/1.2.826.0.1.3680043.2.1125.1.49454580930345909940253016283586396.png,/head/NFS/mkuyokwa/lungcxr/lung_cxr_segmentation/tb-inference-results/segments/tb_full/1.2.826.0.1.3680043.2.1125.1.49454580930345909940253016283586396.nrrd,1,1,0.998747,bad,0.9999380111694336,True,True,/head/NFS/mkuyokwa/lungcxr/classification-pipeline/gradcam/overlays/1.2.826.0.1.3680043.2.1125.1.49454580930345909940253016283586396_gradcam.png,22536.056640625,18395.341796875,0.5505811553210507,1,258,mask_bbox_midline
/head/NFS/mkuyokwa/lungcxr/lung_cxr_segmentation/TB_Positive/1.2.826.0.1.3680043.2.1125.1.41472671031298827063766217625299080.png,/head/NFS/mkuyokwa/lungcxr/lung_cxr_segmentation/tb-inference-results/segments/tb_full/1.2.826.0.1.3680043.2.1125.1.41472671031298827063766217625299080.nrrd,1,1,0.9996107,bad,0.9998476505279541,True,True,/head/NFS/mkuyokwa/lungcxr/classification-pipeline/gradcam/overlays/1.2.826.0.1.3680043.2.1125.1.41472671031298827063766217625299080_gradcam.png,14498.4912109375,16755.56640625,0.4638914853399504,0,247,mask_bbox_midline
/head/NFS/mkuyokwa/lungcxr/lung_cxr_segmentation/TB_Positive/2.25.17464268562677675976531370833296527709.png,/head/NFS/mkuyokwa/lungcxr/lung_cxr_segmentation/tb-inference-results/segments/tb_full/2.25.17464268562677675976531370833296527709.nrrd,1,1,0.9998093,bad,0.9989292025566101,True,True,/head/NFS/mkuyokwa/lungcxr/classification-pipeline/gradcam/overlays/2.25.17464268562677675976531370833296527709_gradcam.png,19464.521484375,17106.6328125,0.5322370009534602,1,255,mask_bbox_midline
/head/NFS/mkuyokwa/lungcxr/lung_cxr_segmentation/TB_Positive/1.2.826.0.1.3680043.2.1125.1.71121298250207070265587972494986071.png,/head/NFS/mkuyokwa/lungcxr/lung_cxr_segmentation/tb-inference-results/segments/tb_full/1.2.826.0.1.3680043.2.1125.1.71121298250207070265587972494986071.nrrd,1,1,0.99999034,bad,0.9999880790710449,True,True,/head/NFS/mkuyokwa/lungcxr/classification-pipeline/gradcam/overlays/1.2.826.0.1.3680043.2.1125.1.71121298250207070265587972494986071_gradcam.png,8804.7021484375,17365.9375,0.3364343503527312,0,263,mask_bbox_midline
/head/NFS/mkuyokwa/lungcxr/lung_cxr_segmentation/TB_Positive/2.25.214635012946125671599232518827076723288.png,/head/NFS/mkuyokwa/lungcxr/lung_cxr_segmentation/tb-inference-results/segments/tb_full/2.25.214635012946125671599232518827076723288.nrrd,1,1,0.99995935,bad,0.9999964237213135,True,True,/head/NFS/mkuyokwa/lungcxr/classification-pipeline/gradcam/overlays/2.25.214635012946125671599232518827076723288_gradcam.png,22892.2421875,22543.9921875,0.5038322938156118,1,257,mask_bbox_midline
/head/NFS/mkuyokwa/lungcxr/lung_cxr_segmentation/TB_Positive/1.2.826.0.1.3680043.2.1125.1.66596915058934042037419908729716269.png,/head/NFS/mkuyokwa/lungcxr/lung_cxr_segmentation/tb-inference-results/segments/tb_full/1.2.826.0.1.3680043.2.1125.1.66596915058934042037419908729716269.nrrd,1,1,0.9992048,bad,0.9999767541885376,True,True,/head/NFS/mkuyokwa/lungcxr/classification-pipeline/gradcam/overlays/1.2.826.0.1.3680043.2.1125.1.66596915058934042037419908729716269_gradcam.png,17509.53125,15645.453125,0.5281115820160901,1,255,mask_bbox_midline
/head/NFS/mkuyokwa/lungcxr/lung_cxr_segmentation/TB_Positive/2.25.214963683024723054525027676145296908065.png,/head/NFS/mkuyokwa/lungcxr/lung_cxr_segmentation/tb-inference-results/segments/tb_full/2.25.214963683024723054525027676145296908065.nrrd,1,1,0.9998816,bad,0.999984860420227,True,True,/head/NFS/mkuyokwa/lungcxr/classification-pipeline/gradcam/overlays/2.25.214963683024723054525027676145296908065_gradcam.png,15642.5625,12607.3447265625,0.5537208449765028,1,251,mask_bbox_midline
/head/NFS/mkuyokwa/lungcxr/lung_cxr_segmentation/TB_Positive/1.2.826.0.1.3680043.2.1125.1.32284025212727994761851129031519753.png,/head/NFS/mkuyokwa/lungcxr/lung_cxr_segmentation/tb-inference-results/segments/tb_full/1.2.826.0.1.3680043.2.1125.1.32284025212727994761851129031519753.nrrd,1,1,0.99983263,bad,0.999934196472168,True,True,/head/NFS/mkuyokwa/lungcxr/classification-pipeline/gradcam/overlays/1.2.826.0.1.3680043.2.1125.1.32284025212727994761851129031519753_gradcam.png,23614.6640625,20362.15234375,0.5369798451154795,1,264,mask_bbox_midline
/head/NFS/mkuyokwa/lungcxr/lung_cxr_segmentation/TB_Positive/2.25.88469105752728196082565173119927818985.png,/head/NFS/mkuyokwa/lungcxr/lung_cxr_segmentation/tb-inference-results/segments/tb_full/2.25.88469105752728196082565173119927818985.nrrd,1,1,0.9999645,bad,0.996640682220459,True,True,/head/NFS/mkuyokwa/lungcxr/classification-pipeline/gradcam/overlays/2.25.88469105752728196082565173119927818985_gradcam.png,14657.462890625,9287.361328125,0.612134913028406,1,241,mask_bbox_midline
/head/NFS/mkuyokwa/lungcxr/lung_cxr_segmentation/TB_Positive/2.25.139588353308070574099011705949215847048.png,/head/NFS/mkuyokwa/lungcxr/lung_cxr_segmentation/tb-inference-results/segments/tb_full/2.25.139588353308070574099011705949215847048.nrrd,1,1,0.99964356,bad,0.9999850988388062,True,True,/head/NFS/mkuyokwa/lungcxr/classification-pipeline/gradcam/overlays/2.25.139588353308070574099011705949215847048_gradcam.png,23934.8046875,19817.9296875,0.5470470595587775,1,257,mask_bbox_midline
/head/NFS/mkuyokwa/lungcxr/lung_cxr_segmentation/TB_Positive/2.25.9691377043654232900673229506717200124.png,/head/NFS/mkuyokwa/lungcxr/lung_cxr_segmentation/tb-inference-results/segments/tb_full/2.25.9691377043654232900673229506717200124.nrrd,1,1,0.99993193,bad,0.9839185476303101,True,True,/head/NFS/mkuyokwa/lungcxr/classification-pipeline/gradcam/overlays/2.25.9691377043654232900673229506717200124_gradcam.png,8599.703125,12211.2919921875,0.413228828154288,0,298,mask_bbox_midline
/head/NFS/mkuyokwa/lungcxr/lung_cxr_segmentation/TB_Positive/1.2.826.0.1.3680043.2.1125.1.17119766694477190171431562819964917.png,/head/NFS/mkuyokwa/lungcxr/lung_cxr_segmentation/tb-inference-results/segments/tb_full/1.2.826.0.1.3680043.2.1125.1.17119766694477190171431562819964917.nrrd,1,1,0.99989223,bad,0.99996018409729,True,True,/head/NFS/mkuyokwa/lungcxr/classification-pipeline/gradcam/overlays/1.2.826.0.1.3680043.2.1125.1.17119766694477190171431562819964917_gradcam.png,21521.5234375,9679.5419921875,0.6897688633742131,1,249,mask_bbox_midline
/head/NFS/mkuyokwa/lungcxr/lung_cxr_segmentation/TB_Positive/1.2.826.0.1.3680043.2.1125.1.81641673133103772918620474670320259.png,/head/NFS/mkuyokwa/lungcxr/lung_cxr_segmentation/tb-inference-results/segments/tb_full/1.2.826.0.1.3680043.2.1125.1.81641673133103772918620474670320259.nrrd,1,1,0.99691355,bad,0.9998531341552734,True,True,/head/NFS/mkuyokwa/lungcxr/classification-pipeline/gradcam/overlays/1.2.826.0.1.3680043.2.1125.1.81641673133103772918620474670320259_gradcam.png,21884.12109375,13679.609375,0.6153494249704673,1,250,mask_bbox_midline
/head/NFS/mkuyokwa/lungcxr/lung_cxr_segmentation/TB_Positive/1.2.826.0.1.3680043.2.1125.1.31920455259055864311713934040744696.png,/head/NFS/mkuyokwa/lungcxr/lung_cxr_segmentation/tb-inference-results/segments/tb_full/1.2.826.0.1.3680043.2.1125.1.31920455259055864311713934040744696.nrrd,1,1,0.9997198,bad,0.9995604157447815,True,True,/head/NFS/mkuyokwa/lungcxr/classification-pipeline/gradcam/overlays/1.2.826.0.1.3680043.2.1125.1.31920455259055864311713934040744696_gradcam.png,19263.83203125,15334.0234375,0.5567926615755063,1,254,mask_bbox_midline
/head/NFS/mkuyokwa/lungcxr/lung_cxr_segmentation/TB_Positive/2.25.47466739157031708772989701801850674770.png,/head/NFS/mkuyokwa/lungcxr/lung_cxr_segmentation/tb-inference-results/segments/tb_full/2.25.47466739157031708772989701801850674770.nrrd,1,1,0.99999166,bad,0.9999922513961792,True,True,/head/NFS/mkuyokwa/lungcxr/classification-pipeline/gradcam/overlays/2.25.47466739157031708772989701801850674770_gradcam.png,16888.0546875,13351.91796875,0.5584679218950807,1,262,mask_bbox_midline
/head/NFS/mkuyokwa/lungcxr/lung_cxr_segmentation/TB_Positive/1.2.826.0.1.3680043.2.1125.1.71952751906907132009804874269808723.png,/head/NFS/mkuyokwa/lungcxr/lung_cxr_segmentation/tb-inference-results/segments/tb_full/1.2.826.0.1.3680043.2.1125.1.71952751906907132009804874269808723.nrrd,1,1,0.9998252,bad,0.9996616840362549,True,True,/head/NFS/mkuyokwa/lungcxr/classification-pipeline/gradcam/overlays/1.2.826.0.1.3680043.2.1125.1.71952751906907132009804874269808723_gradcam.png,20410.9140625,10980.70703125,0.6502026130330608,1,250,mask_bbox_midline
/head/NFS/mkuyokwa/lungcxr/lung_cxr_segmentation/TB_Positive/1.2.826.0.1.3680043.2.1125.1.59871429530275049657684047974480878.png,/head/NFS/mkuyokwa/lungcxr/lung_cxr_segmentation/tb-inference-results/segments/tb_full/1.2.826.0.1.3680043.2.1125.1.59871429530275049657684047974480878.nrrd,1,1,0.9998198,bad,0.9990540146827698,True,True,/head/NFS/mkuyokwa/lungcxr/classification-pipeline/gradcam/overlays/1.2.826.0.1.3680043.2.1125.1.59871429530275049657684047974480878_gradcam.png,18078.650390625,10952.42578125,0.6227344203016285,1,250,mask_bbox_midline
/head/NFS/mkuyokwa/lungcxr/lung_cxr_segmentation/TB_Positive/2.25.135278993475119357158364800011604240317.png,/head/NFS/mkuyokwa/lungcxr/lung_cxr_segmentation/tb-inference-results/segments/tb_full/2.25.135278993475119357158364800011604240317.nrrd,1,1,0.996915,bad,0.9981420040130615,True,True,/head/NFS/mkuyokwa/lungcxr/classification-pipeline/gradcam/overlays/2.25.135278993475119357158364800011604240317_gradcam.png,14285.5244140625,12623.24609375,0.5308872960180377,1,255,mask_bbox_midline
/head/NFS/mkuyokwa/lungcxr/lung_cxr_segmentation/TB_Positive/2.25.72739563303806335816783409611183457873.png,/head/NFS/mkuyokwa/lungcxr/lung_cxr_segmentation/tb-inference-results/segments/tb_full/2.25.72739563303806335816783409611183457873.nrrd,1,1,0.9987675,bad,0.8254427313804626,True,True,/head/NFS/mkuyokwa/lungcxr/classification-pipeline/gradcam/overlays/2.25.72739563303806335816783409611183457873_gradcam.png,5514.12060546875,12307.2734375,0.3094101725248755,0,142,mask_bbox_midline
/head/NFS/mkuyokwa/lungcxr/lung_cxr_segmentation/TB_Positive/1.2.826.0.1.3680043.2.1125.1.91787219505093880220999500651500442.png,/head/NFS/mkuyokwa/lungcxr/lung_cxr_segmentation/tb-inference-results/segments/tb_full/1.2.826.0.1.3680043.2.1125.1.91787219505093880220999500651500442.nrrd,1,1,0.9995659,bad,0.9999783039093018,True,True,/head/NFS/mkuyokwa/lungcxr/classification-pipeline/gradcam/overlays/1.2.826.0.1.3680043.2.1125.1.91787219505093880220999500651500442_gradcam.png,24265.8203125,18472.171875,0.567781008664166,1,255,mask_bbox_midline
/head/NFS/mkuyokwa/lungcxr/lung_cxr_segmentation/TB_Positive/2.25.258607586762009489161658599407415320898.png,/head/NFS/mkuyokwa/lungcxr/lung_cxr_segmentation/tb-inference-results/segments/tb_full/2.25.258607586762009489161658599407415320898.nrrd,1,1,0.999979,bad,0.9999985694885254,True,True,/head/NFS/mkuyokwa/lungcxr/classification-pipeline/gradcam/overlays/2.25.258607586762009489161658599407415320898_gradcam.png,18665.78515625,13193.1318359375,0.5858888787973319,1,249,mask_bbox_midline
/head/NFS/mkuyokwa/lungcxr/lung_cxr_segmentation/TB_Positive/1.2.826.0.1.3680043.2.1125.1.28774716892035609957607994426321051.png,/head/NFS/mkuyokwa/lungcxr/lung_cxr_segmentation/tb-inference-results/segments/tb_full/1.2.826.0.1.3680043.2.1125.1.28774716892035609957607994426321051.nrrd,1,1,0.9989774,bad,0.9999086856842041,True,True,/head/NFS/mkuyokwa/lungcxr/classification-pipeline/gradcam/overlays/1.2.826.0.1.3680043.2.1125.1.28774716892035609957607994426321051_gradcam.png,19281.90234375,26178.953125,0.4241429719025958,0,253,mask_bbox_midline
/head/NFS/mkuyokwa/lungcxr/lung_cxr_segmentation/TB_Positive/2.25.80281086984210663574353276516054406408.png,/head/NFS/mkuyokwa/lungcxr/lung_cxr_segmentation/tb-inference-results/segments/tb_full/2.25.80281086984210663574353276516054406408.nrrd,1,1,0.99998283,bad,0.9996839761734009,True,True,/head/NFS/mkuyokwa/lungcxr/classification-pipeline/gradcam/overlays/2.25.80281086984210663574353276516054406408_gradcam.png,20125.634765625,7324.82568359375,0.7331620102641223,1,248,mask_bbox_midline
/head/NFS/mkuyokwa/lungcxr/lung_cxr_segmentation/TB_Positive/1.2.826.0.1.3680043.2.1125.1.73915453860762669853841662235770684.png,/head/NFS/mkuyokwa/lungcxr/lung_cxr_segmentation/tb-inference-results/segments/tb_full/1.2.826.0.1.3680043.2.1125.1.73915453860762669853841662235770684.nrrd,1,1,0.99999225,bad,0.9999967813491821,True,True,/head/NFS/mkuyokwa/lungcxr/classification-pipeline/gradcam/overlays/1.2.826.0.1.3680043.2.1125.1.73915453860762669853841662235770684_gradcam.png,16512.3125,13941.990234375,0.5421996571066422,1,249,mask_bbox_midline
/head/NFS/mkuyokwa/lungcxr/lung_cxr_segmentation/TB_Positive/1.2.826.0.1.3680043.2.1125.1.22846828693136059361342312890884777.png,/head/NFS/mkuyokwa/lungcxr/lung_cxr_segmentation/tb-inference-results/segments/tb_full/1.2.826.0.1.3680043.2.1125.1.22846828693136059361342312890884777.nrrd,1,1,0.9995407,bad,0.9749752283096313,True,True,/head/NFS/mkuyokwa/lungcxr/classification-pipeline/gradcam/overlays/1.2.826.0.1.3680043.2.1125.1.22846828693136059361342312890884777_gradcam.png,18790.51953125,10769.189453125,0.6356801259844101,1,224,mask_bbox_midline
/head/NFS/mkuyokwa/lungcxr/lung_cxr_segmentation/TB_Positive/1.2.826.0.1.3680043.2.1125.1.45807189229479205900498192068826510.png,/head/NFS/mkuyokwa/lungcxr/lung_cxr_segmentation/tb-inference-results/segments/tb_full/1.2.826.0.1.3680043.2.1125.1.45807189229479205900498192068826510.nrrd,1,1,0.99787796,bad,0.9993289709091187,True,True,/head/NFS/mkuyokwa/lungcxr/classification-pipeline/gradcam/overlays/1.2.826.0.1.3680043.2.1125.1.45807189229479205900498192068826510_gradcam.png,18705.296875,11779.03515625,0.6136036327062993,1,234,mask_bbox_midline
/head/NFS/mkuyokwa/lungcxr/lung_cxr_segmentation/TB_Positive/1.2.826.0.1.3680043.2.1125.1.72652361775700230395702040301264252.png,/head/NFS/mkuyokwa/lungcxr/lung_cxr_segmentation/tb-inference-results/segments/tb_full/1.2.826.0.1.3680043.2.1125.1.72652361775700230395702040301264252.nrrd,1,1,0.99980384,bad,0.9999922513961792,True,True,/head/NFS/mkuyokwa/lungcxr/classification-pipeline/gradcam/overlays/1.2.826.0.1.3680043.2.1125.1.72652361775700230395702040301264252_gradcam.png,20937.4453125,11605.7265625,0.6433744501894839,1,257,mask_bbox_midline
/head/NFS/mkuyokwa/lungcxr/lung_cxr_segmentation/TB_Positive/2.25.225117419499341604301410273096085821648.png,/head/NFS/mkuyokwa/lungcxr/lung_cxr_segmentation/tb-inference-results/segments/tb_full/2.25.225117419499341604301410273096085821648.nrrd,1,1,0.9994696,bad,0.9999980926513672,True,True,/head/NFS/mkuyokwa/lungcxr/classification-pipeline/gradcam/overlays/2.25.225117419499341604301410273096085821648_gradcam.png,19666.923828125,15511.1103515625,0.559068301760906,1,268,mask_bbox_midline
/head/NFS/mkuyokwa/lungcxr/lung_cxr_segmentation/TB_Positive/1.2.826.0.1.3680043.2.1125.1.48562609389374448075116639231483783.png,/head/NFS/mkuyokwa/lungcxr/lung_cxr_segmentation/tb-inference-results/segments/tb_full/1.2.826.0.1.3680043.2.1125.1.48562609389374448075116639231483783.nrrd,1,1,0.99897027,bad,0.9997618794441223,True,True,/head/NFS/mkuyokwa/lungcxr/classification-pipeline/gradcam/overlays/1.2.826.0.1.3680043.2.1125.1.48562609389374448075116639231483783_gradcam.png,15313.2626953125,15844.0146484375,0.4914826968468818,0,255,mask_bbox_midline
/head/NFS/mkuyokwa/lungcxr/lung_cxr_segmentation/TB_Positive/1.2.826.0.1.3680043.2.1125.1.46326529583341321374654238807176467.png,/head/NFS/mkuyokwa/lungcxr/lung_cxr_segmentation/tb-inference-results/segments/tb_full/1.2.826.0.1.3680043.2.1125.1.46326529583341321374654238807176467.nrrd,1,1,0.9951899,bad,0.999976396560669,True,True,/head/NFS/mkuyokwa/lungcxr/classification-pipeline/gradcam/overlays/1.2.826.0.1.3680043.2.1125.1.46326529583341321374654238807176467_gradcam.png,22098.74609375,19465.53515625,0.531676368005281,1,259,mask_bbox_midline
/head/NFS/mkuyokwa/lungcxr/lung_cxr_segmentation/TB_Positive/2.25.222121264917044625571525779687044524698.png,/head/NFS/mkuyokwa/lungcxr/lung_cxr_segmentation/tb-inference-results/segments/tb_full/2.25.222121264917044625571525779687044524698.nrrd,1,1,0.9999008,bad,0.9997846484184265,True,True,/head/NFS/mkuyokwa/lungcxr/classification-pipeline/gradcam/overlays/2.25.222121264917044625571525779687044524698_gradcam.png,27897.5625,21034.541015625,0.5701280038184288,1,254,mask_bbox_midline
/head/NFS/mkuyokwa/lungcxr/lung_cxr_segmentation/TB_Positive/2.25.304520615592390094564509121957366708954.png,/head/NFS/mkuyokwa/lungcxr/lung_cxr_segmentation/tb-inference-results/segments/tb_full/2.25.304520615592390094564509121957366708954.nrrd,1,1,0.999931,bad,0.9999569654464722,True,True,/head/NFS/mkuyokwa/lungcxr/classification-pipeline/gradcam/overlays/2.25.304520615592390094564509121957366708954_gradcam.png,17782.1484375,9385.3759765625,0.6545369451585208,1,239,mask_bbox_midline
/head/NFS/mkuyokwa/lungcxr/lung_cxr_segmentation/TB_Positive/2.25.227971754733532425199046837183403102.png,/head/NFS/mkuyokwa/lungcxr/lung_cxr_segmentation/tb-inference-results/segments/tb_full/2.25.227971754733532425199046837183403102.nrrd,1,1,0.9978301,bad,0.996877908706665,True,True,/head/NFS/mkuyokwa/lungcxr/classification-pipeline/gradcam/overlays/2.25.227971754733532425199046837183403102_gradcam.png,11368.28515625,12939.2421875,0.4676857911330515,0,258,mask_bbox_midline
/head/NFS/mkuyokwa/lungcxr/lung_cxr_segmentation/TB_Positive/1.2.826.0.1.3680043.2.1125.1.73802527632268310520066118461038792.png,/head/NFS/mkuyokwa/lungcxr/lung_cxr_segmentation/tb-inference-results/segments/tb_full/1.2.826.0.1.3680043.2.1125.1.73802527632268310520066118461038792.nrrd,1,1,0.99976915,bad,0.9998488426208496,True,True,/head/NFS/mkuyokwa/lungcxr/classification-pipeline/gradcam/overlays/1.2.826.0.1.3680043.2.1125.1.73802527632268310520066118461038792_gradcam.png,14638.302734375,14274.935546875,0.5062837511309766,1,272,mask_bbox_midline
/head/NFS/mkuyokwa/lungcxr/lung_cxr_segmentation/TB_Positive/1.2.826.0.1.3680043.2.1125.1.19545233640285655910504869972115595.png,/head/NFS/mkuyokwa/lungcxr/lung_cxr_segmentation/tb-inference-results/segments/tb_full/1.2.826.0.1.3680043.2.1125.1.19545233640285655910504869972115595.nrrd,1,1,0.9999734,bad,0.9235401749610901,True,True,/head/NFS/mkuyokwa/lungcxr/classification-pipeline/gradcam/overlays/1.2.826.0.1.3680043.2.1125.1.19545233640285655910504869972115595_gradcam.png,7893.8515625,1066.6142578125,0.8809644186807131,1,254,mask_bbox_midline
/head/NFS/mkuyokwa/lungcxr/lung_cxr_segmentation/TB_Positive/1.2.826.0.1.3680043.2.1125.1.30579045437136653344857358265336542.png,/head/NFS/mkuyokwa/lungcxr/lung_cxr_segmentation/tb-inference-results/segments/tb_full/1.2.826.0.1.3680043.2.1125.1.30579045437136653344857358265336542.nrrd,1,1,0.9998123,bad,0.9984241724014282,True,True,/head/NFS/mkuyokwa/lungcxr/classification-pipeline/gradcam/overlays/1.2.826.0.1.3680043.2.1125.1.30579045437136653344857358265336542_gradcam.png,13393.0126953125,16879.203125,0.4424193053726136,0,254,mask_bbox_midline
/head/NFS/mkuyokwa/lungcxr/lung_cxr_segmentation/TB_Positive/2.25.71584158896963160337640045688104724788.png,/head/NFS/mkuyokwa/lungcxr/lung_cxr_segmentation/tb-inference-results/segments/tb_full/2.25.71584158896963160337640045688104724788.nrrd,1,1,0.9998511,bad,0.9998679161071777,True,True,/head/NFS/mkuyokwa/lungcxr/classification-pipeline/gradcam/overlays/2.25.71584158896963160337640045688104724788_gradcam.png,5285.41015625,11321.9765625,0.31825658339627205,0,267,mask_bbox_midline
/head/NFS/mkuyokwa/lungcxr/lung_cxr_segmentation/TB_Positive/2.25.271167982993090142186708390370054605762.png,/head/NFS/mkuyokwa/lungcxr/lung_cxr_segmentation/tb-inference-results/segments/tb_full/2.25.271167982993090142186708390370054605762.nrrd,1,1,0.99630827,bad,0.9999450445175171,True,True,/head/NFS/mkuyokwa/lungcxr/classification-pipeline/gradcam/overlays/2.25.271167982993090142186708390370054605762_gradcam.png,18545.873046875,23263.2421875,0.44358444188330454,0,255,mask_bbox_midline
/head/NFS/mkuyokwa/lungcxr/lung_cxr_segmentation/TB_Positive/2.25.52620534514657708826463691838381632371.png,/head/NFS/mkuyokwa/lungcxr/lung_cxr_segmentation/tb-inference-results/segments/tb_full/2.25.52620534514657708826463691838381632371.nrrd,1,1,0.9999354,bad,0.999409556388855,True,True,/head/NFS/mkuyokwa/lungcxr/classification-pipeline/gradcam/overlays/2.25.52620534514657708826463691838381632371_gradcam.png,18316.9609375,7526.34814453125,0.7087699519964226,1,244,mask_bbox_midline
/head/NFS/mkuyokwa/lungcxr/lung_cxr_segmentation/TB_Positive/2.25.181308621087798860570552317991868500716.png,/head/NFS/mkuyokwa/lungcxr/lung_cxr_segmentation/tb-inference-results/segments/tb_full/2.25.181308621087798860570552317991868500716.nrrd,1,1,0.99980384,bad,0.9998156428337097,True,True,/head/NFS/mkuyokwa/lungcxr/classification-pipeline/gradcam/overlays/2.25.181308621087798860570552317991868500716_gradcam.png,18479.859375,12997.0712890625,0.5870921651232858,1,261,mask_bbox_midline
/head/NFS/mkuyokwa/lungcxr/lung_cxr_segmentation/TB_Positive/1.2.826.0.1.3680043.2.1125.1.57707623300232741276937530858111328.png,/head/NFS/mkuyokwa/lungcxr/lung_cxr_segmentation/tb-inference-results/segments/tb_full/1.2.826.0.1.3680043.2.1125.1.57707623300232741276937530858111328.nrrd,1,1,0.998877,bad,0.999982476234436,True,True,/head/NFS/mkuyokwa/lungcxr/classification-pipeline/gradcam/overlays/1.2.826.0.1.3680043.2.1125.1.57707623300232741276937530858111328_gradcam.png,18248.919921875,15226.5498046875,0.5451430576161457,1,258,mask_bbox_midline
/head/NFS/mkuyokwa/lungcxr/lung_cxr_segmentation/TB_Positive/1.2.826.0.1.3680043.2.1125.1.42186939475709783183605029928775127.png,/head/NFS/mkuyokwa/lungcxr/lung_cxr_segmentation/tb-inference-results/segments/tb_full/1.2.826.0.1.3680043.2.1125.1.42186939475709783183605029928775127.nrrd,1,1,0.99822825,bad,0.9993322491645813,True,True,/head/NFS/mkuyokwa/lungcxr/classification-pipeline/gradcam/overlays/1.2.826.0.1.3680043.2.1125.1.42186939475709783183605029928775127_gradcam.png,22052.541015625,3813.357666015625,0.8525720017328332,1,248,mask_bbox_midline
/head/NFS/mkuyokwa/lungcxr/lung_cxr_segmentation/TB_Positive/2.25.58791716880862800875105874712068220384.png,/head/NFS/mkuyokwa/lungcxr/lung_cxr_segmentation/tb-inference-results/segments/tb_full/2.25.58791716880862800875105874712068220384.nrrd,1,1,0.9999479,bad,0.9999879598617554,True,True,/head/NFS/mkuyokwa/lungcxr/classification-pipeline/gradcam/overlays/2.25.58791716880862800875105874712068220384_gradcam.png,20827.75390625,11734.5791015625,0.6396272005833523,1,249,mask_bbox_midline
/head/NFS/mkuyokwa/lungcxr/lung_cxr_segmentation/TB_Positive/2.25.280892534793209011605043412281481440745.png,/head/NFS/mkuyokwa/lungcxr/lung_cxr_segmentation/tb-inference-results/segments/tb_full/2.25.280892534793209011605043412281481440745.nrrd,1,1,0.9998876,bad,0.9999407529830933,True,True,/head/NFS/mkuyokwa/lungcxr/classification-pipeline/gradcam/overlays/2.25.280892534793209011605043412281481440745_gradcam.png,22280.2265625,15410.240234375,0.5911369228344846,1,252,mask_bbox_midline
/head/NFS/mkuyokwa/lungcxr/lung_cxr_segmentation/TB_Positive/2.25.154013154954193677621137142508450998772.png,/head/NFS/mkuyokwa/lungcxr/lung_cxr_segmentation/tb-inference-results/segments/tb_full/2.25.154013154954193677621137142508450998772.nrrd,1,1,0.9996125,bad,0.999916672706604,True,True,/head/NFS/mkuyokwa/lungcxr/classification-pipeline/gradcam/overlays/2.25.154013154954193677621137142508450998772_gradcam.png,18908.68359375,11339.3291015625,0.6251215173775783,1,262,mask_bbox_midline
/head/NFS/mkuyokwa/lungcxr/lung_cxr_segmentation/TB_Positive/2.25.224461585067922028011197617445955512690.png,/head/NFS/mkuyokwa/lungcxr/lung_cxr_segmentation/tb-inference-results/segments/tb_full/2.25.224461585067922028011197617445955512690.nrrd,1,1,0.99990845,bad,0.9999910593032837,True,True,/head/NFS/mkuyokwa/lungcxr/classification-pipeline/gradcam/overlays/2.25.224461585067922028011197617445955512690_gradcam.png,17626.91015625,15126.52734375,0.5381697770272205,1,253,mask_bbox_midline
/head/NFS/mkuyokwa/lungcxr/lung_cxr_segmentation/TB_Positive/2.25.29074593899911432013541572156678898341.png,/head/NFS/mkuyokwa/lungcxr/lung_cxr_segmentation/tb-inference-results/segments/tb_full/2.25.29074593899911432013541572156678898341.nrrd,1,1,0.999542,bad,0.99991774559021,True,True,/head/NFS/mkuyokwa/lungcxr/classification-pipeline/gradcam/overlays/2.25.29074593899911432013541572156678898341_gradcam.png,17619.87890625,13091.203125,0.573730319508799,1,263,mask_bbox_midline
/head/NFS/mkuyokwa/lungcxr/lung_cxr_segmentation/TB_Positive/2.25.178228671749398930248754082866410449306.png,/head/NFS/mkuyokwa/lungcxr/lung_cxr_segmentation/tb-inference-results/segments/tb_full/2.25.178228671749398930248754082866410449306.nrrd,1,1,0.9999716,bad,0.9999303817749023,True,True,/head/NFS/mkuyokwa/lungcxr/classification-pipeline/gradcam/overlays/2.25.178228671749398930248754082866410449306_gradcam.png,18973.12109375,10962.0830078125,0.6338063047567355,1,261,mask_bbox_midline
/head/NFS/mkuyokwa/lungcxr/lung_cxr_segmentation/TB_Positive/2.25.203109907444880856242524004671073794959.png,/head/NFS/mkuyokwa/lungcxr/lung_cxr_segmentation/tb-inference-results/segments/tb_full/2.25.203109907444880856242524004671073794959.nrrd,1,1,0.9999349,bad,0.9998421669006348,True,True,/head/NFS/mkuyokwa/lungcxr/classification-pipeline/gradcam/overlays/2.25.203109907444880856242524004671073794959_gradcam.png,14277.134765625,11870.201171875,0.5460263638235133,1,278,mask_bbox_midline
/head/NFS/mkuyokwa/lungcxr/lung_cxr_segmentation/TB_Positive/1.2.826.0.1.3680043.2.1125.1.32206991903542540563328548876191798.png,/head/NFS/mkuyokwa/lungcxr/lung_cxr_segmentation/tb-inference-results/segments/tb_full/1.2.826.0.1.3680043.2.1125.1.32206991903542540563328548876191798.nrrd,1,1,0.9999987,bad,0.9998065829277039,True,True,/head/NFS/mkuyokwa/lungcxr/classification-pipeline/gradcam/overlays/1.2.826.0.1.3680043.2.1125.1.32206991903542540563328548876191798_gradcam.png,24030.37890625,13306.7529296875,0.6436053795412435,1,259,mask_bbox_midline
/head/NFS/mkuyokwa/lungcxr/lung_cxr_segmentation/TB_Positive/2.25.46630314496110811411754999084934633541.png,/head/NFS/mkuyokwa/lungcxr/lung_cxr_segmentation/tb-inference-results/segments/tb_full/2.25.46630314496110811411754999084934633541.nrrd,1,1,0.99991477,bad,0.9793586134910583,True,True,/head/NFS/mkuyokwa/lungcxr/classification-pipeline/gradcam/overlays/2.25.46630314496110811411754999084934633541_gradcam.png,9994.4384765625,6057.30615234375,0.6226387665403266,1,233,mask_bbox_midline
/head/NFS/mkuyokwa/lungcxr/lung_cxr_segmentation/TB_Positive/2.25.271272777960946604142486933247621347652.png,/head/NFS/mkuyokwa/lungcxr/lung_cxr_segmentation/tb-inference-results/segments/tb_full/2.25.271272777960946604142486933247621347652.nrrd,1,1,0.99959177,bad,0.9999358654022217,True,True,/head/NFS/mkuyokwa/lungcxr/classification-pipeline/gradcam/overlays/2.25.271272777960946604142486933247621347652_gradcam.png,21150.326171875,20575.7421875,0.5068851920030695,1,258,mask_bbox_midline
/head/NFS/mkuyokwa/lungcxr/lung_cxr_segmentation/TB_Positive/1.2.826.0.1.3680043.2.1125.1.87702939223564962155303596090982785.png,/head/NFS/mkuyokwa/lungcxr/lung_cxr_segmentation/tb-inference-results/segments/tb_full/1.2.826.0.1.3680043.2.1125.1.87702939223564962155303596090982785.nrrd,1,1,0.9942748,bad,0.9999686479568481,True,True,/head/NFS/mkuyokwa/lungcxr/classification-pipeline/gradcam/overlays/1.2.826.0.1.3680043.2.1125.1.87702939223564962155303596090982785_gradcam.png,21362.763671875,14229.654296875,0.6002054620349598,1,252,mask_bbox_midline
/head/NFS/mkuyokwa/lungcxr/lung_cxr_segmentation/TB_Positive/2.25.333671903953136242118735690873827298903.png,/head/NFS/mkuyokwa/lungcxr/lung_cxr_segmentation/tb-inference-results/segments/tb_full/2.25.333671903953136242118735690873827298903.nrrd,1,1,0.99999094,bad,0.9999977350234985,True,True,/head/NFS/mkuyokwa/lungcxr/classification-pipeline/gradcam/overlays/2.25.333671903953136242118735690873827298903_gradcam.png,25032.962890625,19029.1015625,0.5681295963164884,1,242,mask_bbox_midline
/head/NFS/mkuyokwa/lungcxr/lung_cxr_segmentation/TB_Positive/2.25.240720914012475587074105742338391913982.png,/head/NFS/mkuyokwa/lungcxr/lung_cxr_segmentation/tb-inference-results/segments/tb_full/2.25.240720914012475587074105742338391913982.nrrd,1,1,0.9993117,bad,0.9998101592063904,True,True,/head/NFS/mkuyokwa/lungcxr/classification-pipeline/gradcam/overlays/2.25.240720914012475587074105742338391913982_gradcam.png,24596.16796875,7505.53564453125,0.766195098710399,1,255,mask_bbox_midline
/head/NFS/mkuyokwa/lungcxr/lung_cxr_segmentation/TB_Positive/2.25.233039990007520494860827985046906987139.png,/head/NFS/mkuyokwa/lungcxr/lung_cxr_segmentation/tb-inference-results/segments/tb_full/2.25.233039990007520494860827985046906987139.nrrd,1,1,0.9868016,bad,0.9973520040512085,True,True,/head/NFS/mkuyokwa/lungcxr/classification-pipeline/gradcam/overlays/2.25.233039990007520494860827985046906987139_gradcam.png,21301.078125,10724.818359375,0.6651204326284046,1,255,mask_bbox_midline
/head/NFS/mkuyokwa/lungcxr/lung_cxr_segmentation/TB_Positive/1.2.826.0.1.3680043.2.1125.1.54136851185329475523910922331722167.png,/head/NFS/mkuyokwa/lungcxr/lung_cxr_segmentation/tb-inference-results/segments/tb_full/1.2.826.0.1.3680043.2.1125.1.54136851185329475523910922331722167.nrrd,1,1,0.99799275,bad,0.8584139943122864,True,True,/head/NFS/mkuyokwa/lungcxr/classification-pipeline/gradcam/overlays/1.2.826.0.1.3680043.2.1125.1.54136851185329475523910922331722167_gradcam.png,11374.529296875,7179.08642578125,0.6130626755940245,1,255,mask_bbox_midline
/head/NFS/mkuyokwa/lungcxr/lung_cxr_segmentation/TB_Positive/2.25.260471811819123172962106358883915540691.png,/head/NFS/mkuyokwa/lungcxr/lung_cxr_segmentation/tb-inference-results/segments/tb_full/2.25.260471811819123172962106358883915540691.nrrd,1,1,0.9999509,bad,0.99989914894104,True,True,/head/NFS/mkuyokwa/lungcxr/classification-pipeline/gradcam/overlays/2.25.260471811819123172962106358883915540691_gradcam.png,10972.7509765625,13336.998046875,0.4513724500398362,0,282,mask_bbox_midline
/head/NFS/mkuyokwa/lungcxr/lung_cxr_segmentation/TB_Positive/1.2.826.0.1.3680043.2.1125.1.97288350363132537547437912631236264.png,/head/NFS/mkuyokwa/lungcxr/lung_cxr_segmentation/tb-inference-results/segments/tb_full/1.2.826.0.1.3680043.2.1125.1.97288350363132537547437912631236264.nrrd,1,1,0.99994695,bad,0.9998171925544739,True,True,/head/NFS/mkuyokwa/lungcxr/classification-pipeline/gradcam/overlays/1.2.826.0.1.3680043.2.1125.1.97288350363132537547437912631236264_gradcam.png,23395.009765625,23134.37109375,0.5028007966908342,1,258,mask_bbox_midline
/head/NFS/mkuyokwa/lungcxr/lung_cxr_segmentation/TB_Positive/2.25.135395299017512430859273372815740846486.png,/head/NFS/mkuyokwa/lungcxr/lung_cxr_segmentation/tb-inference-results/segments/tb_full/2.25.135395299017512430859273372815740846486.nrrd,1,1,0.9997236,bad,0.999530553817749,True,True,/head/NFS/mkuyokwa/lungcxr/classification-pipeline/gradcam/overlays/2.25.135395299017512430859273372815740846486_gradcam.png,9153.6630859375,13893.484375,0.39717119445918414,0,261,mask_bbox_midline
/head/NFS/mkuyokwa/lungcxr/lung_cxr_segmentation/TB_Positive/1.2.826.0.1.3680043.2.1125.1.5184721493354846622641199430672152.png,/head/NFS/mkuyokwa/lungcxr/lung_cxr_segmentation/tb-inference-results/segments/tb_full/1.2.826.0.1.3680043.2.1125.1.5184721493354846622641199430672152.nrrd,1,1,0.9994955,bad,0.9992947578430176,True,True,/head/NFS/mkuyokwa/lungcxr/classification-pipeline/gradcam/overlays/1.2.826.0.1.3680043.2.1125.1.5184721493354846622641199430672152_gradcam.png,16683.658203125,12847.4296875,0.5649523737464961,1,266,mask_bbox_midline
/head/NFS/mkuyokwa/lungcxr/lung_cxr_segmentation/TB_Positive/1.2.826.0.1.3680043.2.1125.1.11766804567493263579052217773432911.png,/head/NFS/mkuyokwa/lungcxr/lung_cxr_segmentation/tb-inference-results/segments/tb_full/1.2.826.0.1.3680043.2.1125.1.11766804567493263579052217773432911.nrrd,1,1,0.9993616,bad,0.9995075464248657,True,True,/head/NFS/mkuyokwa/lungcxr/classification-pipeline/gradcam/overlays/1.2.826.0.1.3680043.2.1125.1.11766804567493263579052217773432911_gradcam.png,16200.16796875,4862.072265625,0.7691569267313849,1,221,mask_bbox_midline
/head/NFS/mkuyokwa/lungcxr/lung_cxr_segmentation/TB_Positive/2.25.201253760494010897306762963794235510254.png,/head/NFS/mkuyokwa/lungcxr/lung_cxr_segmentation/tb-inference-results/segments/tb_full/2.25.201253760494010897306762963794235510254.nrrd,1,1,0.9999951,bad,0.9998807907104492,True,True,/head/NFS/mkuyokwa/lungcxr/classification-pipeline/gradcam/overlays/2.25.201253760494010897306762963794235510254_gradcam.png,21033.6328125,14306.1015625,0.5951836702932207,1,262,mask_bbox_midline
/head/NFS/mkuyokwa/lungcxr/lung_cxr_segmentation/TB_Positive/2.25.175247058321593974221032839872630854850.png,/head/NFS/mkuyokwa/lungcxr/lung_cxr_segmentation/tb-inference-results/segments/tb_full/2.25.175247058321593974221032839872630854850.nrrd,1,1,0.9999765,bad,0.9987403750419617,True,True,/head/NFS/mkuyokwa/lungcxr/classification-pipeline/gradcam/overlays/2.25.175247058321593974221032839872630854850_gradcam.png,10926.828125,7772.56689453125,0.584341264173899,1,284,mask_bbox_midline
/head/NFS/mkuyokwa/lungcxr/lung_cxr_segmentation/TB_Positive/1.2.826.0.1.3680043.2.1125.1.67275021972684824010378318987937805.png,/head/NFS/mkuyokwa/lungcxr/lung_cxr_segmentation/tb-inference-results/segments/tb_full/1.2.826.0.1.3680043.2.1125.1.67275021972684824010378318987937805.nrrd,1,1,0.9999287,bad,0.9487771987915039,True,True,/head/NFS/mkuyokwa/lungcxr/classification-pipeline/gradcam/overlays/1.2.826.0.1.3680043.2.1125.1.67275021972684824010378318987937805_gradcam.png,12358.748046875,10705.9267578125,0.53583014508244,1,255,mask_bbox_midline
/head/NFS/mkuyokwa/lungcxr/lung_cxr_segmentation/TB_Positive/2.25.289538673091065365188864933777053778083.png,/head/NFS/mkuyokwa/lungcxr/lung_cxr_segmentation/tb-inference-results/segments/tb_full/2.25.289538673091065365188864933777053778083.nrrd,1,1,0.99947983,bad,0.9939075112342834,True,True,/head/NFS/mkuyokwa/lungcxr/classification-pipeline/gradcam/overlays/2.25.289538673091065365188864933777053778083_gradcam.png,5877.8779296875,6276.4052734375,0.48360547730007086,0,221,mask_bbox_midline
/head/NFS/mkuyokwa/lungcxr/lung_cxr_segmentation/TB_Positive/2.25.213218150202067038379621823100595791238.png,/head/NFS/mkuyokwa/lungcxr/lung_cxr_segmentation/tb-inference-results/segments/tb_full/2.25.213218150202067038379621823100595791238.nrrd,1,1,0.99985063,bad,0.9999972581863403,True,True,/head/NFS/mkuyokwa/lungcxr/classification-pipeline/gradcam/overlays/2.25.213218150202067038379621823100595791238_gradcam.png,25438.83203125,15165.970703125,0.6264981065827006,1,241,mask_bbox_midline
/head/NFS/mkuyokwa/lungcxr/lung_cxr_segmentation/TB_Positive/1.2.840.114062.2.192.168.196.13.2019.2.21.14.3.23.20878109.png,/head/NFS/mkuyokwa/lungcxr/lung_cxr_segmentation/tb-inference-results/segments/tb_full/1.2.840.114062.2.192.168.196.13.2019.2.21.14.3.23.20878109.nrrd,1,1,0.99991524,bad,0.9999377727508545,True,True,/head/NFS/mkuyokwa/lungcxr/classification-pipeline/gradcam/overlays/1.2.840.114062.2.192.168.196.13.2019.2.21.14.3.23.20878109_gradcam.png,20564.51953125,7897.380859375,0.7225279847449575,1,277,mask_bbox_midline
/head/NFS/mkuyokwa/lungcxr/lung_cxr_segmentation/TB_Positive/2.25.325159346934991003705282405645470848986.png,/head/NFS/mkuyokwa/lungcxr/lung_cxr_segmentation/tb-inference-results/segments/tb_full/2.25.325159346934991003705282405645470848986.nrrd,1,1,0.999946,bad,0.9975589513778687,True,True,/head/NFS/mkuyokwa/lungcxr/classification-pipeline/gradcam/overlays/2.25.325159346934991003705282405645470848986_gradcam.png,14602.6171875,7383.55419921875,0.6641728080188188,1,275,mask_bbox_midline
/head/NFS/mkuyokwa/lungcxr/lung_cxr_segmentation/TB_Positive/2.25.68289333420749185035219315680709320529.png,/head/NFS/mkuyokwa/lungcxr/lung_cxr_segmentation/tb-inference-results/segments/tb_full/2.25.68289333420749185035219315680709320529.nrrd,1,1,0.99997187,bad,0.9994377493858337,True,True,/head/NFS/mkuyokwa/lungcxr/classification-pipeline/gradcam/overlays/2.25.68289333420749185035219315680709320529_gradcam.png,18121.36328125,17926.26171875,0.5027061638942926,1,242,mask_bbox_midline
/head/NFS/mkuyokwa/lungcxr/lung_cxr_segmentation/TB_Positive/1.2.826.0.1.3680043.2.1125.1.18540495923734472217951058236351091.png,/head/NFS/mkuyokwa/lungcxr/lung_cxr_segmentation/tb-inference-results/segments/tb_full/1.2.826.0.1.3680043.2.1125.1.18540495923734472217951058236351091.nrrd,1,1,0.997804,bad,0.9999969005584717,True,True,/head/NFS/mkuyokwa/lungcxr/classification-pipeline/gradcam/overlays/1.2.826.0.1.3680043.2.1125.1.18540495923734472217951058236351091_gradcam.png,16449.43359375,12880.1337890625,0.5608481495499172,1,251,mask_bbox_midline
/head/NFS/mkuyokwa/lungcxr/lung_cxr_segmentation/TB_Positive/1.2.826.0.1.3680043.2.1125.1.23914276703888125510371754160202157.png,/head/NFS/mkuyokwa/lungcxr/lung_cxr_segmentation/tb-inference-results/segments/tb_full/1.2.826.0.1.3680043.2.1125.1.23914276703888125510371754160202157.nrrd,1,1,0.99995875,bad,0.9579693675041199,True,True,/head/NFS/mkuyokwa/lungcxr/classification-pipeline/gradcam/overlays/1.2.826.0.1.3680043.2.1125.1.23914276703888125510371754160202157_gradcam.png,14887.962890625,4731.173828125,0.7588490311297225,1,240,mask_bbox_midline
/head/NFS/mkuyokwa/lungcxr/lung_cxr_segmentation/TB_Positive/1.2.826.0.1.3680043.2.1125.1.27133024778996134079371902410268727.png,/head/NFS/mkuyokwa/lungcxr/lung_cxr_segmentation/tb-inference-results/segments/tb_full/1.2.826.0.1.3680043.2.1125.1.27133024778996134079371902410268727.nrrd,1,1,0.9999982,bad,0.999171257019043,True,True,/head/NFS/mkuyokwa/lungcxr/classification-pipeline/gradcam/overlays/1.2.826.0.1.3680043.2.1125.1.27133024778996134079371902410268727_gradcam.png,18781.990234375,14614.763671875,0.5623896947319801,1,258,mask_bbox_midline
/head/NFS/mkuyokwa/lungcxr/lung_cxr_segmentation/TB_Positive/1.2.826.0.1.3680043.2.1125.1.40456948353864695145594938108960534.png,/head/NFS/mkuyokwa/lungcxr/lung_cxr_segmentation/tb-inference-results/segments/tb_full/1.2.826.0.1.3680043.2.1125.1.40456948353864695145594938108960534.nrrd,1,1,0.99972135,bad,0.9999663829803467,True,True,/head/NFS/mkuyokwa/lungcxr/classification-pipeline/gradcam/overlays/1.2.826.0.1.3680043.2.1125.1.40456948353864695145594938108960534_gradcam.png,18059.849609375,13622.05078125,0.5700368155541293,1,259,mask_bbox_midline
/head/NFS/mkuyokwa/lungcxr/lung_cxr_segmentation/TB_Positive/1.2.840.114062.2.192.168.196.14.2022.1.25.10.2.5.4032375.png,/head/NFS/mkuyokwa/lungcxr/lung_cxr_segmentation/tb-inference-results/segments/tb_full/1.2.840.114062.2.192.168.196.14.2022.1.25.10.2.5.4032375.nrrd,1,1,0.99979955,bad,0.9996625185012817,True,True,/head/NFS/mkuyokwa/lungcxr/classification-pipeline/gradcam/overlays/1.2.840.114062.2.192.168.196.14.2022.1.25.10.2.5.4032375_gradcam.png,15927.6484375,5603.85888671875,0.7397368051229976,1,250,mask_bbox_midline
/head/NFS/mkuyokwa/lungcxr/lung_cxr_segmentation/TB_Positive/2.25.231272071350320053732498930226648778937.png,/head/NFS/mkuyokwa/lungcxr/lung_cxr_segmentation/tb-inference-results/segments/tb_full/2.25.231272071350320053732498930226648778937.nrrd,1,1,0.9991103,bad,0.9999947547912598,True,True,/head/NFS/mkuyokwa/lungcxr/classification-pipeline/gradcam/overlays/2.25.231272071350320053732498930226648778937_gradcam.png,25066.06640625,15460.798828125,0.6185049413836452,1,258,mask_bbox_midline
/head/NFS/mkuyokwa/lungcxr/lung_cxr_segmentation/TB_Positive/1.2.826.0.1.3680043.2.1125.1.8173637194826256609270883954921088.png,/head/NFS/mkuyokwa/lungcxr/lung_cxr_segmentation/tb-inference-results/segments/tb_full/1.2.826.0.1.3680043.2.1125.1.8173637194826256609270883954921088.nrrd,1,1,0.99988425,bad,0.9999417066574097,True,True,/head/NFS/mkuyokwa/lungcxr/classification-pipeline/gradcam/overlays/1.2.826.0.1.3680043.2.1125.1.8173637194826256609270883954921088_gradcam.png,20658.123046875,18356.6015625,0.529495549531855,1,259,mask_bbox_midline
/head/NFS/mkuyokwa/lungcxr/lung_cxr_segmentation/TB_Positive/2.25.112784944618606530746728907309167923158.png,/head/NFS/mkuyokwa/lungcxr/lung_cxr_segmentation/tb-inference-results/segments/tb_full/2.25.112784944618606530746728907309167923158.nrrd,1,1,0.9999609,bad,0.9983866214752197,True,True,/head/NFS/mkuyokwa/lungcxr/classification-pipeline/gradcam/overlays/2.25.112784944618606530746728907309167923158_gradcam.png,17879.75,19461.9375,0.47881472951644194,0,238,mask_bbox_midline
/head/NFS/mkuyokwa/lungcxr/lung_cxr_segmentation/TB_Positive/1.2.826.0.1.3680043.2.1125.1.24695755152642207074147677142218538.png,/head/NFS/mkuyokwa/lungcxr/lung_cxr_segmentation/tb-inference-results/segments/tb_full/1.2.826.0.1.3680043.2.1125.1.24695755152642207074147677142218538.nrrd,1,1,0.99591726,bad,0.9999192953109741,True,True,/head/NFS/mkuyokwa/lungcxr/classification-pipeline/gradcam/overlays/1.2.826.0.1.3680043.2.1125.1.24695755152642207074147677142218538_gradcam.png,15123.4140625,12713.359375,0.5432890452068939,1,268,mask_bbox_midline
/head/NFS/mkuyokwa/lungcxr/lung_cxr_segmentation/TB_Positive/1.2.826.0.1.3680043.2.1125.1.55091277832628888791472976590930285.png,/head/NFS/mkuyokwa/lungcxr/lung_cxr_segmentation/tb-inference-results/segments/tb_full/1.2.826.0.1.3680043.2.1125.1.55091277832628888791472976590930285.nrrd,1,1,0.9995716,bad,0.992442786693573,True,True,/head/NFS/mkuyokwa/lungcxr/classification-pipeline/gradcam/overlays/1.2.826.0.1.3680043.2.1125.1.55091277832628888791472976590930285_gradcam.png,6321.5390625,16024.6884765625,0.28289066024453496,0,255,mask_bbox_midline
/head/NFS/mkuyokwa/lungcxr/lung_cxr_segmentation/TB_Positive/2.25.290653645820836529137242321103579982577.png,/head/NFS/mkuyokwa/lungcxr/lung_cxr_segmentation/tb-inference-results/segments/tb_full/2.25.290653645820836529137242321103579982577.nrrd,1,1,0.9992291,bad,0.999647855758667,True,True,/head/NFS/mkuyokwa/lungcxr/classification-pipeline/gradcam/overlays/2.25.290653645820836529137242321103579982577_gradcam.png,8724.0703125,9578.751953125,0.47665164343997923,0,298,mask_bbox_midline
/head/NFS/mkuyokwa/lungcxr/lung_cxr_segmentation/TB_Positive/2.25.156905873837775575737217538986226835217.png,/head/NFS/mkuyokwa/lungcxr/lung_cxr_segmentation/tb-inference-results/segments/tb_full/2.25.156905873837775575737217538986226835217.nrrd,1,1,0.999371,bad,0.9999381303787231,True,True,/head/NFS/mkuyokwa/lungcxr/classification-pipeline/gradcam/overlays/2.25.156905873837775575737217538986226835217_gradcam.png,17195.90234375,17339.607421875,0.497919459143643,0,261,mask_bbox_midline
/head/NFS/mkuyokwa/lungcxr/lung_cxr_segmentation/TB_Positive/1.2.826.0.1.3680043.2.1125.1.24273206614557363946031990980542333.png,/head/NFS/mkuyokwa/lungcxr/lung_cxr_segmentation/tb-inference-results/segments/tb_full/1.2.826.0.1.3680043.2.1125.1.24273206614557363946031990980542333.nrrd,1,1,0.9993893,bad,0.9999784231185913,True,True,/head/NFS/mkuyokwa/lungcxr/classification-pipeline/gradcam/overlays/1.2.826.0.1.3680043.2.1125.1.24273206614557363946031990980542333_gradcam.png,20595.986328125,13233.40625,0.6088192769220138,1,255,mask_bbox_midline
/head/NFS/mkuyokwa/lungcxr/lung_cxr_segmentation/TB_Positive/2.25.275210341961781056461393453875562866745.png,/head/NFS/mkuyokwa/lungcxr/lung_cxr_segmentation/tb-inference-results/segments/tb_full/2.25.275210341961781056461393453875562866745.nrrd,1,1,0.9997142,bad,0.9999840259552002,True,True,/head/NFS/mkuyokwa/lungcxr/classification-pipeline/gradcam/overlays/2.25.275210341961781056461393453875562866745_gradcam.png,20398.85546875,11819.7939453125,0.6331381308567979,1,252,mask_bbox_midline
/head/NFS/mkuyokwa/lungcxr/lung_cxr_segmentation/TB_Positive/1.3.6.1.4.1.25403.158515237678667.5060.20130807022559.15.png,/head/NFS/mkuyokwa/lungcxr/lung_cxr_segmentation/tb-inference-results/segments/tb_full/1.3.6.1.4.1.25403.158515237678667.5060.20130807022559.15.nrrd,1,1,0.99989176,bad,0.9994137287139893,True,True,/head/NFS/mkuyokwa/lungcxr/classification-pipeline/gradcam/overlays/1.3.6.1.4.1.25403.158515237678667.5060.20130807022559.15_gradcam.png,14268.701171875,9185.37890625,0.6083675473242304,1,244,mask_bbox_midline
/head/NFS/mkuyokwa/lungcxr/lung_cxr_segmentation/TB_Positive/1.2.826.0.1.3680043.2.1125.1.74759371172292638768960158352701967.png,/head/NFS/mkuyokwa/lungcxr/lung_cxr_segmentation/tb-inference-results/segments/tb_full/1.2.826.0.1.3680043.2.1125.1.74759371172292638768960158352701967.nrrd,1,1,0.99882644,bad,0.9999487400054932,True,True,/head/NFS/mkuyokwa/lungcxr/classification-pipeline/gradcam/overlays/1.2.826.0.1.3680043.2.1125.1.74759371172292638768960158352701967_gradcam.png,14211.69921875,12611.29296875,0.5298327315389112,1,257,mask_bbox_midline
/head/NFS/mkuyokwa/lungcxr/lung_cxr_segmentation/TB_Positive/2.25.151916096672035514462830298386773412827.png,/head/NFS/mkuyokwa/lungcxr/lung_cxr_segmentation/tb-inference-results/segments/tb_full/2.25.151916096672035514462830298386773412827.nrrd,1,1,0.9998698,bad,0.979704737663269,True,True,/head/NFS/mkuyokwa/lungcxr/classification-pipeline/gradcam/overlays/2.25.151916096672035514462830298386773412827_gradcam.png,9517.955078125,3926.63525390625,0.7079393899752242,1,253,mask_bbox_midline
/head/NFS/mkuyokwa/lungcxr/lung_cxr_segmentation/TB_Positive/1.3.6.1.4.1.25403.158515237678667.5060.20130807022317.15.png,/head/NFS/mkuyokwa/lungcxr/lung_cxr_segmentation/tb-inference-results/segments/tb_full/1.3.6.1.4.1.25403.158515237678667.5060.20130807022317.15.nrrd,1,1,0.99536633,bad,0.9997929930686951,True,True,/head/NFS/mkuyokwa/lungcxr/classification-pipeline/gradcam/overlays/1.3.6.1.4.1.25403.158515237678667.5060.20130807022317.15_gradcam.png,20661.3203125,7897.47509765625,0.7234660991742073,1,256,mask_bbox_midline
/head/NFS/mkuyokwa/lungcxr/lung_cxr_segmentation/TB_Positive/1.2.826.0.1.3680043.2.1125.1.84887107967221027918443806525122398.png,/head/NFS/mkuyokwa/lungcxr/lung_cxr_segmentation/tb-inference-results/segments/tb_full/1.2.826.0.1.3680043.2.1125.1.84887107967221027918443806525122398.nrrd,1,1,0.99780923,bad,0.9996600151062012,True,True,/head/NFS/mkuyokwa/lungcxr/classification-pipeline/gradcam/overlays/1.2.826.0.1.3680043.2.1125.1.84887107967221027918443806525122398_gradcam.png,19392.7578125,19732.4609375,0.4956587702784409,0,254,mask_bbox_midline
/head/NFS/mkuyokwa/lungcxr/lung_cxr_segmentation/TB_Positive/1.2.826.0.1.3680043.2.1125.1.37382612434695316007853268234273905.png,/head/NFS/mkuyokwa/lungcxr/lung_cxr_segmentation/tb-inference-results/segments/tb_full/1.2.826.0.1.3680043.2.1125.1.37382612434695316007853268234273905.nrrd,1,1,0.9949292,bad,0.9999942779541016,True,True,/head/NFS/mkuyokwa/lungcxr/classification-pipeline/gradcam/overlays/1.2.826.0.1.3680043.2.1125.1.37382612434695316007853268234273905_gradcam.png,16218.138671875,21300.01171875,0.43227447256908413,0,267,mask_bbox_midline
/head/NFS/mkuyokwa/lungcxr/lung_cxr_segmentation/TB_Positive/2.25.245387495656056590875454834867535822194.png,/head/NFS/mkuyokwa/lungcxr/lung_cxr_segmentation/tb-inference-results/segments/tb_full/2.25.245387495656056590875454834867535822194.nrrd,1,1,0.9999789,bad,0.9997356534004211,True,True,/head/NFS/mkuyokwa/lungcxr/classification-pipeline/gradcam/overlays/2.25.245387495656056590875454834867535822194_gradcam.png,26529.84765625,14637.18359375,0.6444440332638754,1,253,mask_bbox_midline
/head/NFS/mkuyokwa/lungcxr/lung_cxr_segmentation/TB_Positive/2.25.306310319606444326843908403808588573295.png,/head/NFS/mkuyokwa/lungcxr/lung_cxr_segmentation/tb-inference-results/segments/tb_full/2.25.306310319606444326843908403808588573295.nrrd,1,1,0.99837387,bad,0.9998730421066284,True,True,/head/NFS/mkuyokwa/lungcxr/classification-pipeline/gradcam/overlays/2.25.306310319606444326843908403808588573295_gradcam.png,19921.98828125,13790.7900390625,0.5909328531741531,1,246,mask_bbox_midline
/head/NFS/mkuyokwa/lungcxr/lung_cxr_segmentation/TB_Positive/1.2.826.0.1.3680043.2.1125.1.69185470417427903589847615785802700.png,/head/NFS/mkuyokwa/lungcxr/lung_cxr_segmentation/tb-inference-results/segments/tb_full/1.2.826.0.1.3680043.2.1125.1.69185470417427903589847615785802700.nrrd,1,1,0.999946,bad,0.9984408020973206,True,True,/head/NFS/mkuyokwa/lungcxr/classification-pipeline/gradcam/overlays/1.2.826.0.1.3680043.2.1125.1.69185470417427903589847615785802700_gradcam.png,17352.34765625,13186.720703125,0.5682016049753892,1,261,mask_bbox_midline
/head/NFS/mkuyokwa/lungcxr/lung_cxr_segmentation/TB_Positive/1.3.6.1.4.1.25403.158515237678667.5060.20130807021719.3.png,/head/NFS/mkuyokwa/lungcxr/lung_cxr_segmentation/tb-inference-results/segments/tb_full/1.3.6.1.4.1.25403.158515237678667.5060.20130807021719.3.nrrd,1,1,0.9999602,bad,0.997945249080658,True,True,/head/NFS/mkuyokwa/lungcxr/classification-pipeline/gradcam/overlays/1.3.6.1.4.1.25403.158515237678667.5060.20130807021719.3_gradcam.png,11477.0029296875,4917.20361328125,0.7000645563179042,1,293,mask_bbox_midline
/head/NFS/mkuyokwa/lungcxr/lung_cxr_segmentation/TB_Positive/1.2.826.0.1.3680043.2.1125.1.45434466793839184002589454030485271.png,/head/NFS/mkuyokwa/lungcxr/lung_cxr_segmentation/tb-inference-results/segments/tb_full/1.2.826.0.1.3680043.2.1125.1.45434466793839184002589454030485271.nrrd,1,0,0.38254306,bad,0.9999130964279175,False,True,/head/NFS/mkuyokwa/lungcxr/classification-pipeline/gradcam/overlays/1.2.826.0.1.3680043.2.1125.1.45434466793839184002589454030485271_gradcam.png,22396.03125,13927.685546875,0.616567720072269,1,260,mask_bbox_midline
/head/NFS/mkuyokwa/lungcxr/lung_cxr_segmentation/TB_Positive/1.2.826.0.1.3680043.2.1125.1.40028575585976414715752592372221333.png,/head/NFS/mkuyokwa/lungcxr/lung_cxr_segmentation/tb-inference-results/segments/tb_full/1.2.826.0.1.3680043.2.1125.1.40028575585976414715752592372221333.nrrd,1,1,0.9997892,bad,0.9929954409599304,True,True,/head/NFS/mkuyokwa/lungcxr/classification-pipeline/gradcam/overlays/1.2.826.0.1.3680043.2.1125.1.40028575585976414715752592372221333_gradcam.png,11872.310546875,12009.525390625,0.49712721324882436,0,260,mask_bbox_midline
/head/NFS/mkuyokwa/lungcxr/lung_cxr_segmentation/TB_Positive/2.25.45187154437105586107628990517275445570.png,/head/NFS/mkuyokwa/lungcxr/lung_cxr_segmentation/tb-inference-results/segments/tb_full/2.25.45187154437105586107628990517275445570.nrrd,1,1,0.9991215,bad,0.9999908208847046,True,True,/head/NFS/mkuyokwa/lungcxr/classification-pipeline/gradcam/overlays/2.25.45187154437105586107628990517275445570_gradcam.png,22655.18359375,16759.36328125,0.5747924406082621,1,247,mask_bbox_midline
/head/NFS/mkuyokwa/lungcxr/lung_cxr_segmentation/TB_Positive/1.2.826.0.1.3680043.2.1125.1.40400623462283499832978199811581842.png,/head/NFS/mkuyokwa/lungcxr/lung_cxr_segmentation/tb-inference-results/segments/tb_full/1.2.826.0.1.3680043.2.1125.1.40400623462283499832978199811581842.nrrd,1,1,0.99386686,bad,0.9949532151222229,True,True,/head/NFS/mkuyokwa/lungcxr/classification-pipeline/gradcam/overlays/1.2.826.0.1.3680043.2.1125.1.40400623462283499832978199811581842_gradcam.png,15407.470703125,14248.763671875,0.5195356399028661,1,255,mask_bbox_midline
/head/NFS/mkuyokwa/lungcxr/lung_cxr_segmentation/TB_Positive/1.2.826.0.1.3680043.2.1125.1.88135573331713893426483596553338424.png,/head/NFS/mkuyokwa/lungcxr/lung_cxr_segmentation/tb-inference-results/segments/tb_full/1.2.826.0.1.3680043.2.1125.1.88135573331713893426483596553338424.nrrd,1,1,0.99939895,bad,0.9999948740005493,True,True,/head/NFS/mkuyokwa/lungcxr/classification-pipeline/gradcam/overlays/1.2.826.0.1.3680043.2.1125.1.88135573331713893426483596553338424_gradcam.png,25318.119140625,13885.43359375,0.6458118556797333,1,252,mask_bbox_midline
/head/NFS/mkuyokwa/lungcxr/lung_cxr_segmentation/TB_Positive/1.2.826.0.1.3680043.2.1125.1.67793693001900567832616200558253680.png,/head/NFS/mkuyokwa/lungcxr/lung_cxr_segmentation/tb-inference-results/segments/tb_full/1.2.826.0.1.3680043.2.1125.1.67793693001900567832616200558253680.nrrd,1,1,0.99838257,bad,0.9991099238395691,True,True,/head/NFS/mkuyokwa/lungcxr/classification-pipeline/gradcam/overlays/1.2.826.0.1.3680043.2.1125.1.67793693001900567832616200558253680_gradcam.png,17675.73828125,19006.580078125,0.48185990067698553,0,248,mask_bbox_midline
/head/NFS/mkuyokwa/lungcxr/lung_cxr_segmentation/TB_Positive/2.25.233126824719223127591062945962323964313.png,/head/NFS/mkuyokwa/lungcxr/lung_cxr_segmentation/tb-inference-results/segments/tb_full/2.25.233126824719223127591062945962323964313.nrrd,1,1,0.9998056,bad,0.9946464896202087,True,True,/head/NFS/mkuyokwa/lungcxr/classification-pipeline/gradcam/overlays/2.25.233126824719223127591062945962323964313_gradcam.png,11679.984375,6873.2177734375,0.6295400805506588,1,264,mask_bbox_midline
/head/NFS/mkuyokwa/lungcxr/lung_cxr_segmentation/TB_Positive/1.2.826.0.1.3680043.2.1125.1.42928639378024587275641233674218541.png,/head/NFS/mkuyokwa/lungcxr/lung_cxr_segmentation/tb-inference-results/segments/tb_full/1.2.826.0.1.3680043.2.1125.1.42928639378024587275641233674218541.nrrd,1,1,0.99977976,bad,0.9984692931175232,True,True,/head/NFS/mkuyokwa/lungcxr/classification-pipeline/gradcam/overlays/1.2.826.0.1.3680043.2.1125.1.42928639378024587275641233674218541_gradcam.png,15021.2255859375,9792.580078125,0.6053575896136133,1,267,mask_bbox_midline
/head/NFS/mkuyokwa/lungcxr/lung_cxr_segmentation/TB_Positive/1.2.826.0.1.3680043.2.1125.1.79314608361999685158844733506257602.png,/head/NFS/mkuyokwa/lungcxr/lung_cxr_segmentation/tb-inference-results/segments/tb_full/1.2.826.0.1.3680043.2.1125.1.79314608361999685158844733506257602.nrrd,1,1,0.9936283,bad,0.9993677735328674,True,True,/head/NFS/mkuyokwa/lungcxr/classification-pipeline/gradcam/overlays/1.2.826.0.1.3680043.2.1125.1.79314608361999685158844733506257602_gradcam.png,17393.541015625,10610.720703125,0.6211033588498179,1,264,mask_bbox_midline
/head/NFS/mkuyokwa/lungcxr/lung_cxr_segmentation/TB_Positive/1.3.6.1.4.1.25403.163683357445804.11044.20131119114513.63.png,/head/NFS/mkuyokwa/lungcxr/lung_cxr_segmentation/tb-inference-results/segments/tb_full/1.3.6.1.4.1.25403.163683357445804.11044.20131119114513.63.nrrd,1,1,0.99852633,bad,0.9999715089797974,True,True,/head/NFS/mkuyokwa/lungcxr/classification-pipeline/gradcam/overlays/1.3.6.1.4.1.25403.163683357445804.11044.20131119114513.63_gradcam.png,21796.3046875,13456.6201171875,0.6182835837950613,1,254,mask_bbox_midline
/head/NFS/mkuyokwa/lungcxr/lung_cxr_segmentation/TB_Positive/1.2.826.0.1.3680043.2.1125.1.76017934793492302644834824606386461.png,/head/NFS/mkuyokwa/lungcxr/lung_cxr_segmentation/tb-inference-results/segments/tb_full/1.2.826.0.1.3680043.2.1125.1.76017934793492302644834824606386461.nrrd,1,1,0.9996026,bad,0.9979971051216125,True,True,/head/NFS/mkuyokwa/lungcxr/classification-pipeline/gradcam/overlays/1.2.826.0.1.3680043.2.1125.1.76017934793492302644834824606386461_gradcam.png,23066.1171875,9514.9609375,0.707960525400815,1,222,mask_bbox_midline
/head/NFS/mkuyokwa/lungcxr/lung_cxr_segmentation/TB_Positive/2.25.324884515232667427883643983999141550388.png,/head/NFS/mkuyokwa/lungcxr/lung_cxr_segmentation/tb-inference-results/segments/tb_full/2.25.324884515232667427883643983999141550388.nrrd,1,1,0.999605,bad,0.9995495676994324,True,True,/head/NFS/mkuyokwa/lungcxr/classification-pipeline/gradcam/overlays/2.25.324884515232667427883643983999141550388_gradcam.png,17885.984375,10404.7275390625,0.6322210776926187,1,286,mask_bbox_midline
/head/NFS/mkuyokwa/lungcxr/lung_cxr_segmentation/TB_Positive/1.2.826.0.1.3680043.2.1125.1.56619312630249687551913453550559808.png,/head/NFS/mkuyokwa/lungcxr/lung_cxr_segmentation/tb-inference-results/segments/tb_full/1.2.826.0.1.3680043.2.1125.1.56619312630249687551913453550559808.nrrd,1,1,0.9999324,bad,0.9847704172134399,True,True,/head/NFS/mkuyokwa/lungcxr/classification-pipeline/gradcam/overlays/1.2.826.0.1.3680043.2.1125.1.56619312630249687551913453550559808_gradcam.png,10039.0810546875,8784.3515625,0.5333289235206181,1,252,mask_bbox_midline
/head/NFS/mkuyokwa/lungcxr/lung_cxr_segmentation/TB_Positive/2.25.279705702132659890237100837815783507261.png,/head/NFS/mkuyokwa/lungcxr/lung_cxr_segmentation/tb-inference-results/segments/tb_full/2.25.279705702132659890237100837815783507261.nrrd,1,1,0.9995646,bad,0.99968421459198,True,True,/head/NFS/mkuyokwa/lungcxr/classification-pipeline/gradcam/overlays/2.25.279705702132659890237100837815783507261_gradcam.png,25012.15234375,14081.033203125,0.6398084984340551,1,234,mask_bbox_midline
/head/NFS/mkuyokwa/lungcxr/lung_cxr_segmentation/TB_Positive/2.25.268734302834378773165382314996632753350.png,/head/NFS/mkuyokwa/lungcxr/lung_cxr_segmentation/tb-inference-results/segments/tb_full/2.25.268734302834378773165382314996632753350.nrrd,1,1,0.99972624,bad,0.9997841715812683,True,True,/head/NFS/mkuyokwa/lungcxr/classification-pipeline/gradcam/overlays/2.25.268734302834378773165382314996632753350_gradcam.png,25101.7890625,13708.302734375,0.6467850989345303,1,266,mask_bbox_midline
/head/NFS/mkuyokwa/lungcxr/lung_cxr_segmentation/TB_Positive/1.2.826.0.1.3680043.2.1125.1.43770816326843854086415170627190194.png,/head/NFS/mkuyokwa/lungcxr/lung_cxr_segmentation/tb-inference-results/segments/tb_full/1.2.826.0.1.3680043.2.1125.1.43770816326843854086415170627190194.nrrd,1,1,0.99550784,bad,0.9999370574951172,True,True,/head/NFS/mkuyokwa/lungcxr/classification-pipeline/gradcam/overlays/1.2.826.0.1.3680043.2.1125.1.43770816326843854086415170627190194_gradcam.png,20593.421875,17938.86328125,0.5344459014432398,1,256,mask_bbox_midline
/head/NFS/mkuyokwa/lungcxr/lung_cxr_segmentation/TB_Positive/2.25.226464371998319026373594187029571641834.png,/head/NFS/mkuyokwa/lungcxr/lung_cxr_segmentation/tb-inference-results/segments/tb_full/2.25.226464371998319026373594187029571641834.nrrd,1,1,0.9996481,bad,0.9989964365959167,True,True,/head/NFS/mkuyokwa/lungcxr/classification-pipeline/gradcam/overlays/2.25.226464371998319026373594187029571641834_gradcam.png,22128.18359375,12034.66796875,0.6477264801290693,1,260,mask_bbox_midline
/head/NFS/mkuyokwa/lungcxr/lung_cxr_segmentation/TB_Positive/2.25.127182535895749268178067667168285050823.png,/head/NFS/mkuyokwa/lungcxr/lung_cxr_segmentation/tb-inference-results/segments/tb_full/2.25.127182535895749268178067667168285050823.nrrd,1,1,0.99966943,bad,0.9998138546943665,True,True,/head/NFS/mkuyokwa/lungcxr/classification-pipeline/gradcam/overlays/2.25.127182535895749268178067667168285050823_gradcam.png,18780.96484375,16315.283203125,0.5351274249790434,1,255,mask_bbox_midline
/head/NFS/mkuyokwa/lungcxr/lung_cxr_segmentation/TB_Positive/2.25.279181293619640961045733168728688046774.png,/head/NFS/mkuyokwa/lungcxr/lung_cxr_segmentation/tb-inference-results/segments/tb_full/2.25.279181293619640961045733168728688046774.nrrd,1,1,0.9999087,bad,0.9999233484268188,True,True,/head/NFS/mkuyokwa/lungcxr/classification-pipeline/gradcam/overlays/2.25.279181293619640961045733168728688046774_gradcam.png,15301.298828125,7897.6943359375,0.6595673665626232,1,281,mask_bbox_midline
/head/NFS/mkuyokwa/lungcxr/lung_cxr_segmentation/TB_Positive/2.25.269059817803199129780613838303428461453.png,/head/NFS/mkuyokwa/lungcxr/lung_cxr_segmentation/tb-inference-results/segments/tb_full/2.25.269059817803199129780613838303428461453.nrrd,1,1,0.9933768,bad,0.9902259707450867,True,True,/head/NFS/mkuyokwa/lungcxr/classification-pipeline/gradcam/overlays/2.25.269059817803199129780613838303428461453_gradcam.png,6083.5859375,2890.05615234375,0.677939444942352,1,248,mask_bbox_midline
/head/NFS/mkuyokwa/lungcxr/lung_cxr_segmentation/TB_Positive/1.2.826.0.1.3680043.2.1125.1.27296157545880888741853265883431627.png,/head/NFS/mkuyokwa/lungcxr/lung_cxr_segmentation/tb-inference-results/segments/tb_full/1.2.826.0.1.3680043.2.1125.1.27296157545880888741853265883431627.nrrd,1,1,0.9999827,bad,0.9997332692146301,True,True,/head/NFS/mkuyokwa/lungcxr/classification-pipeline/gradcam/overlays/1.2.826.0.1.3680043.2.1125.1.27296157545880888741853265883431627_gradcam.png,21085.8046875,17291.25,0.5494378049383757,1,252,mask_bbox_midline
/head/NFS/mkuyokwa/lungcxr/lung_cxr_segmentation/TB_Positive/1.2.826.0.1.3680043.2.1125.1.29287547201699572488774639950281109.png,/head/NFS/mkuyokwa/lungcxr/lung_cxr_segmentation/tb-inference-results/segments/tb_full/1.2.826.0.1.3680043.2.1125.1.29287547201699572488774639950281109.nrrd,1,1,0.99968994,bad,0.9997532963752747,True,True,/head/NFS/mkuyokwa/lungcxr/classification-pipeline/gradcam/overlays/1.2.826.0.1.3680043.2.1125.1.29287547201699572488774639950281109_gradcam.png,19382.912109375,28561.78125,0.40427648507600494,0,260,mask_bbox_midline
/head/NFS/mkuyokwa/lungcxr/lung_cxr_segmentation/TB_Positive/2.25.94779172553931614097172438144958971092.png,/head/NFS/mkuyokwa/lungcxr/lung_cxr_segmentation/tb-inference-results/segments/tb_full/2.25.94779172553931614097172438144958971092.nrrd,1,1,0.99328095,bad,0.9998200535774231,True,True,/head/NFS/mkuyokwa/lungcxr/classification-pipeline/gradcam/overlays/2.25.94779172553931614097172438144958971092_gradcam.png,10765.6826171875,19523.6796875,0.355427839942389,0,261,mask_bbox_midline
/head/NFS/mkuyokwa/lungcxr/lung_cxr_segmentation/TB_Positive/1.2.826.0.1.3680043.2.1125.1.24888457969614118930674547330335108.png,/head/NFS/mkuyokwa/lungcxr/lung_cxr_segmentation/tb-inference-results/segments/tb_full/1.2.826.0.1.3680043.2.1125.1.24888457969614118930674547330335108.nrrd,1,1,0.9999827,bad,0.9998565912246704,True,True,/head/NFS/mkuyokwa/lungcxr/classification-pipeline/gradcam/overlays/1.2.826.0.1.3680043.2.1125.1.24888457969614118930674547330335108_gradcam.png,13023.5478515625,17617.3515625,0.42503804067792483,0,267,mask_bbox_midline
/head/NFS/mkuyokwa/lungcxr/lung_cxr_segmentation/TB_Positive/2.25.241726067534929227929566978859061296071.png,/head/NFS/mkuyokwa/lungcxr/lung_cxr_segmentation/tb-inference-results/segments/tb_full/2.25.241726067534929227929566978859061296071.nrrd,1,1,0.9996705,bad,0.9981050491333008,True,True,/head/NFS/mkuyokwa/lungcxr/classification-pipeline/gradcam/overlays/2.25.241726067534929227929566978859061296071_gradcam.png,5588.9599609375,5755.689453125,0.4926516242987277,0,236,mask_bbox_midline
/head/NFS/mkuyokwa/lungcxr/lung_cxr_segmentation/TB_Positive/1.2.826.0.1.3680043.2.1125.1.472908250050407978567427930288455.png,/head/NFS/mkuyokwa/lungcxr/lung_cxr_segmentation/tb-inference-results/segments/tb_full/1.2.826.0.1.3680043.2.1125.1.472908250050407978567427930288455.nrrd,1,1,0.9998498,bad,0.9999417066574097,True,True,/head/NFS/mkuyokwa/lungcxr/classification-pipeline/gradcam/overlays/1.2.826.0.1.3680043.2.1125.1.472908250050407978567427930288455_gradcam.png,21096.8515625,15872.041015625,0.5706649588682376,1,267,mask_bbox_midline
/head/NFS/mkuyokwa/lungcxr/lung_cxr_segmentation/TB_Positive/1.2.826.0.1.3680043.2.1125.1.65606542281497941653100633419193504.png,/head/NFS/mkuyokwa/lungcxr/lung_cxr_segmentation/tb-inference-results/segments/tb_full/1.2.826.0.1.3680043.2.1125.1.65606542281497941653100633419193504.nrrd,1,1,0.9995906,bad,0.9999490976333618,True,True,/head/NFS/mkuyokwa/lungcxr/classification-pipeline/gradcam/overlays/1.2.826.0.1.3680043.2.1125.1.65606542281497941653100633419193504_gradcam.png,19244.357421875,15365.861328125,0.5560310832151271,1,274,mask_bbox_midline
/head/NFS/mkuyokwa/lungcxr/lung_cxr_segmentation/TB_Positive/1.3.6.1.4.1.25403.158515237678667.5060.20130807022234.12.png,/head/NFS/mkuyokwa/lungcxr/lung_cxr_segmentation/tb-inference-results/segments/tb_full/1.3.6.1.4.1.25403.158515237678667.5060.20130807022234.12.nrrd,1,1,0.9989235,bad,0.999941349029541,True,True,/head/NFS/mkuyokwa/lungcxr/classification-pipeline/gradcam/overlays/1.3.6.1.4.1.25403.158515237678667.5060.20130807022234.12_gradcam.png,20561.876953125,9374.9814453125,0.6868415075310037,1,248,mask_bbox_midline
/head/NFS/mkuyokwa/lungcxr/lung_cxr_segmentation/TB_Positive/1.2.826.0.1.3680043.2.1125.1.17158017992896142347410197344217011.png,/head/NFS/mkuyokwa/lungcxr/lung_cxr_segmentation/tb-inference-results/segments/tb_full/1.2.826.0.1.3680043.2.1125.1.17158017992896142347410197344217011.nrrd,1,1,0.99888486,bad,0.9998949766159058,True,True,/head/NFS/mkuyokwa/lungcxr/classification-pipeline/gradcam/overlays/1.2.826.0.1.3680043.2.1125.1.17158017992896142347410197344217011_gradcam.png,25318.94140625,21741.95703125,0.53800378332928,1,253,mask_bbox_midline
/head/NFS/mkuyokwa/lungcxr/lung_cxr_segmentation/TB_Positive/1.2.826.0.1.3680043.2.1125.1.78643210563645378231205020394674627.png,/head/NFS/mkuyokwa/lungcxr/lung_cxr_segmentation/tb-inference-results/segments/tb_full/1.2.826.0.1.3680043.2.1125.1.78643210563645378231205020394674627.nrrd,1,1,0.9998061,bad,0.9999064207077026,True,True,/head/NFS/mkuyokwa/lungcxr/classification-pipeline/gradcam/overlays/1.2.826.0.1.3680043.2.1125.1.78643210563645378231205020394674627_gradcam.png,21235.9296875,13913.619140625,0.6041593817132588,1,256,mask_bbox_midline
/head/NFS/mkuyokwa/lungcxr/lung_cxr_segmentation/TB_Positive/2.25.238727795651504254265294379433642680035.png,/head/NFS/mkuyokwa/lungcxr/lung_cxr_segmentation/tb-inference-results/segments/tb_full/2.25.238727795651504254265294379433642680035.nrrd,1,1,0.9996718,bad,0.9999771118164062,True,True,/head/NFS/mkuyokwa/lungcxr/classification-pipeline/gradcam/overlays/2.25.238727795651504254265294379433642680035_gradcam.png,17929.896484375,16720.69140625,0.5174485506846503,1,253,mask_bbox_midline
/head/NFS/mkuyokwa/lungcxr/lung_cxr_segmentation/TB_Positive/1.2.826.0.1.3680043.2.1125.1.64977174613786889768369145603024184.png,/head/NFS/mkuyokwa/lungcxr/lung_cxr_segmentation/tb-inference-results/segments/tb_full/1.2.826.0.1.3680043.2.1125.1.64977174613786889768369145603024184.nrrd,1,1,0.99951303,bad,0.9942945837974548,True,True,/head/NFS/mkuyokwa/lungcxr/classification-pipeline/gradcam/overlays/1.2.826.0.1.3680043.2.1125.1.64977174613786889768369145603024184_gradcam.png,16556.705078125,11500.8125,0.5900987153273107,1,263,mask_bbox_midline
